ISO-10303-21;
HEADER;
FILE_DESCRIPTION(('KiCad electronic assembly'),'2;1');
FILE_NAME('WatchESP.step','2026-09-16T04:45:37',('Pcbnew'),('Kicad'),
  'Open CASCADE STEP processor 7.9','KiCad to STEP converter','Unknown'
  );
FILE_SCHEMA(('AUTOMOTIVE_DESIGN { 1 0 10303 214 1 1 1 1 }'));
ENDSEC;
DATA;
#1 = APPLICATION_PROTOCOL_DEFINITION('international standard',
  'automotive_design',2000,#2);
#2 = APPLICATION_CONTEXT(
  'core data for automotive mechanical design processes');
#3 = SHAPE_DEFINITION_REPRESENTATION(#4,#10);
#4 = PRODUCT_DEFINITION_SHAPE('','',#5);
#5 = PRODUCT_DEFINITION('design','',#6,#9);
#6 = PRODUCT_DEFINITION_FORMATION('','',#7);
#7 = PRODUCT('WatchESP 1','WatchESP 1','',(#8));
#8 = PRODUCT_CONTEXT('',#2,'mechanical');
#9 = PRODUCT_DEFINITION_CONTEXT('part definition',#2,'design');
#10 = SHAPE_REPRESENTATION('',(#11,#15,#19,#23,#27,#31,#35,#39,#43,#47,
    #51,#55,#59,#63,#67,#71,#75,#79,#83,#87,#91,#95,#99,#103,#107,#111,
    #115,#119,#123,#127,#131,#135,#139,#143,#147,#151),#155);
#11 = AXIS2_PLACEMENT_3D('',#12,#13,#14);
#12 = CARTESIAN_POINT('',(0.,0.,0.));
#13 = DIRECTION('',(0.,0.,1.));
#14 = DIRECTION('',(1.,0.,-0.));
#15 = AXIS2_PLACEMENT_3D('',#16,#17,#18);
#16 = CARTESIAN_POINT('',(129.904035,-61.503754,1.595));
#17 = DIRECTION('',(0.,0.,1.));
#18 = DIRECTION('',(1.,0.,0.));
#19 = AXIS2_PLACEMENT_3D('',#20,#21,#22);
#20 = CARTESIAN_POINT('',(119.839553,-51.008171,1.595));
#21 = DIRECTION('',(-0.,0.,1.));
#22 = DIRECTION('',(1.110223024625E-16,-1.,0.));
#23 = AXIS2_PLACEMENT_3D('',#24,#25,#26);
#24 = CARTESIAN_POINT('',(140.,-50.5,1.595));
#25 = DIRECTION('',(-0.,0.,1.));
#26 = DIRECTION('',(1.110223024625E-16,-1.,0.));
#27 = AXIS2_PLACEMENT_3D('',#28,#29,#30);
#28 = CARTESIAN_POINT('',(133.5,-61.5,1.595));
#29 = DIRECTION('',(0.,0.,1.));
#30 = DIRECTION('',(-1.,1.224646799147E-16,0.));
#31 = AXIS2_PLACEMENT_3D('',#32,#33,#34);
#32 = CARTESIAN_POINT('',(122.5,-58.,1.595));
#33 = DIRECTION('',(0.,0.,1.));
#34 = DIRECTION('',(1.,0.,0.));
#35 = AXIS2_PLACEMENT_3D('',#36,#37,#38);
#36 = CARTESIAN_POINT('',(111.84055,-29.483452,1.595));
#37 = DIRECTION('',(0.,0.,1.));
#38 = DIRECTION('',(1.,0.,0.));
#39 = AXIS2_PLACEMENT_3D('',#40,#41,#42);
#40 = CARTESIAN_POINT('',(137.864013,-23.,1.595));
#41 = DIRECTION('',(0.,-0.,1.));
#42 = DIRECTION('',(1.110223024625E-16,1.,0.));
#43 = AXIS2_PLACEMENT_3D('',#44,#45,#46);
#44 = CARTESIAN_POINT('',(112.741536,-42.707684,1.595));
#45 = DIRECTION('',(0.,0.,1.));
#46 = DIRECTION('',(-1.,1.224646799147E-16,0.));
#47 = AXIS2_PLACEMENT_3D('',#48,#49,#50);
#48 = CARTESIAN_POINT('',(137.493776,-27.5,1.595));
#49 = DIRECTION('',(0.,-0.,1.));
#50 = DIRECTION('',(1.110223024625E-16,1.,0.));
#51 = AXIS2_PLACEMENT_3D('',#52,#53,#54);
#52 = CARTESIAN_POINT('',(140.702167,-21.145239,1.595));
#53 = DIRECTION('',(0.,0.,1.));
#54 = DIRECTION('',(1.,0.,0.));
#55 = AXIS2_PLACEMENT_3D('',#56,#57,#58);
#56 = CARTESIAN_POINT('',(130.,-50.5,1.595));
#57 = DIRECTION('',(0.,0.,1.));
#58 = DIRECTION('',(1.,0.,0.));
#59 = AXIS2_PLACEMENT_3D('',#60,#61,#62);
#60 = CARTESIAN_POINT('',(120.5,-54.5,1.595));
#61 = DIRECTION('',(0.,0.,1.));
#62 = DIRECTION('',(-1.,1.224646799147E-16,0.));
#63 = AXIS2_PLACEMENT_3D('',#64,#65,#66);
#64 = CARTESIAN_POINT('',(126.3625,-60.,1.595));
#65 = DIRECTION('',(0.,0.,1.));
#66 = DIRECTION('',(-1.,1.224646799147E-16,0.));
#67 = AXIS2_PLACEMENT_3D('',#68,#69,#70);
#68 = CARTESIAN_POINT('',(131.791162,-48.838862,1.595));
#69 = DIRECTION('',(0.,0.,1.));
#70 = DIRECTION('',(-1.,1.224646799147E-16,0.));
#71 = AXIS2_PLACEMENT_3D('',#72,#73,#74);
#72 = CARTESIAN_POINT('',(135.5,-49.,1.595));
#73 = DIRECTION('',(0.,0.,1.));
#74 = DIRECTION('',(-1.,1.224646799147E-16,0.));
#75 = AXIS2_PLACEMENT_3D('',#76,#77,#78);
#76 = CARTESIAN_POINT('',(115.5,-47.6375,1.595));
#77 = DIRECTION('',(-0.,0.,1.));
#78 = DIRECTION('',(1.110223024625E-16,-1.,0.));
#79 = AXIS2_PLACEMENT_3D('',#80,#81,#82);
#80 = CARTESIAN_POINT('',(113.99331,-20.73466,1.595));
#81 = DIRECTION('',(0.,0.,1.));
#82 = DIRECTION('',(-1.,1.224646799147E-16,0.));
#83 = AXIS2_PLACEMENT_3D('',#84,#85,#86);
#84 = CARTESIAN_POINT('',(118.5,-21.,1.595));
#85 = DIRECTION('',(0.,0.,1.));
#86 = DIRECTION('',(-1.,1.224646799147E-16,0.));
#87 = AXIS2_PLACEMENT_3D('',#88,#89,#90);
#88 = CARTESIAN_POINT('',(141.5,-31.443822,1.595));
#89 = DIRECTION('',(0.,-0.,1.));
#90 = DIRECTION('',(1.110223024625E-16,1.,0.));
#91 = AXIS2_PLACEMENT_3D('',#92,#93,#94);
#92 = CARTESIAN_POINT('',(119.734162,-26.5,1.595));
#93 = DIRECTION('',(-0.,0.,1.));
#94 = DIRECTION('',(1.110223024625E-16,-1.,0.));
#95 = AXIS2_PLACEMENT_3D('',#96,#97,#98);
#96 = CARTESIAN_POINT('',(139.,-31.5,1.595));
#97 = DIRECTION('',(0.,-0.,1.));
#98 = DIRECTION('',(1.110223024625E-16,1.,0.));
#99 = AXIS2_PLACEMENT_3D('',#100,#101,#102);
#100 = CARTESIAN_POINT('',(119.5,-57.,1.595));
#101 = DIRECTION('',(-0.,0.,1.));
#102 = DIRECTION('',(1.110223024625E-16,-1.,0.));
#103 = AXIS2_PLACEMENT_3D('',#104,#105,#106);
#104 = CARTESIAN_POINT('',(136.856898,-46.731144,1.595));
#105 = DIRECTION('',(0.,0.,1.));
#106 = DIRECTION('',(1.,0.,0.));
#107 = AXIS2_PLACEMENT_3D('',#108,#109,#110);
#108 = CARTESIAN_POINT('',(138.,-44.5,1.595));
#109 = DIRECTION('',(0.,0.,1.));
#110 = DIRECTION('',(1.,0.,0.));
#111 = AXIS2_PLACEMENT_3D('',#112,#113,#114);
#112 = CARTESIAN_POINT('',(122.242118,-56.090333,1.595));
#113 = DIRECTION('',(0.,0.,1.));
#114 = DIRECTION('',(1.,0.,0.));
#115 = AXIS2_PLACEMENT_3D('',#116,#117,#118);
#116 = CARTESIAN_POINT('',(116.291619,-30.407884,1.595));
#117 = DIRECTION('',(0.,0.,1.));
#118 = DIRECTION('',(1.,0.,0.));
#119 = AXIS2_PLACEMENT_3D('',#120,#121,#122);
#120 = CARTESIAN_POINT('',(137.538293,-61.5,1.595));
#121 = DIRECTION('',(0.,0.,1.));
#122 = DIRECTION('',(-1.,1.224646799147E-16,0.));
#123 = AXIS2_PLACEMENT_3D('',#124,#125,#126);
#124 = CARTESIAN_POINT('',(130.006203,-56.472865,1.595));
#125 = DIRECTION('',(0.,0.,1.));
#126 = DIRECTION('',(1.,0.,0.));
#127 = AXIS2_PLACEMENT_3D('',#128,#129,#130);
#128 = CARTESIAN_POINT('',(121.5,-51.,1.595));
#129 = DIRECTION('',(0.,-0.,1.));
#130 = DIRECTION('',(1.110223024625E-16,1.,0.));
#131 = AXIS2_PLACEMENT_3D('',#132,#133,#134);
#132 = CARTESIAN_POINT('',(136.1375,-58.5,1.595));
#133 = DIRECTION('',(0.,0.,1.));
#134 = DIRECTION('',(-1.,1.224646799147E-16,0.));
#135 = AXIS2_PLACEMENT_3D('',#136,#137,#138);
#136 = CARTESIAN_POINT('',(145.,-57.73,1.595));
#137 = DIRECTION('',(0.,0.,1.));
#138 = DIRECTION('',(1.,0.,0.));
#139 = AXIS2_PLACEMENT_3D('',#140,#141,#142);
#140 = CARTESIAN_POINT('',(139.,-35.,1.595));
#141 = DIRECTION('',(-0.,0.,1.));
#142 = DIRECTION('',(1.110223024625E-16,-1.,0.));
#143 = AXIS2_PLACEMENT_3D('',#144,#145,#146);
#144 = CARTESIAN_POINT('',(116.299442,-28.398326,1.595));
#145 = DIRECTION('',(0.,0.,1.));
#146 = DIRECTION('',(1.,0.,0.));
#147 = AXIS2_PLACEMENT_3D('',#148,#149,#150);
#148 = CARTESIAN_POINT('',(125.,-56.,1.595));
#149 = DIRECTION('',(-0.,0.,1.));
#150 = DIRECTION('',(1.110223024625E-16,-1.,0.));
#151 = AXIS2_PLACEMENT_3D('',#152,#153,#154);
#152 = CARTESIAN_POINT('',(0.,0.,0.));
#153 = DIRECTION('',(0.,0.,1.));
#154 = DIRECTION('',(1.,0.,-0.));
#155 = ( GEOMETRIC_REPRESENTATION_CONTEXT(3) 
GLOBAL_UNCERTAINTY_ASSIGNED_CONTEXT((#159)) GLOBAL_UNIT_ASSIGNED_CONTEXT
((#156,#157,#158)) REPRESENTATION_CONTEXT('Context #1',
  '3D Context with UNIT and UNCERTAINTY') );
#156 = ( LENGTH_UNIT() NAMED_UNIT(*) SI_UNIT(.MILLI.,.METRE.) );
#157 = ( NAMED_UNIT(*) PLANE_ANGLE_UNIT() SI_UNIT($,.RADIAN.) );
#158 = ( NAMED_UNIT(*) SI_UNIT($,.STERADIAN.) SOLID_ANGLE_UNIT() );
#159 = UNCERTAINTY_MEASURE_WITH_UNIT(LENGTH_MEASURE(1.E-07),#156,
  'distance_accuracy_value','confusion accuracy');
#160 = PRODUCT_RELATED_PRODUCT_CATEGORY('part',$,(#7));
#161 = SHAPE_DEFINITION_REPRESENTATION(#162,#168);
#162 = PRODUCT_DEFINITION_SHAPE('','',#163);
#163 = PRODUCT_DEFINITION('design','',#164,#167);
#164 = PRODUCT_DEFINITION_FORMATION('','',#165);
#165 = PRODUCT('C_0603_1608Metric','C_0603_1608Metric','',(#166));
#166 = PRODUCT_CONTEXT('',#2,'mechanical');
#167 = PRODUCT_DEFINITION_CONTEXT('part definition',#2,'design');
#168 = SHAPE_REPRESENTATION('',(#11,#169),#173);
#169 = AXIS2_PLACEMENT_3D('',#170,#171,#172);
#170 = CARTESIAN_POINT('',(0.,0.,0.));
#171 = DIRECTION('',(0.,0.,1.));
#172 = DIRECTION('',(1.,0.,-0.));
#173 = ( GEOMETRIC_REPRESENTATION_CONTEXT(3) 
GLOBAL_UNCERTAINTY_ASSIGNED_CONTEXT((#177)) GLOBAL_UNIT_ASSIGNED_CONTEXT
((#174,#175,#176)) REPRESENTATION_CONTEXT('Context #1',
  '3D Context with UNIT and UNCERTAINTY') );
#174 = ( LENGTH_UNIT() NAMED_UNIT(*) SI_UNIT(.MILLI.,.METRE.) );
#175 = ( NAMED_UNIT(*) PLANE_ANGLE_UNIT() SI_UNIT($,.RADIAN.) );
#176 = ( NAMED_UNIT(*) SI_UNIT($,.STERADIAN.) SOLID_ANGLE_UNIT() );
#177 = UNCERTAINTY_MEASURE_WITH_UNIT(LENGTH_MEASURE(1.E-07),#174,
  'distance_accuracy_value','confusion accuracy');
#178 = CONTEXT_DEPENDENT_SHAPE_REPRESENTATION(#179,#181);
#179 = ( REPRESENTATION_RELATIONSHIP('','',#168,#10) 
REPRESENTATION_RELATIONSHIP_WITH_TRANSFORMATION(#180) 
SHAPE_REPRESENTATION_RELATIONSHIP() );
#180 = ITEM_DEFINED_TRANSFORMATION('','',#11,#15);
#181 = PRODUCT_DEFINITION_SHAPE('Placement','Placement of an item',#182
  );
#182 = NEXT_ASSEMBLY_USAGE_OCCURRENCE('2','C9','',#5,#163,$);
#183 = PRODUCT_RELATED_PRODUCT_CATEGORY('part',$,(#165));
#184 = SHAPE_DEFINITION_REPRESENTATION(#185,#191);
#185 = PRODUCT_DEFINITION_SHAPE('','',#186);
#186 = PRODUCT_DEFINITION('design','',#187,#190);
#187 = PRODUCT_DEFINITION_FORMATION('','',#188);
#188 = PRODUCT('C_0603_1608Metric','C_0603_1608Metric','',(#189));
#189 = PRODUCT_CONTEXT('',#2,'mechanical');
#190 = PRODUCT_DEFINITION_CONTEXT('part definition',#2,'design');
#191 = ADVANCED_BREP_SHAPE_REPRESENTATION('',(#11,#192),#1046);
#192 = MANIFOLD_SOLID_BREP('',#193);
#193 = CLOSED_SHELL('',(#194,#270,#301,#326,#351,#375,#399,#424,#449,
    #466,#552,#584,#608,#633,#657,#682,#706,#731,#748,#834,#865,#890,
    #915,#939,#963,#988,#1013,#1030));
#194 = ADVANCED_FACE('',(#195),#265,.F.);
#195 = FACE_BOUND('',#196,.F.);
#196 = EDGE_LOOP('',(#197,#207,#216,#224,#233,#241,#250,#258));
#197 = ORIENTED_EDGE('',*,*,#198,.F.);
#198 = EDGE_CURVE('',#199,#201,#203,.T.);
#199 = VERTEX_POINT('',#200);
#200 = CARTESIAN_POINT('',(-0.8,-0.4,3.E-02));
#201 = VERTEX_POINT('',#202);
#202 = CARTESIAN_POINT('',(-0.8,-0.4,0.77));
#203 = LINE('',#204,#205);
#204 = CARTESIAN_POINT('',(-0.8,-0.4,0.));
#205 = VECTOR('',#206,1.);
#206 = DIRECTION('',(0.,0.,1.));
#207 = ORIENTED_EDGE('',*,*,#208,.T.);
#208 = EDGE_CURVE('',#199,#209,#211,.T.);
#209 = VERTEX_POINT('',#210);
#210 = CARTESIAN_POINT('',(-0.8,-0.37,0.));
#211 = CIRCLE('',#212,3.E-02);
#212 = AXIS2_PLACEMENT_3D('',#213,#214,#215);
#213 = CARTESIAN_POINT('',(-0.8,-0.37,3.E-02));
#214 = DIRECTION('',(1.,0.,-0.));
#215 = DIRECTION('',(0.,0.,1.));
#216 = ORIENTED_EDGE('',*,*,#217,.T.);
#217 = EDGE_CURVE('',#209,#218,#220,.T.);
#218 = VERTEX_POINT('',#219);
#219 = CARTESIAN_POINT('',(-0.8,0.37,0.));
#220 = LINE('',#221,#222);
#221 = CARTESIAN_POINT('',(-0.8,-0.4,0.));
#222 = VECTOR('',#223,1.);
#223 = DIRECTION('',(0.,1.,0.));
#224 = ORIENTED_EDGE('',*,*,#225,.F.);
#225 = EDGE_CURVE('',#226,#218,#228,.T.);
#226 = VERTEX_POINT('',#227);
#227 = CARTESIAN_POINT('',(-0.8,0.4,3.E-02));
#228 = CIRCLE('',#229,3.E-02);
#229 = AXIS2_PLACEMENT_3D('',#230,#231,#232);
#230 = CARTESIAN_POINT('',(-0.8,0.37,3.E-02));
#231 = DIRECTION('',(-1.,0.,0.));
#232 = DIRECTION('',(0.,0.,1.));
#233 = ORIENTED_EDGE('',*,*,#234,.T.);
#234 = EDGE_CURVE('',#226,#235,#237,.T.);
#235 = VERTEX_POINT('',#236);
#236 = CARTESIAN_POINT('',(-0.8,0.4,0.77));
#237 = LINE('',#238,#239);
#238 = CARTESIAN_POINT('',(-0.8,0.4,0.));
#239 = VECTOR('',#240,1.);
#240 = DIRECTION('',(0.,0.,1.));
#241 = ORIENTED_EDGE('',*,*,#242,.T.);
#242 = EDGE_CURVE('',#235,#243,#245,.T.);
#243 = VERTEX_POINT('',#244);
#244 = CARTESIAN_POINT('',(-0.8,0.37,0.8));
#245 = CIRCLE('',#246,3.E-02);
#246 = AXIS2_PLACEMENT_3D('',#247,#248,#249);
#247 = CARTESIAN_POINT('',(-0.8,0.37,0.77));
#248 = DIRECTION('',(1.,0.,-0.));
#249 = DIRECTION('',(0.,0.,1.));
#250 = ORIENTED_EDGE('',*,*,#251,.F.);
#251 = EDGE_CURVE('',#252,#243,#254,.T.);
#252 = VERTEX_POINT('',#253);
#253 = CARTESIAN_POINT('',(-0.8,-0.37,0.8));
#254 = LINE('',#255,#256);
#255 = CARTESIAN_POINT('',(-0.8,-0.4,0.8));
#256 = VECTOR('',#257,1.);
#257 = DIRECTION('',(0.,1.,0.));
#258 = ORIENTED_EDGE('',*,*,#259,.F.);
#259 = EDGE_CURVE('',#201,#252,#260,.T.);
#260 = CIRCLE('',#261,3.E-02);
#261 = AXIS2_PLACEMENT_3D('',#262,#263,#264);
#262 = CARTESIAN_POINT('',(-0.8,-0.37,0.77));
#263 = DIRECTION('',(-1.,0.,0.));
#264 = DIRECTION('',(0.,0.,1.));
#265 = PLANE('',#266);
#266 = AXIS2_PLACEMENT_3D('',#267,#268,#269);
#267 = CARTESIAN_POINT('',(-0.8,-0.4,0.));
#268 = DIRECTION('',(1.,0.,0.));
#269 = DIRECTION('',(0.,0.,1.));
#270 = ADVANCED_FACE('',(#271),#296,.F.);
#271 = FACE_BOUND('',#272,.F.);
#272 = EDGE_LOOP('',(#273,#283,#289,#290));
#273 = ORIENTED_EDGE('',*,*,#274,.F.);
#274 = EDGE_CURVE('',#275,#277,#279,.T.);
#275 = VERTEX_POINT('',#276);
#276 = CARTESIAN_POINT('',(-0.5,-0.4,3.E-02));
#277 = VERTEX_POINT('',#278);
#278 = CARTESIAN_POINT('',(-0.5,-0.4,0.77));
#279 = LINE('',#280,#281);
#280 = CARTESIAN_POINT('',(-0.5,-0.4,0.));
#281 = VECTOR('',#282,1.);
#282 = DIRECTION('',(0.,0.,1.));
#283 = ORIENTED_EDGE('',*,*,#284,.F.);
#284 = EDGE_CURVE('',#199,#275,#285,.T.);
#285 = LINE('',#286,#287);
#286 = CARTESIAN_POINT('',(-0.8,-0.4,3.E-02));
#287 = VECTOR('',#288,1.);
#288 = DIRECTION('',(1.,0.,0.));
#289 = ORIENTED_EDGE('',*,*,#198,.T.);
#290 = ORIENTED_EDGE('',*,*,#291,.T.);
#291 = EDGE_CURVE('',#201,#277,#292,.T.);
#292 = LINE('',#293,#294);
#293 = CARTESIAN_POINT('',(-0.8,-0.4,0.77));
#294 = VECTOR('',#295,1.);
#295 = DIRECTION('',(1.,0.,0.));
#296 = PLANE('',#297);
#297 = AXIS2_PLACEMENT_3D('',#298,#299,#300);
#298 = CARTESIAN_POINT('',(-0.8,-0.4,0.));
#299 = DIRECTION('',(0.,1.,0.));
#300 = DIRECTION('',(0.,-0.,1.));
#301 = ADVANCED_FACE('',(#302),#321,.T.);
#302 = FACE_BOUND('',#303,.T.);
#303 = EDGE_LOOP('',(#304,#305,#313,#320));
#304 = ORIENTED_EDGE('',*,*,#208,.T.);
#305 = ORIENTED_EDGE('',*,*,#306,.T.);
#306 = EDGE_CURVE('',#209,#307,#309,.T.);
#307 = VERTEX_POINT('',#308);
#308 = CARTESIAN_POINT('',(-0.5,-0.37,0.));
#309 = LINE('',#310,#311);
#310 = CARTESIAN_POINT('',(-0.8,-0.37,0.));
#311 = VECTOR('',#312,1.);
#312 = DIRECTION('',(1.,0.,0.));
#313 = ORIENTED_EDGE('',*,*,#314,.F.);
#314 = EDGE_CURVE('',#275,#307,#315,.T.);
#315 = CIRCLE('',#316,3.E-02);
#316 = AXIS2_PLACEMENT_3D('',#317,#318,#319);
#317 = CARTESIAN_POINT('',(-0.5,-0.37,3.E-02));
#318 = DIRECTION('',(1.,0.,-0.));
#319 = DIRECTION('',(0.,0.,1.));
#320 = ORIENTED_EDGE('',*,*,#284,.F.);
#321 = CYLINDRICAL_SURFACE('',#322,3.E-02);
#322 = AXIS2_PLACEMENT_3D('',#323,#324,#325);
#323 = CARTESIAN_POINT('',(-0.8,-0.37,3.E-02));
#324 = DIRECTION('',(1.,0.,0.));
#325 = DIRECTION('',(0.,-1.,0.));
#326 = ADVANCED_FACE('',(#327),#346,.T.);
#327 = FACE_BOUND('',#328,.T.);
#328 = EDGE_LOOP('',(#329,#330,#339,#345));
#329 = ORIENTED_EDGE('',*,*,#291,.T.);
#330 = ORIENTED_EDGE('',*,*,#331,.T.);
#331 = EDGE_CURVE('',#277,#332,#334,.T.);
#332 = VERTEX_POINT('',#333);
#333 = CARTESIAN_POINT('',(-0.5,-0.37,0.8));
#334 = CIRCLE('',#335,3.E-02);
#335 = AXIS2_PLACEMENT_3D('',#336,#337,#338);
#336 = CARTESIAN_POINT('',(-0.5,-0.37,0.77));
#337 = DIRECTION('',(-1.,0.,0.));
#338 = DIRECTION('',(0.,0.,1.));
#339 = ORIENTED_EDGE('',*,*,#340,.F.);
#340 = EDGE_CURVE('',#252,#332,#341,.T.);
#341 = LINE('',#342,#343);
#342 = CARTESIAN_POINT('',(-0.8,-0.37,0.8));
#343 = VECTOR('',#344,1.);
#344 = DIRECTION('',(1.,0.,0.));
#345 = ORIENTED_EDGE('',*,*,#259,.F.);
#346 = CYLINDRICAL_SURFACE('',#347,3.E-02);
#347 = AXIS2_PLACEMENT_3D('',#348,#349,#350);
#348 = CARTESIAN_POINT('',(-0.8,-0.37,0.77));
#349 = DIRECTION('',(1.,0.,0.));
#350 = DIRECTION('',(0.,-1.,0.));
#351 = ADVANCED_FACE('',(#352),#370,.F.);
#352 = FACE_BOUND('',#353,.F.);
#353 = EDGE_LOOP('',(#354,#355,#356,#364));
#354 = ORIENTED_EDGE('',*,*,#217,.F.);
#355 = ORIENTED_EDGE('',*,*,#306,.T.);
#356 = ORIENTED_EDGE('',*,*,#357,.T.);
#357 = EDGE_CURVE('',#307,#358,#360,.T.);
#358 = VERTEX_POINT('',#359);
#359 = CARTESIAN_POINT('',(-0.5,0.37,0.));
#360 = LINE('',#361,#362);
#361 = CARTESIAN_POINT('',(-0.5,-0.4,0.));
#362 = VECTOR('',#363,1.);
#363 = DIRECTION('',(0.,1.,0.));
#364 = ORIENTED_EDGE('',*,*,#365,.F.);
#365 = EDGE_CURVE('',#218,#358,#366,.T.);
#366 = LINE('',#367,#368);
#367 = CARTESIAN_POINT('',(-0.8,0.37,0.));
#368 = VECTOR('',#369,1.);
#369 = DIRECTION('',(1.,0.,0.));
#370 = PLANE('',#371);
#371 = AXIS2_PLACEMENT_3D('',#372,#373,#374);
#372 = CARTESIAN_POINT('',(-0.8,-0.4,0.));
#373 = DIRECTION('',(0.,0.,1.));
#374 = DIRECTION('',(1.,0.,-0.));
#375 = ADVANCED_FACE('',(#376),#394,.T.);
#376 = FACE_BOUND('',#377,.T.);
#377 = EDGE_LOOP('',(#378,#379,#380,#388));
#378 = ORIENTED_EDGE('',*,*,#251,.F.);
#379 = ORIENTED_EDGE('',*,*,#340,.T.);
#380 = ORIENTED_EDGE('',*,*,#381,.T.);
#381 = EDGE_CURVE('',#332,#382,#384,.T.);
#382 = VERTEX_POINT('',#383);
#383 = CARTESIAN_POINT('',(-0.5,0.37,0.8));
#384 = LINE('',#385,#386);
#385 = CARTESIAN_POINT('',(-0.5,-0.4,0.8));
#386 = VECTOR('',#387,1.);
#387 = DIRECTION('',(0.,1.,0.));
#388 = ORIENTED_EDGE('',*,*,#389,.F.);
#389 = EDGE_CURVE('',#243,#382,#390,.T.);
#390 = LINE('',#391,#392);
#391 = CARTESIAN_POINT('',(-0.8,0.37,0.8));
#392 = VECTOR('',#393,1.);
#393 = DIRECTION('',(1.,0.,0.));
#394 = PLANE('',#395);
#395 = AXIS2_PLACEMENT_3D('',#396,#397,#398);
#396 = CARTESIAN_POINT('',(-0.8,-0.4,0.8));
#397 = DIRECTION('',(0.,0.,1.));
#398 = DIRECTION('',(1.,0.,-0.));
#399 = ADVANCED_FACE('',(#400),#419,.T.);
#400 = FACE_BOUND('',#401,.T.);
#401 = EDGE_LOOP('',(#402,#410,#417,#418));
#402 = ORIENTED_EDGE('',*,*,#403,.T.);
#403 = EDGE_CURVE('',#226,#404,#406,.T.);
#404 = VERTEX_POINT('',#405);
#405 = CARTESIAN_POINT('',(-0.5,0.4,3.E-02));
#406 = LINE('',#407,#408);
#407 = CARTESIAN_POINT('',(-0.8,0.4,3.E-02));
#408 = VECTOR('',#409,1.);
#409 = DIRECTION('',(1.,0.,0.));
#410 = ORIENTED_EDGE('',*,*,#411,.T.);
#411 = EDGE_CURVE('',#404,#358,#412,.T.);
#412 = CIRCLE('',#413,3.E-02);
#413 = AXIS2_PLACEMENT_3D('',#414,#415,#416);
#414 = CARTESIAN_POINT('',(-0.5,0.37,3.E-02));
#415 = DIRECTION('',(-1.,0.,0.));
#416 = DIRECTION('',(0.,0.,1.));
#417 = ORIENTED_EDGE('',*,*,#365,.F.);
#418 = ORIENTED_EDGE('',*,*,#225,.F.);
#419 = CYLINDRICAL_SURFACE('',#420,3.E-02);
#420 = AXIS2_PLACEMENT_3D('',#421,#422,#423);
#421 = CARTESIAN_POINT('',(-0.8,0.37,3.E-02));
#422 = DIRECTION('',(1.,0.,0.));
#423 = DIRECTION('',(-0.,1.,0.));
#424 = ADVANCED_FACE('',(#425),#444,.T.);
#425 = FACE_BOUND('',#426,.T.);
#426 = EDGE_LOOP('',(#427,#428,#429,#438));
#427 = ORIENTED_EDGE('',*,*,#242,.T.);
#428 = ORIENTED_EDGE('',*,*,#389,.T.);
#429 = ORIENTED_EDGE('',*,*,#430,.F.);
#430 = EDGE_CURVE('',#431,#382,#433,.T.);
#431 = VERTEX_POINT('',#432);
#432 = CARTESIAN_POINT('',(-0.5,0.4,0.77));
#433 = CIRCLE('',#434,3.E-02);
#434 = AXIS2_PLACEMENT_3D('',#435,#436,#437);
#435 = CARTESIAN_POINT('',(-0.5,0.37,0.77));
#436 = DIRECTION('',(1.,0.,-0.));
#437 = DIRECTION('',(0.,0.,1.));
#438 = ORIENTED_EDGE('',*,*,#439,.F.);
#439 = EDGE_CURVE('',#235,#431,#440,.T.);
#440 = LINE('',#441,#442);
#441 = CARTESIAN_POINT('',(-0.8,0.4,0.77));
#442 = VECTOR('',#443,1.);
#443 = DIRECTION('',(1.,0.,0.));
#444 = CYLINDRICAL_SURFACE('',#445,3.E-02);
#445 = AXIS2_PLACEMENT_3D('',#446,#447,#448);
#446 = CARTESIAN_POINT('',(-0.8,0.37,0.77));
#447 = DIRECTION('',(1.,0.,0.));
#448 = DIRECTION('',(-0.,1.,0.));
#449 = ADVANCED_FACE('',(#450),#461,.T.);
#450 = FACE_BOUND('',#451,.T.);
#451 = EDGE_LOOP('',(#452,#458,#459,#460));
#452 = ORIENTED_EDGE('',*,*,#453,.F.);
#453 = EDGE_CURVE('',#404,#431,#454,.T.);
#454 = LINE('',#455,#456);
#455 = CARTESIAN_POINT('',(-0.5,0.4,0.));
#456 = VECTOR('',#457,1.);
#457 = DIRECTION('',(0.,0.,1.));
#458 = ORIENTED_EDGE('',*,*,#403,.F.);
#459 = ORIENTED_EDGE('',*,*,#234,.T.);
#460 = ORIENTED_EDGE('',*,*,#439,.T.);
#461 = PLANE('',#462);
#462 = AXIS2_PLACEMENT_3D('',#463,#464,#465);
#463 = CARTESIAN_POINT('',(-0.8,0.4,0.));
#464 = DIRECTION('',(0.,1.,0.));
#465 = DIRECTION('',(0.,-0.,1.));
#466 = ADVANCED_FACE('',(#467,#477),#547,.T.);
#467 = FACE_BOUND('',#468,.T.);
#468 = EDGE_LOOP('',(#469,#470,#471,#472,#473,#474,#475,#476));
#469 = ORIENTED_EDGE('',*,*,#274,.F.);
#470 = ORIENTED_EDGE('',*,*,#314,.T.);
#471 = ORIENTED_EDGE('',*,*,#357,.T.);
#472 = ORIENTED_EDGE('',*,*,#411,.F.);
#473 = ORIENTED_EDGE('',*,*,#453,.T.);
#474 = ORIENTED_EDGE('',*,*,#430,.T.);
#475 = ORIENTED_EDGE('',*,*,#381,.F.);
#476 = ORIENTED_EDGE('',*,*,#331,.F.);
#477 = FACE_BOUND('',#478,.T.);
#478 = EDGE_LOOP('',(#479,#490,#498,#507,#515,#524,#532,#541));
#479 = ORIENTED_EDGE('',*,*,#480,.F.);
#480 = EDGE_CURVE('',#481,#483,#485,.T.);
#481 = VERTEX_POINT('',#482);
#482 = CARTESIAN_POINT('',(-0.5,-0.37,6.E-02));
#483 = VERTEX_POINT('',#484);
#484 = CARTESIAN_POINT('',(-0.5,-0.34,3.E-02));
#485 = CIRCLE('',#486,3.E-02);
#486 = AXIS2_PLACEMENT_3D('',#487,#488,#489);
#487 = CARTESIAN_POINT('',(-0.5,-0.34,6.E-02));
#488 = DIRECTION('',(1.,0.,-0.));
#489 = DIRECTION('',(0.,0.,1.));
#490 = ORIENTED_EDGE('',*,*,#491,.T.);
#491 = EDGE_CURVE('',#481,#492,#494,.T.);
#492 = VERTEX_POINT('',#493);
#493 = CARTESIAN_POINT('',(-0.5,-0.37,0.74));
#494 = LINE('',#495,#496);
#495 = CARTESIAN_POINT('',(-0.5,-0.37,3.E-02));
#496 = VECTOR('',#497,1.);
#497 = DIRECTION('',(0.,0.,1.));
#498 = ORIENTED_EDGE('',*,*,#499,.T.);
#499 = EDGE_CURVE('',#492,#500,#502,.T.);
#500 = VERTEX_POINT('',#501);
#501 = CARTESIAN_POINT('',(-0.5,-0.34,0.77));
#502 = CIRCLE('',#503,3.E-02);
#503 = AXIS2_PLACEMENT_3D('',#504,#505,#506);
#504 = CARTESIAN_POINT('',(-0.5,-0.34,0.74));
#505 = DIRECTION('',(-1.,0.,0.));
#506 = DIRECTION('',(0.,0.,1.));
#507 = ORIENTED_EDGE('',*,*,#508,.T.);
#508 = EDGE_CURVE('',#500,#509,#511,.T.);
#509 = VERTEX_POINT('',#510);
#510 = CARTESIAN_POINT('',(-0.5,0.34,0.77));
#511 = LINE('',#512,#513);
#512 = CARTESIAN_POINT('',(-0.5,-0.37,0.77));
#513 = VECTOR('',#514,1.);
#514 = DIRECTION('',(0.,1.,0.));
#515 = ORIENTED_EDGE('',*,*,#516,.F.);
#516 = EDGE_CURVE('',#517,#509,#519,.T.);
#517 = VERTEX_POINT('',#518);
#518 = CARTESIAN_POINT('',(-0.5,0.37,0.74));
#519 = CIRCLE('',#520,3.E-02);
#520 = AXIS2_PLACEMENT_3D('',#521,#522,#523);
#521 = CARTESIAN_POINT('',(-0.5,0.34,0.74));
#522 = DIRECTION('',(1.,0.,-0.));
#523 = DIRECTION('',(0.,0.,1.));
#524 = ORIENTED_EDGE('',*,*,#525,.F.);
#525 = EDGE_CURVE('',#526,#517,#528,.T.);
#526 = VERTEX_POINT('',#527);
#527 = CARTESIAN_POINT('',(-0.5,0.37,6.E-02));
#528 = LINE('',#529,#530);
#529 = CARTESIAN_POINT('',(-0.5,0.37,3.E-02));
#530 = VECTOR('',#531,1.);
#531 = DIRECTION('',(0.,0.,1.));
#532 = ORIENTED_EDGE('',*,*,#533,.T.);
#533 = EDGE_CURVE('',#526,#534,#536,.T.);
#534 = VERTEX_POINT('',#535);
#535 = CARTESIAN_POINT('',(-0.5,0.34,3.E-02));
#536 = CIRCLE('',#537,3.E-02);
#537 = AXIS2_PLACEMENT_3D('',#538,#539,#540);
#538 = CARTESIAN_POINT('',(-0.5,0.34,6.E-02));
#539 = DIRECTION('',(-1.,0.,0.));
#540 = DIRECTION('',(0.,0.,1.));
#541 = ORIENTED_EDGE('',*,*,#542,.F.);
#542 = EDGE_CURVE('',#483,#534,#543,.T.);
#543 = LINE('',#544,#545);
#544 = CARTESIAN_POINT('',(-0.5,-0.37,3.E-02));
#545 = VECTOR('',#546,1.);
#546 = DIRECTION('',(0.,1.,0.));
#547 = PLANE('',#548);
#548 = AXIS2_PLACEMENT_3D('',#549,#550,#551);
#549 = CARTESIAN_POINT('',(-0.5,-0.4,0.));
#550 = DIRECTION('',(1.,0.,0.));
#551 = DIRECTION('',(0.,0.,1.));
#552 = ADVANCED_FACE('',(#553),#579,.T.);
#553 = FACE_BOUND('',#554,.T.);
#554 = EDGE_LOOP('',(#555,#556,#564,#573));
#555 = ORIENTED_EDGE('',*,*,#480,.T.);
#556 = ORIENTED_EDGE('',*,*,#557,.T.);
#557 = EDGE_CURVE('',#483,#558,#560,.T.);
#558 = VERTEX_POINT('',#559);
#559 = CARTESIAN_POINT('',(0.5,-0.34,3.E-02));
#560 = LINE('',#561,#562);
#561 = CARTESIAN_POINT('',(-0.5,-0.34,3.E-02));
#562 = VECTOR('',#563,1.);
#563 = DIRECTION('',(1.,0.,0.));
#564 = ORIENTED_EDGE('',*,*,#565,.F.);
#565 = EDGE_CURVE('',#566,#558,#568,.T.);
#566 = VERTEX_POINT('',#567);
#567 = CARTESIAN_POINT('',(0.5,-0.37,6.E-02));
#568 = CIRCLE('',#569,3.E-02);
#569 = AXIS2_PLACEMENT_3D('',#570,#571,#572);
#570 = CARTESIAN_POINT('',(0.5,-0.34,6.E-02));
#571 = DIRECTION('',(1.,0.,-0.));
#572 = DIRECTION('',(0.,0.,1.));
#573 = ORIENTED_EDGE('',*,*,#574,.F.);
#574 = EDGE_CURVE('',#481,#566,#575,.T.);
#575 = LINE('',#576,#577);
#576 = CARTESIAN_POINT('',(-0.5,-0.37,6.E-02));
#577 = VECTOR('',#578,1.);
#578 = DIRECTION('',(1.,0.,0.));
#579 = CYLINDRICAL_SURFACE('',#580,3.E-02);
#580 = AXIS2_PLACEMENT_3D('',#581,#582,#583);
#581 = CARTESIAN_POINT('',(-0.5,-0.34,6.E-02));
#582 = DIRECTION('',(1.,0.,0.));
#583 = DIRECTION('',(0.,-1.,0.));
#584 = ADVANCED_FACE('',(#585),#603,.F.);
#585 = FACE_BOUND('',#586,.F.);
#586 = EDGE_LOOP('',(#587,#588,#589,#597));
#587 = ORIENTED_EDGE('',*,*,#542,.F.);
#588 = ORIENTED_EDGE('',*,*,#557,.T.);
#589 = ORIENTED_EDGE('',*,*,#590,.T.);
#590 = EDGE_CURVE('',#558,#591,#593,.T.);
#591 = VERTEX_POINT('',#592);
#592 = CARTESIAN_POINT('',(0.5,0.34,3.E-02));
#593 = LINE('',#594,#595);
#594 = CARTESIAN_POINT('',(0.5,-0.37,3.E-02));
#595 = VECTOR('',#596,1.);
#596 = DIRECTION('',(0.,1.,0.));
#597 = ORIENTED_EDGE('',*,*,#598,.F.);
#598 = EDGE_CURVE('',#534,#591,#599,.T.);
#599 = LINE('',#600,#601);
#600 = CARTESIAN_POINT('',(-0.5,0.34,3.E-02));
#601 = VECTOR('',#602,1.);
#602 = DIRECTION('',(1.,0.,0.));
#603 = PLANE('',#604);
#604 = AXIS2_PLACEMENT_3D('',#605,#606,#607);
#605 = CARTESIAN_POINT('',(-0.5,-0.37,3.E-02));
#606 = DIRECTION('',(0.,0.,1.));
#607 = DIRECTION('',(1.,0.,-0.));
#608 = ADVANCED_FACE('',(#609),#628,.T.);
#609 = FACE_BOUND('',#610,.T.);
#610 = EDGE_LOOP('',(#611,#619,#626,#627));
#611 = ORIENTED_EDGE('',*,*,#612,.T.);
#612 = EDGE_CURVE('',#526,#613,#615,.T.);
#613 = VERTEX_POINT('',#614);
#614 = CARTESIAN_POINT('',(0.5,0.37,6.E-02));
#615 = LINE('',#616,#617);
#616 = CARTESIAN_POINT('',(-0.5,0.37,6.E-02));
#617 = VECTOR('',#618,1.);
#618 = DIRECTION('',(1.,0.,0.));
#619 = ORIENTED_EDGE('',*,*,#620,.T.);
#620 = EDGE_CURVE('',#613,#591,#621,.T.);
#621 = CIRCLE('',#622,3.E-02);
#622 = AXIS2_PLACEMENT_3D('',#623,#624,#625);
#623 = CARTESIAN_POINT('',(0.5,0.34,6.E-02));
#624 = DIRECTION('',(-1.,0.,0.));
#625 = DIRECTION('',(0.,0.,1.));
#626 = ORIENTED_EDGE('',*,*,#598,.F.);
#627 = ORIENTED_EDGE('',*,*,#533,.F.);
#628 = CYLINDRICAL_SURFACE('',#629,3.E-02);
#629 = AXIS2_PLACEMENT_3D('',#630,#631,#632);
#630 = CARTESIAN_POINT('',(-0.5,0.34,6.E-02));
#631 = DIRECTION('',(1.,0.,0.));
#632 = DIRECTION('',(-0.,1.,0.));
#633 = ADVANCED_FACE('',(#634),#652,.T.);
#634 = FACE_BOUND('',#635,.T.);
#635 = EDGE_LOOP('',(#636,#644,#645,#646));
#636 = ORIENTED_EDGE('',*,*,#637,.F.);
#637 = EDGE_CURVE('',#613,#638,#640,.T.);
#638 = VERTEX_POINT('',#639);
#639 = CARTESIAN_POINT('',(0.5,0.37,0.74));
#640 = LINE('',#641,#642);
#641 = CARTESIAN_POINT('',(0.5,0.37,3.E-02));
#642 = VECTOR('',#643,1.);
#643 = DIRECTION('',(0.,0.,1.));
#644 = ORIENTED_EDGE('',*,*,#612,.F.);
#645 = ORIENTED_EDGE('',*,*,#525,.T.);
#646 = ORIENTED_EDGE('',*,*,#647,.T.);
#647 = EDGE_CURVE('',#517,#638,#648,.T.);
#648 = LINE('',#649,#650);
#649 = CARTESIAN_POINT('',(-0.5,0.37,0.74));
#650 = VECTOR('',#651,1.);
#651 = DIRECTION('',(1.,0.,0.));
#652 = PLANE('',#653);
#653 = AXIS2_PLACEMENT_3D('',#654,#655,#656);
#654 = CARTESIAN_POINT('',(-0.5,0.37,3.E-02));
#655 = DIRECTION('',(0.,1.,0.));
#656 = DIRECTION('',(0.,-0.,1.));
#657 = ADVANCED_FACE('',(#658),#677,.T.);
#658 = FACE_BOUND('',#659,.T.);
#659 = EDGE_LOOP('',(#660,#661,#669,#676));
#660 = ORIENTED_EDGE('',*,*,#516,.T.);
#661 = ORIENTED_EDGE('',*,*,#662,.T.);
#662 = EDGE_CURVE('',#509,#663,#665,.T.);
#663 = VERTEX_POINT('',#664);
#664 = CARTESIAN_POINT('',(0.5,0.34,0.77));
#665 = LINE('',#666,#667);
#666 = CARTESIAN_POINT('',(-0.5,0.34,0.77));
#667 = VECTOR('',#668,1.);
#668 = DIRECTION('',(1.,0.,0.));
#669 = ORIENTED_EDGE('',*,*,#670,.F.);
#670 = EDGE_CURVE('',#638,#663,#671,.T.);
#671 = CIRCLE('',#672,3.E-02);
#672 = AXIS2_PLACEMENT_3D('',#673,#674,#675);
#673 = CARTESIAN_POINT('',(0.5,0.34,0.74));
#674 = DIRECTION('',(1.,0.,-0.));
#675 = DIRECTION('',(0.,0.,1.));
#676 = ORIENTED_EDGE('',*,*,#647,.F.);
#677 = CYLINDRICAL_SURFACE('',#678,3.E-02);
#678 = AXIS2_PLACEMENT_3D('',#679,#680,#681);
#679 = CARTESIAN_POINT('',(-0.5,0.34,0.74));
#680 = DIRECTION('',(1.,0.,0.));
#681 = DIRECTION('',(-0.,1.,0.));
#682 = ADVANCED_FACE('',(#683),#701,.T.);
#683 = FACE_BOUND('',#684,.T.);
#684 = EDGE_LOOP('',(#685,#686,#694,#700));
#685 = ORIENTED_EDGE('',*,*,#508,.F.);
#686 = ORIENTED_EDGE('',*,*,#687,.T.);
#687 = EDGE_CURVE('',#500,#688,#690,.T.);
#688 = VERTEX_POINT('',#689);
#689 = CARTESIAN_POINT('',(0.5,-0.34,0.77));
#690 = LINE('',#691,#692);
#691 = CARTESIAN_POINT('',(-0.5,-0.34,0.77));
#692 = VECTOR('',#693,1.);
#693 = DIRECTION('',(1.,0.,0.));
#694 = ORIENTED_EDGE('',*,*,#695,.T.);
#695 = EDGE_CURVE('',#688,#663,#696,.T.);
#696 = LINE('',#697,#698);
#697 = CARTESIAN_POINT('',(0.5,-0.37,0.77));
#698 = VECTOR('',#699,1.);
#699 = DIRECTION('',(0.,1.,0.));
#700 = ORIENTED_EDGE('',*,*,#662,.F.);
#701 = PLANE('',#702);
#702 = AXIS2_PLACEMENT_3D('',#703,#704,#705);
#703 = CARTESIAN_POINT('',(-0.5,-0.37,0.77));
#704 = DIRECTION('',(0.,0.,1.));
#705 = DIRECTION('',(1.,0.,-0.));
#706 = ADVANCED_FACE('',(#707),#726,.T.);
#707 = FACE_BOUND('',#708,.T.);
#708 = EDGE_LOOP('',(#709,#717,#724,#725));
#709 = ORIENTED_EDGE('',*,*,#710,.T.);
#710 = EDGE_CURVE('',#492,#711,#713,.T.);
#711 = VERTEX_POINT('',#712);
#712 = CARTESIAN_POINT('',(0.5,-0.37,0.74));
#713 = LINE('',#714,#715);
#714 = CARTESIAN_POINT('',(-0.5,-0.37,0.74));
#715 = VECTOR('',#716,1.);
#716 = DIRECTION('',(1.,0.,0.));
#717 = ORIENTED_EDGE('',*,*,#718,.T.);
#718 = EDGE_CURVE('',#711,#688,#719,.T.);
#719 = CIRCLE('',#720,3.E-02);
#720 = AXIS2_PLACEMENT_3D('',#721,#722,#723);
#721 = CARTESIAN_POINT('',(0.5,-0.34,0.74));
#722 = DIRECTION('',(-1.,0.,0.));
#723 = DIRECTION('',(0.,0.,1.));
#724 = ORIENTED_EDGE('',*,*,#687,.F.);
#725 = ORIENTED_EDGE('',*,*,#499,.F.);
#726 = CYLINDRICAL_SURFACE('',#727,3.E-02);
#727 = AXIS2_PLACEMENT_3D('',#728,#729,#730);
#728 = CARTESIAN_POINT('',(-0.5,-0.34,0.74));
#729 = DIRECTION('',(1.,0.,0.));
#730 = DIRECTION('',(0.,-1.,0.));
#731 = ADVANCED_FACE('',(#732),#743,.F.);
#732 = FACE_BOUND('',#733,.F.);
#733 = EDGE_LOOP('',(#734,#740,#741,#742));
#734 = ORIENTED_EDGE('',*,*,#735,.F.);
#735 = EDGE_CURVE('',#566,#711,#736,.T.);
#736 = LINE('',#737,#738);
#737 = CARTESIAN_POINT('',(0.5,-0.37,3.E-02));
#738 = VECTOR('',#739,1.);
#739 = DIRECTION('',(0.,0.,1.));
#740 = ORIENTED_EDGE('',*,*,#574,.F.);
#741 = ORIENTED_EDGE('',*,*,#491,.T.);
#742 = ORIENTED_EDGE('',*,*,#710,.T.);
#743 = PLANE('',#744);
#744 = AXIS2_PLACEMENT_3D('',#745,#746,#747);
#745 = CARTESIAN_POINT('',(-0.5,-0.37,3.E-02));
#746 = DIRECTION('',(0.,1.,0.));
#747 = DIRECTION('',(0.,-0.,1.));
#748 = ADVANCED_FACE('',(#749,#819),#829,.F.);
#749 = FACE_BOUND('',#750,.F.);
#750 = EDGE_LOOP('',(#751,#761,#770,#778,#787,#795,#804,#812));
#751 = ORIENTED_EDGE('',*,*,#752,.F.);
#752 = EDGE_CURVE('',#753,#755,#757,.T.);
#753 = VERTEX_POINT('',#754);
#754 = CARTESIAN_POINT('',(0.5,-0.4,3.E-02));
#755 = VERTEX_POINT('',#756);
#756 = CARTESIAN_POINT('',(0.5,-0.4,0.77));
#757 = LINE('',#758,#759);
#758 = CARTESIAN_POINT('',(0.5,-0.4,0.));
#759 = VECTOR('',#760,1.);
#760 = DIRECTION('',(0.,0.,1.));
#761 = ORIENTED_EDGE('',*,*,#762,.T.);
#762 = EDGE_CURVE('',#753,#763,#765,.T.);
#763 = VERTEX_POINT('',#764);
#764 = CARTESIAN_POINT('',(0.5,-0.37,0.));
#765 = CIRCLE('',#766,3.E-02);
#766 = AXIS2_PLACEMENT_3D('',#767,#768,#769);
#767 = CARTESIAN_POINT('',(0.5,-0.37,3.E-02));
#768 = DIRECTION('',(1.,0.,-0.));
#769 = DIRECTION('',(0.,0.,1.));
#770 = ORIENTED_EDGE('',*,*,#771,.T.);
#771 = EDGE_CURVE('',#763,#772,#774,.T.);
#772 = VERTEX_POINT('',#773);
#773 = CARTESIAN_POINT('',(0.5,0.37,0.));
#774 = LINE('',#775,#776);
#775 = CARTESIAN_POINT('',(0.5,-0.4,0.));
#776 = VECTOR('',#777,1.);
#777 = DIRECTION('',(0.,1.,0.));
#778 = ORIENTED_EDGE('',*,*,#779,.F.);
#779 = EDGE_CURVE('',#780,#772,#782,.T.);
#780 = VERTEX_POINT('',#781);
#781 = CARTESIAN_POINT('',(0.5,0.4,3.E-02));
#782 = CIRCLE('',#783,3.E-02);
#783 = AXIS2_PLACEMENT_3D('',#784,#785,#786);
#784 = CARTESIAN_POINT('',(0.5,0.37,3.E-02));
#785 = DIRECTION('',(-1.,0.,0.));
#786 = DIRECTION('',(0.,0.,1.));
#787 = ORIENTED_EDGE('',*,*,#788,.T.);
#788 = EDGE_CURVE('',#780,#789,#791,.T.);
#789 = VERTEX_POINT('',#790);
#790 = CARTESIAN_POINT('',(0.5,0.4,0.77));
#791 = LINE('',#792,#793);
#792 = CARTESIAN_POINT('',(0.5,0.4,0.));
#793 = VECTOR('',#794,1.);
#794 = DIRECTION('',(0.,0.,1.));
#795 = ORIENTED_EDGE('',*,*,#796,.T.);
#796 = EDGE_CURVE('',#789,#797,#799,.T.);
#797 = VERTEX_POINT('',#798);
#798 = CARTESIAN_POINT('',(0.5,0.37,0.8));
#799 = CIRCLE('',#800,3.E-02);
#800 = AXIS2_PLACEMENT_3D('',#801,#802,#803);
#801 = CARTESIAN_POINT('',(0.5,0.37,0.77));
#802 = DIRECTION('',(1.,0.,-0.));
#803 = DIRECTION('',(0.,0.,1.));
#804 = ORIENTED_EDGE('',*,*,#805,.F.);
#805 = EDGE_CURVE('',#806,#797,#808,.T.);
#806 = VERTEX_POINT('',#807);
#807 = CARTESIAN_POINT('',(0.5,-0.37,0.8));
#808 = LINE('',#809,#810);
#809 = CARTESIAN_POINT('',(0.5,-0.4,0.8));
#810 = VECTOR('',#811,1.);
#811 = DIRECTION('',(0.,1.,0.));
#812 = ORIENTED_EDGE('',*,*,#813,.F.);
#813 = EDGE_CURVE('',#755,#806,#814,.T.);
#814 = CIRCLE('',#815,3.E-02);
#815 = AXIS2_PLACEMENT_3D('',#816,#817,#818);
#816 = CARTESIAN_POINT('',(0.5,-0.37,0.77));
#817 = DIRECTION('',(-1.,0.,0.));
#818 = DIRECTION('',(0.,0.,1.));
#819 = FACE_BOUND('',#820,.F.);
#820 = EDGE_LOOP('',(#821,#822,#823,#824,#825,#826,#827,#828));
#821 = ORIENTED_EDGE('',*,*,#565,.F.);
#822 = ORIENTED_EDGE('',*,*,#735,.T.);
#823 = ORIENTED_EDGE('',*,*,#718,.T.);
#824 = ORIENTED_EDGE('',*,*,#695,.T.);
#825 = ORIENTED_EDGE('',*,*,#670,.F.);
#826 = ORIENTED_EDGE('',*,*,#637,.F.);
#827 = ORIENTED_EDGE('',*,*,#620,.T.);
#828 = ORIENTED_EDGE('',*,*,#590,.F.);
#829 = PLANE('',#830);
#830 = AXIS2_PLACEMENT_3D('',#831,#832,#833);
#831 = CARTESIAN_POINT('',(0.5,-0.4,0.));
#832 = DIRECTION('',(1.,0.,0.));
#833 = DIRECTION('',(0.,0.,1.));
#834 = ADVANCED_FACE('',(#835),#860,.F.);
#835 = FACE_BOUND('',#836,.F.);
#836 = EDGE_LOOP('',(#837,#847,#853,#854));
#837 = ORIENTED_EDGE('',*,*,#838,.F.);
#838 = EDGE_CURVE('',#839,#841,#843,.T.);
#839 = VERTEX_POINT('',#840);
#840 = CARTESIAN_POINT('',(0.8,-0.4,3.E-02));
#841 = VERTEX_POINT('',#842);
#842 = CARTESIAN_POINT('',(0.8,-0.4,0.77));
#843 = LINE('',#844,#845);
#844 = CARTESIAN_POINT('',(0.8,-0.4,0.));
#845 = VECTOR('',#846,1.);
#846 = DIRECTION('',(0.,0.,1.));
#847 = ORIENTED_EDGE('',*,*,#848,.F.);
#848 = EDGE_CURVE('',#753,#839,#849,.T.);
#849 = LINE('',#850,#851);
#850 = CARTESIAN_POINT('',(0.5,-0.4,3.E-02));
#851 = VECTOR('',#852,1.);
#852 = DIRECTION('',(1.,0.,0.));
#853 = ORIENTED_EDGE('',*,*,#752,.T.);
#854 = ORIENTED_EDGE('',*,*,#855,.T.);
#855 = EDGE_CURVE('',#755,#841,#856,.T.);
#856 = LINE('',#857,#858);
#857 = CARTESIAN_POINT('',(0.5,-0.4,0.77));
#858 = VECTOR('',#859,1.);
#859 = DIRECTION('',(1.,0.,0.));
#860 = PLANE('',#861);
#861 = AXIS2_PLACEMENT_3D('',#862,#863,#864);
#862 = CARTESIAN_POINT('',(0.5,-0.4,0.));
#863 = DIRECTION('',(0.,1.,0.));
#864 = DIRECTION('',(0.,-0.,1.));
#865 = ADVANCED_FACE('',(#866),#885,.T.);
#866 = FACE_BOUND('',#867,.T.);
#867 = EDGE_LOOP('',(#868,#869,#877,#884));
#868 = ORIENTED_EDGE('',*,*,#762,.T.);
#869 = ORIENTED_EDGE('',*,*,#870,.T.);
#870 = EDGE_CURVE('',#763,#871,#873,.T.);
#871 = VERTEX_POINT('',#872);
#872 = CARTESIAN_POINT('',(0.8,-0.37,0.));
#873 = LINE('',#874,#875);
#874 = CARTESIAN_POINT('',(0.5,-0.37,0.));
#875 = VECTOR('',#876,1.);
#876 = DIRECTION('',(1.,0.,0.));
#877 = ORIENTED_EDGE('',*,*,#878,.F.);
#878 = EDGE_CURVE('',#839,#871,#879,.T.);
#879 = CIRCLE('',#880,3.E-02);
#880 = AXIS2_PLACEMENT_3D('',#881,#882,#883);
#881 = CARTESIAN_POINT('',(0.8,-0.37,3.E-02));
#882 = DIRECTION('',(1.,0.,-0.));
#883 = DIRECTION('',(0.,0.,1.));
#884 = ORIENTED_EDGE('',*,*,#848,.F.);
#885 = CYLINDRICAL_SURFACE('',#886,3.E-02);
#886 = AXIS2_PLACEMENT_3D('',#887,#888,#889);
#887 = CARTESIAN_POINT('',(0.5,-0.37,3.E-02));
#888 = DIRECTION('',(1.,0.,0.));
#889 = DIRECTION('',(0.,-1.,0.));
#890 = ADVANCED_FACE('',(#891),#910,.T.);
#891 = FACE_BOUND('',#892,.T.);
#892 = EDGE_LOOP('',(#893,#894,#903,#909));
#893 = ORIENTED_EDGE('',*,*,#855,.T.);
#894 = ORIENTED_EDGE('',*,*,#895,.T.);
#895 = EDGE_CURVE('',#841,#896,#898,.T.);
#896 = VERTEX_POINT('',#897);
#897 = CARTESIAN_POINT('',(0.8,-0.37,0.8));
#898 = CIRCLE('',#899,3.E-02);
#899 = AXIS2_PLACEMENT_3D('',#900,#901,#902);
#900 = CARTESIAN_POINT('',(0.8,-0.37,0.77));
#901 = DIRECTION('',(-1.,0.,0.));
#902 = DIRECTION('',(0.,0.,1.));
#903 = ORIENTED_EDGE('',*,*,#904,.F.);
#904 = EDGE_CURVE('',#806,#896,#905,.T.);
#905 = LINE('',#906,#907);
#906 = CARTESIAN_POINT('',(0.5,-0.37,0.8));
#907 = VECTOR('',#908,1.);
#908 = DIRECTION('',(1.,0.,0.));
#909 = ORIENTED_EDGE('',*,*,#813,.F.);
#910 = CYLINDRICAL_SURFACE('',#911,3.E-02);
#911 = AXIS2_PLACEMENT_3D('',#912,#913,#914);
#912 = CARTESIAN_POINT('',(0.5,-0.37,0.77));
#913 = DIRECTION('',(1.,0.,0.));
#914 = DIRECTION('',(0.,-1.,0.));
#915 = ADVANCED_FACE('',(#916),#934,.F.);
#916 = FACE_BOUND('',#917,.F.);
#917 = EDGE_LOOP('',(#918,#919,#920,#928));
#918 = ORIENTED_EDGE('',*,*,#771,.F.);
#919 = ORIENTED_EDGE('',*,*,#870,.T.);
#920 = ORIENTED_EDGE('',*,*,#921,.T.);
#921 = EDGE_CURVE('',#871,#922,#924,.T.);
#922 = VERTEX_POINT('',#923);
#923 = CARTESIAN_POINT('',(0.8,0.37,0.));
#924 = LINE('',#925,#926);
#925 = CARTESIAN_POINT('',(0.8,-0.4,0.));
#926 = VECTOR('',#927,1.);
#927 = DIRECTION('',(0.,1.,0.));
#928 = ORIENTED_EDGE('',*,*,#929,.F.);
#929 = EDGE_CURVE('',#772,#922,#930,.T.);
#930 = LINE('',#931,#932);
#931 = CARTESIAN_POINT('',(0.5,0.37,0.));
#932 = VECTOR('',#933,1.);
#933 = DIRECTION('',(1.,0.,0.));
#934 = PLANE('',#935);
#935 = AXIS2_PLACEMENT_3D('',#936,#937,#938);
#936 = CARTESIAN_POINT('',(0.5,-0.4,0.));
#937 = DIRECTION('',(0.,0.,1.));
#938 = DIRECTION('',(1.,0.,-0.));
#939 = ADVANCED_FACE('',(#940),#958,.T.);
#940 = FACE_BOUND('',#941,.T.);
#941 = EDGE_LOOP('',(#942,#943,#944,#952));
#942 = ORIENTED_EDGE('',*,*,#805,.F.);
#943 = ORIENTED_EDGE('',*,*,#904,.T.);
#944 = ORIENTED_EDGE('',*,*,#945,.T.);
#945 = EDGE_CURVE('',#896,#946,#948,.T.);
#946 = VERTEX_POINT('',#947);
#947 = CARTESIAN_POINT('',(0.8,0.37,0.8));
#948 = LINE('',#949,#950);
#949 = CARTESIAN_POINT('',(0.8,-0.4,0.8));
#950 = VECTOR('',#951,1.);
#951 = DIRECTION('',(0.,1.,0.));
#952 = ORIENTED_EDGE('',*,*,#953,.F.);
#953 = EDGE_CURVE('',#797,#946,#954,.T.);
#954 = LINE('',#955,#956);
#955 = CARTESIAN_POINT('',(0.5,0.37,0.8));
#956 = VECTOR('',#957,1.);
#957 = DIRECTION('',(1.,0.,0.));
#958 = PLANE('',#959);
#959 = AXIS2_PLACEMENT_3D('',#960,#961,#962);
#960 = CARTESIAN_POINT('',(0.5,-0.4,0.8));
#961 = DIRECTION('',(0.,0.,1.));
#962 = DIRECTION('',(1.,0.,-0.));
#963 = ADVANCED_FACE('',(#964),#983,.T.);
#964 = FACE_BOUND('',#965,.T.);
#965 = EDGE_LOOP('',(#966,#974,#981,#982));
#966 = ORIENTED_EDGE('',*,*,#967,.T.);
#967 = EDGE_CURVE('',#780,#968,#970,.T.);
#968 = VERTEX_POINT('',#969);
#969 = CARTESIAN_POINT('',(0.8,0.4,3.E-02));
#970 = LINE('',#971,#972);
#971 = CARTESIAN_POINT('',(0.5,0.4,3.E-02));
#972 = VECTOR('',#973,1.);
#973 = DIRECTION('',(1.,0.,0.));
#974 = ORIENTED_EDGE('',*,*,#975,.T.);
#975 = EDGE_CURVE('',#968,#922,#976,.T.);
#976 = CIRCLE('',#977,3.E-02);
#977 = AXIS2_PLACEMENT_3D('',#978,#979,#980);
#978 = CARTESIAN_POINT('',(0.8,0.37,3.E-02));
#979 = DIRECTION('',(-1.,0.,0.));
#980 = DIRECTION('',(0.,0.,1.));
#981 = ORIENTED_EDGE('',*,*,#929,.F.);
#982 = ORIENTED_EDGE('',*,*,#779,.F.);
#983 = CYLINDRICAL_SURFACE('',#984,3.E-02);
#984 = AXIS2_PLACEMENT_3D('',#985,#986,#987);
#985 = CARTESIAN_POINT('',(0.5,0.37,3.E-02));
#986 = DIRECTION('',(1.,0.,0.));
#987 = DIRECTION('',(-0.,1.,0.));
#988 = ADVANCED_FACE('',(#989),#1008,.T.);
#989 = FACE_BOUND('',#990,.T.);
#990 = EDGE_LOOP('',(#991,#992,#993,#1002));
#991 = ORIENTED_EDGE('',*,*,#796,.T.);
#992 = ORIENTED_EDGE('',*,*,#953,.T.);
#993 = ORIENTED_EDGE('',*,*,#994,.F.);
#994 = EDGE_CURVE('',#995,#946,#997,.T.);
#995 = VERTEX_POINT('',#996);
#996 = CARTESIAN_POINT('',(0.8,0.4,0.77));
#997 = CIRCLE('',#998,3.E-02);
#998 = AXIS2_PLACEMENT_3D('',#999,#1000,#1001);
#999 = CARTESIAN_POINT('',(0.8,0.37,0.77));
#1000 = DIRECTION('',(1.,0.,-0.));
#1001 = DIRECTION('',(0.,0.,1.));
#1002 = ORIENTED_EDGE('',*,*,#1003,.F.);
#1003 = EDGE_CURVE('',#789,#995,#1004,.T.);
#1004 = LINE('',#1005,#1006);
#1005 = CARTESIAN_POINT('',(0.5,0.4,0.77));
#1006 = VECTOR('',#1007,1.);
#1007 = DIRECTION('',(1.,0.,0.));
#1008 = CYLINDRICAL_SURFACE('',#1009,3.E-02);
#1009 = AXIS2_PLACEMENT_3D('',#1010,#1011,#1012);
#1010 = CARTESIAN_POINT('',(0.5,0.37,0.77));
#1011 = DIRECTION('',(1.,0.,0.));
#1012 = DIRECTION('',(-0.,1.,0.));
#1013 = ADVANCED_FACE('',(#1014),#1025,.T.);
#1014 = FACE_BOUND('',#1015,.T.);
#1015 = EDGE_LOOP('',(#1016,#1022,#1023,#1024));
#1016 = ORIENTED_EDGE('',*,*,#1017,.F.);
#1017 = EDGE_CURVE('',#968,#995,#1018,.T.);
#1018 = LINE('',#1019,#1020);
#1019 = CARTESIAN_POINT('',(0.8,0.4,0.));
#1020 = VECTOR('',#1021,1.);
#1021 = DIRECTION('',(0.,0.,1.));
#1022 = ORIENTED_EDGE('',*,*,#967,.F.);
#1023 = ORIENTED_EDGE('',*,*,#788,.T.);
#1024 = ORIENTED_EDGE('',*,*,#1003,.T.);
#1025 = PLANE('',#1026);
#1026 = AXIS2_PLACEMENT_3D('',#1027,#1028,#1029);
#1027 = CARTESIAN_POINT('',(0.5,0.4,0.));
#1028 = DIRECTION('',(0.,1.,0.));
#1029 = DIRECTION('',(0.,-0.,1.));
#1030 = ADVANCED_FACE('',(#1031),#1041,.T.);
#1031 = FACE_BOUND('',#1032,.T.);
#1032 = EDGE_LOOP('',(#1033,#1034,#1035,#1036,#1037,#1038,#1039,#1040));
#1033 = ORIENTED_EDGE('',*,*,#838,.F.);
#1034 = ORIENTED_EDGE('',*,*,#878,.T.);
#1035 = ORIENTED_EDGE('',*,*,#921,.T.);
#1036 = ORIENTED_EDGE('',*,*,#975,.F.);
#1037 = ORIENTED_EDGE('',*,*,#1017,.T.);
#1038 = ORIENTED_EDGE('',*,*,#994,.T.);
#1039 = ORIENTED_EDGE('',*,*,#945,.F.);
#1040 = ORIENTED_EDGE('',*,*,#895,.F.);
#1041 = PLANE('',#1042);
#1042 = AXIS2_PLACEMENT_3D('',#1043,#1044,#1045);
#1043 = CARTESIAN_POINT('',(0.8,-0.4,0.));
#1044 = DIRECTION('',(1.,0.,0.));
#1045 = DIRECTION('',(0.,0.,1.));
#1046 = ( GEOMETRIC_REPRESENTATION_CONTEXT(3) 
GLOBAL_UNCERTAINTY_ASSIGNED_CONTEXT((#1050)) 
GLOBAL_UNIT_ASSIGNED_CONTEXT((#1047,#1048,#1049)) REPRESENTATION_CONTEXT
('Context #1','3D Context with UNIT and UNCERTAINTY') );
#1047 = ( LENGTH_UNIT() NAMED_UNIT(*) SI_UNIT(.MILLI.,.METRE.) );
#1048 = ( NAMED_UNIT(*) PLANE_ANGLE_UNIT() SI_UNIT($,.RADIAN.) );
#1049 = ( NAMED_UNIT(*) SI_UNIT($,.STERADIAN.) SOLID_ANGLE_UNIT() );
#1050 = UNCERTAINTY_MEASURE_WITH_UNIT(LENGTH_MEASURE(1.E-07),#1047,
  'distance_accuracy_value','confusion accuracy');
#1051 = CONTEXT_DEPENDENT_SHAPE_REPRESENTATION(#1052,#1054);
#1052 = ( REPRESENTATION_RELATIONSHIP('','',#191,#168) 
REPRESENTATION_RELATIONSHIP_WITH_TRANSFORMATION(#1053) 
SHAPE_REPRESENTATION_RELATIONSHIP() );
#1053 = ITEM_DEFINED_TRANSFORMATION('','',#11,#169);
#1054 = PRODUCT_DEFINITION_SHAPE('Placement','Placement of an item',
  #1055);
#1055 = NEXT_ASSEMBLY_USAGE_OCCURRENCE('1','=>[0:1:1:3]','',#163,#186,$
  );
#1056 = PRODUCT_RELATED_PRODUCT_CATEGORY('part',$,(#188));
#1057 = CONTEXT_DEPENDENT_SHAPE_REPRESENTATION(#1058,#1060);
#1058 = ( REPRESENTATION_RELATIONSHIP('','',#168,#10) 
REPRESENTATION_RELATIONSHIP_WITH_TRANSFORMATION(#1059) 
SHAPE_REPRESENTATION_RELATIONSHIP() );
#1059 = ITEM_DEFINED_TRANSFORMATION('','',#11,#19);
#1060 = PRODUCT_DEFINITION_SHAPE('Placement','Placement of an item',
  #1061);
#1061 = NEXT_ASSEMBLY_USAGE_OCCURRENCE('3','R3','',#5,#163,$);
#1062 = CONTEXT_DEPENDENT_SHAPE_REPRESENTATION(#1063,#1065);
#1063 = ( REPRESENTATION_RELATIONSHIP('','',#168,#10) 
REPRESENTATION_RELATIONSHIP_WITH_TRANSFORMATION(#1064) 
SHAPE_REPRESENTATION_RELATIONSHIP() );
#1064 = ITEM_DEFINED_TRANSFORMATION('','',#11,#23);
#1065 = PRODUCT_DEFINITION_SHAPE('Placement','Placement of an item',
  #1066);
#1066 = NEXT_ASSEMBLY_USAGE_OCCURRENCE('4','C3','',#5,#163,$);
#1067 = SHAPE_DEFINITION_REPRESENTATION(#1068,#1074);
#1068 = PRODUCT_DEFINITION_SHAPE('','',#1069);
#1069 = PRODUCT_DEFINITION('design','',#1070,#1073);
#1070 = PRODUCT_DEFINITION_FORMATION('','',#1071);
#1071 = PRODUCT('C_0805_2012Metric','C_0805_2012Metric','',(#1072));
#1072 = PRODUCT_CONTEXT('',#2,'mechanical');
#1073 = PRODUCT_DEFINITION_CONTEXT('part definition',#2,'design');
#1074 = SHAPE_REPRESENTATION('',(#11,#1075),#1079);
#1075 = AXIS2_PLACEMENT_3D('',#1076,#1077,#1078);
#1076 = CARTESIAN_POINT('',(0.,0.,0.));
#1077 = DIRECTION('',(0.,0.,1.));
#1078 = DIRECTION('',(1.,0.,-0.));
#1079 = ( GEOMETRIC_REPRESENTATION_CONTEXT(3) 
GLOBAL_UNCERTAINTY_ASSIGNED_CONTEXT((#1083)) 
GLOBAL_UNIT_ASSIGNED_CONTEXT((#1080,#1081,#1082)) REPRESENTATION_CONTEXT
('Context #1','3D Context with UNIT and UNCERTAINTY') );
#1080 = ( LENGTH_UNIT() NAMED_UNIT(*) SI_UNIT(.MILLI.,.METRE.) );
#1081 = ( NAMED_UNIT(*) PLANE_ANGLE_UNIT() SI_UNIT($,.RADIAN.) );
#1082 = ( NAMED_UNIT(*) SI_UNIT($,.STERADIAN.) SOLID_ANGLE_UNIT() );
#1083 = UNCERTAINTY_MEASURE_WITH_UNIT(LENGTH_MEASURE(1.E-07),#1080,
  'distance_accuracy_value','confusion accuracy');
#1084 = CONTEXT_DEPENDENT_SHAPE_REPRESENTATION(#1085,#1087);
#1085 = ( REPRESENTATION_RELATIONSHIP('','',#1074,#10) 
REPRESENTATION_RELATIONSHIP_WITH_TRANSFORMATION(#1086) 
SHAPE_REPRESENTATION_RELATIONSHIP() );
#1086 = ITEM_DEFINED_TRANSFORMATION('','',#11,#27);
#1087 = PRODUCT_DEFINITION_SHAPE('Placement','Placement of an item',
  #1088);
#1088 = NEXT_ASSEMBLY_USAGE_OCCURRENCE('6','C10','',#5,#1069,$);
#1089 = PRODUCT_RELATED_PRODUCT_CATEGORY('part',$,(#1071));
#1090 = SHAPE_DEFINITION_REPRESENTATION(#1091,#1097);
#1091 = PRODUCT_DEFINITION_SHAPE('','',#1092);
#1092 = PRODUCT_DEFINITION('design','',#1093,#1096);
#1093 = PRODUCT_DEFINITION_FORMATION('','',#1094);
#1094 = PRODUCT('C_0805_2012Metric','C_0805_2012Metric','',(#1095));
#1095 = PRODUCT_CONTEXT('',#2,'mechanical');
#1096 = PRODUCT_DEFINITION_CONTEXT('part definition',#2,'design');
#1097 = ADVANCED_BREP_SHAPE_REPRESENTATION('',(#11,#1098),#1952);
#1098 = MANIFOLD_SOLID_BREP('',#1099);
#1099 = CLOSED_SHELL('',(#1100,#1176,#1207,#1232,#1257,#1281,#1305,#1330
    ,#1355,#1372,#1458,#1490,#1514,#1539,#1563,#1588,#1612,#1637,#1654,
    #1740,#1771,#1796,#1821,#1845,#1869,#1894,#1919,#1936));
#1100 = ADVANCED_FACE('',(#1101),#1171,.F.);
#1101 = FACE_BOUND('',#1102,.F.);
#1102 = EDGE_LOOP('',(#1103,#1113,#1122,#1130,#1139,#1147,#1156,#1164));
#1103 = ORIENTED_EDGE('',*,*,#1104,.F.);
#1104 = EDGE_CURVE('',#1105,#1107,#1109,.T.);
#1105 = VERTEX_POINT('',#1106);
#1106 = CARTESIAN_POINT('',(-1.,-0.625,4.E-02));
#1107 = VERTEX_POINT('',#1108);
#1108 = CARTESIAN_POINT('',(-1.,-0.625,1.21));
#1109 = LINE('',#1110,#1111);
#1110 = CARTESIAN_POINT('',(-1.,-0.625,0.));
#1111 = VECTOR('',#1112,1.);
#1112 = DIRECTION('',(0.,0.,1.));
#1113 = ORIENTED_EDGE('',*,*,#1114,.T.);
#1114 = EDGE_CURVE('',#1105,#1115,#1117,.T.);
#1115 = VERTEX_POINT('',#1116);
#1116 = CARTESIAN_POINT('',(-1.,-0.585,0.));
#1117 = CIRCLE('',#1118,4.E-02);
#1118 = AXIS2_PLACEMENT_3D('',#1119,#1120,#1121);
#1119 = CARTESIAN_POINT('',(-1.,-0.585,4.E-02));
#1120 = DIRECTION('',(1.,0.,-0.));
#1121 = DIRECTION('',(0.,0.,1.));
#1122 = ORIENTED_EDGE('',*,*,#1123,.T.);
#1123 = EDGE_CURVE('',#1115,#1124,#1126,.T.);
#1124 = VERTEX_POINT('',#1125);
#1125 = CARTESIAN_POINT('',(-1.,0.585,0.));
#1126 = LINE('',#1127,#1128);
#1127 = CARTESIAN_POINT('',(-1.,-0.625,0.));
#1128 = VECTOR('',#1129,1.);
#1129 = DIRECTION('',(0.,1.,0.));
#1130 = ORIENTED_EDGE('',*,*,#1131,.F.);
#1131 = EDGE_CURVE('',#1132,#1124,#1134,.T.);
#1132 = VERTEX_POINT('',#1133);
#1133 = CARTESIAN_POINT('',(-1.,0.625,4.E-02));
#1134 = CIRCLE('',#1135,4.E-02);
#1135 = AXIS2_PLACEMENT_3D('',#1136,#1137,#1138);
#1136 = CARTESIAN_POINT('',(-1.,0.585,4.E-02));
#1137 = DIRECTION('',(-1.,0.,0.));
#1138 = DIRECTION('',(0.,0.,1.));
#1139 = ORIENTED_EDGE('',*,*,#1140,.T.);
#1140 = EDGE_CURVE('',#1132,#1141,#1143,.T.);
#1141 = VERTEX_POINT('',#1142);
#1142 = CARTESIAN_POINT('',(-1.,0.625,1.21));
#1143 = LINE('',#1144,#1145);
#1144 = CARTESIAN_POINT('',(-1.,0.625,0.));
#1145 = VECTOR('',#1146,1.);
#1146 = DIRECTION('',(0.,0.,1.));
#1147 = ORIENTED_EDGE('',*,*,#1148,.T.);
#1148 = EDGE_CURVE('',#1141,#1149,#1151,.T.);
#1149 = VERTEX_POINT('',#1150);
#1150 = CARTESIAN_POINT('',(-1.,0.585,1.25));
#1151 = CIRCLE('',#1152,4.E-02);
#1152 = AXIS2_PLACEMENT_3D('',#1153,#1154,#1155);
#1153 = CARTESIAN_POINT('',(-1.,0.585,1.21));
#1154 = DIRECTION('',(1.,0.,-0.));
#1155 = DIRECTION('',(0.,0.,1.));
#1156 = ORIENTED_EDGE('',*,*,#1157,.F.);
#1157 = EDGE_CURVE('',#1158,#1149,#1160,.T.);
#1158 = VERTEX_POINT('',#1159);
#1159 = CARTESIAN_POINT('',(-1.,-0.585,1.25));
#1160 = LINE('',#1161,#1162);
#1161 = CARTESIAN_POINT('',(-1.,-0.625,1.25));
#1162 = VECTOR('',#1163,1.);
#1163 = DIRECTION('',(0.,1.,0.));
#1164 = ORIENTED_EDGE('',*,*,#1165,.F.);
#1165 = EDGE_CURVE('',#1107,#1158,#1166,.T.);
#1166 = CIRCLE('',#1167,4.E-02);
#1167 = AXIS2_PLACEMENT_3D('',#1168,#1169,#1170);
#1168 = CARTESIAN_POINT('',(-1.,-0.585,1.21));
#1169 = DIRECTION('',(-1.,0.,0.));
#1170 = DIRECTION('',(0.,0.,1.));
#1171 = PLANE('',#1172);
#1172 = AXIS2_PLACEMENT_3D('',#1173,#1174,#1175);
#1173 = CARTESIAN_POINT('',(-1.,-0.625,0.));
#1174 = DIRECTION('',(1.,0.,0.));
#1175 = DIRECTION('',(0.,0.,1.));
#1176 = ADVANCED_FACE('',(#1177),#1202,.F.);
#1177 = FACE_BOUND('',#1178,.F.);
#1178 = EDGE_LOOP('',(#1179,#1189,#1195,#1196));
#1179 = ORIENTED_EDGE('',*,*,#1180,.F.);
#1180 = EDGE_CURVE('',#1181,#1183,#1185,.T.);
#1181 = VERTEX_POINT('',#1182);
#1182 = CARTESIAN_POINT('',(-0.6,-0.625,4.E-02));
#1183 = VERTEX_POINT('',#1184);
#1184 = CARTESIAN_POINT('',(-0.6,-0.625,1.21));
#1185 = LINE('',#1186,#1187);
#1186 = CARTESIAN_POINT('',(-0.6,-0.625,0.));
#1187 = VECTOR('',#1188,1.);
#1188 = DIRECTION('',(0.,0.,1.));
#1189 = ORIENTED_EDGE('',*,*,#1190,.F.);
#1190 = EDGE_CURVE('',#1105,#1181,#1191,.T.);
#1191 = LINE('',#1192,#1193);
#1192 = CARTESIAN_POINT('',(-1.,-0.625,4.E-02));
#1193 = VECTOR('',#1194,1.);
#1194 = DIRECTION('',(1.,0.,0.));
#1195 = ORIENTED_EDGE('',*,*,#1104,.T.);
#1196 = ORIENTED_EDGE('',*,*,#1197,.T.);
#1197 = EDGE_CURVE('',#1107,#1183,#1198,.T.);
#1198 = LINE('',#1199,#1200);
#1199 = CARTESIAN_POINT('',(-1.,-0.625,1.21));
#1200 = VECTOR('',#1201,1.);
#1201 = DIRECTION('',(1.,0.,0.));
#1202 = PLANE('',#1203);
#1203 = AXIS2_PLACEMENT_3D('',#1204,#1205,#1206);
#1204 = CARTESIAN_POINT('',(-1.,-0.625,0.));
#1205 = DIRECTION('',(0.,1.,0.));
#1206 = DIRECTION('',(0.,-0.,1.));
#1207 = ADVANCED_FACE('',(#1208),#1227,.T.);
#1208 = FACE_BOUND('',#1209,.T.);
#1209 = EDGE_LOOP('',(#1210,#1211,#1219,#1226));
#1210 = ORIENTED_EDGE('',*,*,#1114,.T.);
#1211 = ORIENTED_EDGE('',*,*,#1212,.T.);
#1212 = EDGE_CURVE('',#1115,#1213,#1215,.T.);
#1213 = VERTEX_POINT('',#1214);
#1214 = CARTESIAN_POINT('',(-0.6,-0.585,0.));
#1215 = LINE('',#1216,#1217);
#1216 = CARTESIAN_POINT('',(-1.,-0.585,0.));
#1217 = VECTOR('',#1218,1.);
#1218 = DIRECTION('',(1.,0.,0.));
#1219 = ORIENTED_EDGE('',*,*,#1220,.F.);
#1220 = EDGE_CURVE('',#1181,#1213,#1221,.T.);
#1221 = CIRCLE('',#1222,4.E-02);
#1222 = AXIS2_PLACEMENT_3D('',#1223,#1224,#1225);
#1223 = CARTESIAN_POINT('',(-0.6,-0.585,4.E-02));
#1224 = DIRECTION('',(1.,0.,-0.));
#1225 = DIRECTION('',(0.,0.,1.));
#1226 = ORIENTED_EDGE('',*,*,#1190,.F.);
#1227 = CYLINDRICAL_SURFACE('',#1228,4.E-02);
#1228 = AXIS2_PLACEMENT_3D('',#1229,#1230,#1231);
#1229 = CARTESIAN_POINT('',(-1.,-0.585,4.E-02));
#1230 = DIRECTION('',(1.,0.,0.));
#1231 = DIRECTION('',(0.,-1.,0.));
#1232 = ADVANCED_FACE('',(#1233),#1252,.T.);
#1233 = FACE_BOUND('',#1234,.T.);
#1234 = EDGE_LOOP('',(#1235,#1236,#1245,#1251));
#1235 = ORIENTED_EDGE('',*,*,#1197,.T.);
#1236 = ORIENTED_EDGE('',*,*,#1237,.T.);
#1237 = EDGE_CURVE('',#1183,#1238,#1240,.T.);
#1238 = VERTEX_POINT('',#1239);
#1239 = CARTESIAN_POINT('',(-0.6,-0.585,1.25));
#1240 = CIRCLE('',#1241,4.E-02);
#1241 = AXIS2_PLACEMENT_3D('',#1242,#1243,#1244);
#1242 = CARTESIAN_POINT('',(-0.6,-0.585,1.21));
#1243 = DIRECTION('',(-1.,0.,0.));
#1244 = DIRECTION('',(0.,0.,1.));
#1245 = ORIENTED_EDGE('',*,*,#1246,.F.);
#1246 = EDGE_CURVE('',#1158,#1238,#1247,.T.);
#1247 = LINE('',#1248,#1249);
#1248 = CARTESIAN_POINT('',(-1.,-0.585,1.25));
#1249 = VECTOR('',#1250,1.);
#1250 = DIRECTION('',(1.,0.,0.));
#1251 = ORIENTED_EDGE('',*,*,#1165,.F.);
#1252 = CYLINDRICAL_SURFACE('',#1253,4.E-02);
#1253 = AXIS2_PLACEMENT_3D('',#1254,#1255,#1256);
#1254 = CARTESIAN_POINT('',(-1.,-0.585,1.21));
#1255 = DIRECTION('',(1.,0.,0.));
#1256 = DIRECTION('',(0.,-1.,0.));
#1257 = ADVANCED_FACE('',(#1258),#1276,.F.);
#1258 = FACE_BOUND('',#1259,.F.);
#1259 = EDGE_LOOP('',(#1260,#1261,#1262,#1270));
#1260 = ORIENTED_EDGE('',*,*,#1123,.F.);
#1261 = ORIENTED_EDGE('',*,*,#1212,.T.);
#1262 = ORIENTED_EDGE('',*,*,#1263,.T.);
#1263 = EDGE_CURVE('',#1213,#1264,#1266,.T.);
#1264 = VERTEX_POINT('',#1265);
#1265 = CARTESIAN_POINT('',(-0.6,0.585,0.));
#1266 = LINE('',#1267,#1268);
#1267 = CARTESIAN_POINT('',(-0.6,-0.625,0.));
#1268 = VECTOR('',#1269,1.);
#1269 = DIRECTION('',(0.,1.,0.));
#1270 = ORIENTED_EDGE('',*,*,#1271,.F.);
#1271 = EDGE_CURVE('',#1124,#1264,#1272,.T.);
#1272 = LINE('',#1273,#1274);
#1273 = CARTESIAN_POINT('',(-1.,0.585,0.));
#1274 = VECTOR('',#1275,1.);
#1275 = DIRECTION('',(1.,0.,0.));
#1276 = PLANE('',#1277);
#1277 = AXIS2_PLACEMENT_3D('',#1278,#1279,#1280);
#1278 = CARTESIAN_POINT('',(-1.,-0.625,0.));
#1279 = DIRECTION('',(0.,0.,1.));
#1280 = DIRECTION('',(1.,0.,-0.));
#1281 = ADVANCED_FACE('',(#1282),#1300,.T.);
#1282 = FACE_BOUND('',#1283,.T.);
#1283 = EDGE_LOOP('',(#1284,#1285,#1286,#1294));
#1284 = ORIENTED_EDGE('',*,*,#1157,.F.);
#1285 = ORIENTED_EDGE('',*,*,#1246,.T.);
#1286 = ORIENTED_EDGE('',*,*,#1287,.T.);
#1287 = EDGE_CURVE('',#1238,#1288,#1290,.T.);
#1288 = VERTEX_POINT('',#1289);
#1289 = CARTESIAN_POINT('',(-0.6,0.585,1.25));
#1290 = LINE('',#1291,#1292);
#1291 = CARTESIAN_POINT('',(-0.6,-0.625,1.25));
#1292 = VECTOR('',#1293,1.);
#1293 = DIRECTION('',(0.,1.,0.));
#1294 = ORIENTED_EDGE('',*,*,#1295,.F.);
#1295 = EDGE_CURVE('',#1149,#1288,#1296,.T.);
#1296 = LINE('',#1297,#1298);
#1297 = CARTESIAN_POINT('',(-1.,0.585,1.25));
#1298 = VECTOR('',#1299,1.);
#1299 = DIRECTION('',(1.,0.,0.));
#1300 = PLANE('',#1301);
#1301 = AXIS2_PLACEMENT_3D('',#1302,#1303,#1304);
#1302 = CARTESIAN_POINT('',(-1.,-0.625,1.25));
#1303 = DIRECTION('',(0.,0.,1.));
#1304 = DIRECTION('',(1.,0.,-0.));
#1305 = ADVANCED_FACE('',(#1306),#1325,.T.);
#1306 = FACE_BOUND('',#1307,.T.);
#1307 = EDGE_LOOP('',(#1308,#1316,#1323,#1324));
#1308 = ORIENTED_EDGE('',*,*,#1309,.T.);
#1309 = EDGE_CURVE('',#1132,#1310,#1312,.T.);
#1310 = VERTEX_POINT('',#1311);
#1311 = CARTESIAN_POINT('',(-0.6,0.625,4.E-02));
#1312 = LINE('',#1313,#1314);
#1313 = CARTESIAN_POINT('',(-1.,0.625,4.E-02));
#1314 = VECTOR('',#1315,1.);
#1315 = DIRECTION('',(1.,0.,0.));
#1316 = ORIENTED_EDGE('',*,*,#1317,.T.);
#1317 = EDGE_CURVE('',#1310,#1264,#1318,.T.);
#1318 = CIRCLE('',#1319,4.E-02);
#1319 = AXIS2_PLACEMENT_3D('',#1320,#1321,#1322);
#1320 = CARTESIAN_POINT('',(-0.6,0.585,4.E-02));
#1321 = DIRECTION('',(-1.,0.,0.));
#1322 = DIRECTION('',(0.,0.,1.));
#1323 = ORIENTED_EDGE('',*,*,#1271,.F.);
#1324 = ORIENTED_EDGE('',*,*,#1131,.F.);
#1325 = CYLINDRICAL_SURFACE('',#1326,4.E-02);
#1326 = AXIS2_PLACEMENT_3D('',#1327,#1328,#1329);
#1327 = CARTESIAN_POINT('',(-1.,0.585,4.E-02));
#1328 = DIRECTION('',(1.,0.,0.));
#1329 = DIRECTION('',(-0.,1.,0.));
#1330 = ADVANCED_FACE('',(#1331),#1350,.T.);
#1331 = FACE_BOUND('',#1332,.T.);
#1332 = EDGE_LOOP('',(#1333,#1334,#1335,#1344));
#1333 = ORIENTED_EDGE('',*,*,#1148,.T.);
#1334 = ORIENTED_EDGE('',*,*,#1295,.T.);
#1335 = ORIENTED_EDGE('',*,*,#1336,.F.);
#1336 = EDGE_CURVE('',#1337,#1288,#1339,.T.);
#1337 = VERTEX_POINT('',#1338);
#1338 = CARTESIAN_POINT('',(-0.6,0.625,1.21));
#1339 = CIRCLE('',#1340,4.E-02);
#1340 = AXIS2_PLACEMENT_3D('',#1341,#1342,#1343);
#1341 = CARTESIAN_POINT('',(-0.6,0.585,1.21));
#1342 = DIRECTION('',(1.,0.,-0.));
#1343 = DIRECTION('',(0.,0.,1.));
#1344 = ORIENTED_EDGE('',*,*,#1345,.F.);
#1345 = EDGE_CURVE('',#1141,#1337,#1346,.T.);
#1346 = LINE('',#1347,#1348);
#1347 = CARTESIAN_POINT('',(-1.,0.625,1.21));
#1348 = VECTOR('',#1349,1.);
#1349 = DIRECTION('',(1.,0.,0.));
#1350 = CYLINDRICAL_SURFACE('',#1351,4.E-02);
#1351 = AXIS2_PLACEMENT_3D('',#1352,#1353,#1354);
#1352 = CARTESIAN_POINT('',(-1.,0.585,1.21));
#1353 = DIRECTION('',(1.,0.,0.));
#1354 = DIRECTION('',(-0.,1.,0.));
#1355 = ADVANCED_FACE('',(#1356),#1367,.T.);
#1356 = FACE_BOUND('',#1357,.T.);
#1357 = EDGE_LOOP('',(#1358,#1364,#1365,#1366));
#1358 = ORIENTED_EDGE('',*,*,#1359,.F.);
#1359 = EDGE_CURVE('',#1310,#1337,#1360,.T.);
#1360 = LINE('',#1361,#1362);
#1361 = CARTESIAN_POINT('',(-0.6,0.625,0.));
#1362 = VECTOR('',#1363,1.);
#1363 = DIRECTION('',(0.,0.,1.));
#1364 = ORIENTED_EDGE('',*,*,#1309,.F.);
#1365 = ORIENTED_EDGE('',*,*,#1140,.T.);
#1366 = ORIENTED_EDGE('',*,*,#1345,.T.);
#1367 = PLANE('',#1368);
#1368 = AXIS2_PLACEMENT_3D('',#1369,#1370,#1371);
#1369 = CARTESIAN_POINT('',(-1.,0.625,0.));
#1370 = DIRECTION('',(0.,1.,0.));
#1371 = DIRECTION('',(0.,-0.,1.));
#1372 = ADVANCED_FACE('',(#1373,#1383),#1453,.T.);
#1373 = FACE_BOUND('',#1374,.T.);
#1374 = EDGE_LOOP('',(#1375,#1376,#1377,#1378,#1379,#1380,#1381,#1382));
#1375 = ORIENTED_EDGE('',*,*,#1180,.F.);
#1376 = ORIENTED_EDGE('',*,*,#1220,.T.);
#1377 = ORIENTED_EDGE('',*,*,#1263,.T.);
#1378 = ORIENTED_EDGE('',*,*,#1317,.F.);
#1379 = ORIENTED_EDGE('',*,*,#1359,.T.);
#1380 = ORIENTED_EDGE('',*,*,#1336,.T.);
#1381 = ORIENTED_EDGE('',*,*,#1287,.F.);
#1382 = ORIENTED_EDGE('',*,*,#1237,.F.);
#1383 = FACE_BOUND('',#1384,.T.);
#1384 = EDGE_LOOP('',(#1385,#1396,#1404,#1413,#1421,#1430,#1438,#1447));
#1385 = ORIENTED_EDGE('',*,*,#1386,.F.);
#1386 = EDGE_CURVE('',#1387,#1389,#1391,.T.);
#1387 = VERTEX_POINT('',#1388);
#1388 = CARTESIAN_POINT('',(-0.6,-0.585,8.E-02));
#1389 = VERTEX_POINT('',#1390);
#1390 = CARTESIAN_POINT('',(-0.6,-0.545,4.E-02));
#1391 = CIRCLE('',#1392,4.E-02);
#1392 = AXIS2_PLACEMENT_3D('',#1393,#1394,#1395);
#1393 = CARTESIAN_POINT('',(-0.6,-0.545,8.E-02));
#1394 = DIRECTION('',(1.,0.,-0.));
#1395 = DIRECTION('',(0.,0.,1.));
#1396 = ORIENTED_EDGE('',*,*,#1397,.T.);
#1397 = EDGE_CURVE('',#1387,#1398,#1400,.T.);
#1398 = VERTEX_POINT('',#1399);
#1399 = CARTESIAN_POINT('',(-0.6,-0.585,1.17));
#1400 = LINE('',#1401,#1402);
#1401 = CARTESIAN_POINT('',(-0.6,-0.585,4.E-02));
#1402 = VECTOR('',#1403,1.);
#1403 = DIRECTION('',(0.,0.,1.));
#1404 = ORIENTED_EDGE('',*,*,#1405,.T.);
#1405 = EDGE_CURVE('',#1398,#1406,#1408,.T.);
#1406 = VERTEX_POINT('',#1407);
#1407 = CARTESIAN_POINT('',(-0.6,-0.545,1.21));
#1408 = CIRCLE('',#1409,4.E-02);
#1409 = AXIS2_PLACEMENT_3D('',#1410,#1411,#1412);
#1410 = CARTESIAN_POINT('',(-0.6,-0.545,1.17));
#1411 = DIRECTION('',(-1.,0.,0.));
#1412 = DIRECTION('',(0.,0.,1.));
#1413 = ORIENTED_EDGE('',*,*,#1414,.T.);
#1414 = EDGE_CURVE('',#1406,#1415,#1417,.T.);
#1415 = VERTEX_POINT('',#1416);
#1416 = CARTESIAN_POINT('',(-0.6,0.545,1.21));
#1417 = LINE('',#1418,#1419);
#1418 = CARTESIAN_POINT('',(-0.6,-0.585,1.21));
#1419 = VECTOR('',#1420,1.);
#1420 = DIRECTION('',(0.,1.,0.));
#1421 = ORIENTED_EDGE('',*,*,#1422,.F.);
#1422 = EDGE_CURVE('',#1423,#1415,#1425,.T.);
#1423 = VERTEX_POINT('',#1424);
#1424 = CARTESIAN_POINT('',(-0.6,0.585,1.17));
#1425 = CIRCLE('',#1426,4.E-02);
#1426 = AXIS2_PLACEMENT_3D('',#1427,#1428,#1429);
#1427 = CARTESIAN_POINT('',(-0.6,0.545,1.17));
#1428 = DIRECTION('',(1.,0.,-0.));
#1429 = DIRECTION('',(0.,0.,1.));
#1430 = ORIENTED_EDGE('',*,*,#1431,.F.);
#1431 = EDGE_CURVE('',#1432,#1423,#1434,.T.);
#1432 = VERTEX_POINT('',#1433);
#1433 = CARTESIAN_POINT('',(-0.6,0.585,8.E-02));
#1434 = LINE('',#1435,#1436);
#1435 = CARTESIAN_POINT('',(-0.6,0.585,4.E-02));
#1436 = VECTOR('',#1437,1.);
#1437 = DIRECTION('',(0.,0.,1.));
#1438 = ORIENTED_EDGE('',*,*,#1439,.T.);
#1439 = EDGE_CURVE('',#1432,#1440,#1442,.T.);
#1440 = VERTEX_POINT('',#1441);
#1441 = CARTESIAN_POINT('',(-0.6,0.545,4.E-02));
#1442 = CIRCLE('',#1443,4.E-02);
#1443 = AXIS2_PLACEMENT_3D('',#1444,#1445,#1446);
#1444 = CARTESIAN_POINT('',(-0.6,0.545,8.E-02));
#1445 = DIRECTION('',(-1.,0.,0.));
#1446 = DIRECTION('',(0.,0.,1.));
#1447 = ORIENTED_EDGE('',*,*,#1448,.F.);
#1448 = EDGE_CURVE('',#1389,#1440,#1449,.T.);
#1449 = LINE('',#1450,#1451);
#1450 = CARTESIAN_POINT('',(-0.6,-0.585,4.E-02));
#1451 = VECTOR('',#1452,1.);
#1452 = DIRECTION('',(0.,1.,0.));
#1453 = PLANE('',#1454);
#1454 = AXIS2_PLACEMENT_3D('',#1455,#1456,#1457);
#1455 = CARTESIAN_POINT('',(-0.6,-0.625,0.));
#1456 = DIRECTION('',(1.,0.,0.));
#1457 = DIRECTION('',(0.,0.,1.));
#1458 = ADVANCED_FACE('',(#1459),#1485,.T.);
#1459 = FACE_BOUND('',#1460,.T.);
#1460 = EDGE_LOOP('',(#1461,#1462,#1470,#1479));
#1461 = ORIENTED_EDGE('',*,*,#1386,.T.);
#1462 = ORIENTED_EDGE('',*,*,#1463,.T.);
#1463 = EDGE_CURVE('',#1389,#1464,#1466,.T.);
#1464 = VERTEX_POINT('',#1465);
#1465 = CARTESIAN_POINT('',(0.6,-0.545,4.E-02));
#1466 = LINE('',#1467,#1468);
#1467 = CARTESIAN_POINT('',(-0.6,-0.545,4.E-02));
#1468 = VECTOR('',#1469,1.);
#1469 = DIRECTION('',(1.,0.,0.));
#1470 = ORIENTED_EDGE('',*,*,#1471,.F.);
#1471 = EDGE_CURVE('',#1472,#1464,#1474,.T.);
#1472 = VERTEX_POINT('',#1473);
#1473 = CARTESIAN_POINT('',(0.6,-0.585,8.E-02));
#1474 = CIRCLE('',#1475,4.E-02);
#1475 = AXIS2_PLACEMENT_3D('',#1476,#1477,#1478);
#1476 = CARTESIAN_POINT('',(0.6,-0.545,8.E-02));
#1477 = DIRECTION('',(1.,0.,-0.));
#1478 = DIRECTION('',(0.,0.,1.));
#1479 = ORIENTED_EDGE('',*,*,#1480,.F.);
#1480 = EDGE_CURVE('',#1387,#1472,#1481,.T.);
#1481 = LINE('',#1482,#1483);
#1482 = CARTESIAN_POINT('',(-0.6,-0.585,8.E-02));
#1483 = VECTOR('',#1484,1.);
#1484 = DIRECTION('',(1.,0.,0.));
#1485 = CYLINDRICAL_SURFACE('',#1486,4.E-02);
#1486 = AXIS2_PLACEMENT_3D('',#1487,#1488,#1489);
#1487 = CARTESIAN_POINT('',(-0.6,-0.545,8.E-02));
#1488 = DIRECTION('',(1.,0.,0.));
#1489 = DIRECTION('',(0.,-1.,0.));
#1490 = ADVANCED_FACE('',(#1491),#1509,.F.);
#1491 = FACE_BOUND('',#1492,.F.);
#1492 = EDGE_LOOP('',(#1493,#1494,#1495,#1503));
#1493 = ORIENTED_EDGE('',*,*,#1448,.F.);
#1494 = ORIENTED_EDGE('',*,*,#1463,.T.);
#1495 = ORIENTED_EDGE('',*,*,#1496,.T.);
#1496 = EDGE_CURVE('',#1464,#1497,#1499,.T.);
#1497 = VERTEX_POINT('',#1498);
#1498 = CARTESIAN_POINT('',(0.6,0.545,4.E-02));
#1499 = LINE('',#1500,#1501);
#1500 = CARTESIAN_POINT('',(0.6,-0.585,4.E-02));
#1501 = VECTOR('',#1502,1.);
#1502 = DIRECTION('',(0.,1.,0.));
#1503 = ORIENTED_EDGE('',*,*,#1504,.F.);
#1504 = EDGE_CURVE('',#1440,#1497,#1505,.T.);
#1505 = LINE('',#1506,#1507);
#1506 = CARTESIAN_POINT('',(-0.6,0.545,4.E-02));
#1507 = VECTOR('',#1508,1.);
#1508 = DIRECTION('',(1.,0.,0.));
#1509 = PLANE('',#1510);
#1510 = AXIS2_PLACEMENT_3D('',#1511,#1512,#1513);
#1511 = CARTESIAN_POINT('',(-0.6,-0.585,4.E-02));
#1512 = DIRECTION('',(0.,0.,1.));
#1513 = DIRECTION('',(1.,0.,-0.));
#1514 = ADVANCED_FACE('',(#1515),#1534,.T.);
#1515 = FACE_BOUND('',#1516,.T.);
#1516 = EDGE_LOOP('',(#1517,#1525,#1532,#1533));
#1517 = ORIENTED_EDGE('',*,*,#1518,.T.);
#1518 = EDGE_CURVE('',#1432,#1519,#1521,.T.);
#1519 = VERTEX_POINT('',#1520);
#1520 = CARTESIAN_POINT('',(0.6,0.585,8.E-02));
#1521 = LINE('',#1522,#1523);
#1522 = CARTESIAN_POINT('',(-0.6,0.585,8.E-02));
#1523 = VECTOR('',#1524,1.);
#1524 = DIRECTION('',(1.,0.,0.));
#1525 = ORIENTED_EDGE('',*,*,#1526,.T.);
#1526 = EDGE_CURVE('',#1519,#1497,#1527,.T.);
#1527 = CIRCLE('',#1528,4.E-02);
#1528 = AXIS2_PLACEMENT_3D('',#1529,#1530,#1531);
#1529 = CARTESIAN_POINT('',(0.6,0.545,8.E-02));
#1530 = DIRECTION('',(-1.,0.,0.));
#1531 = DIRECTION('',(0.,0.,1.));
#1532 = ORIENTED_EDGE('',*,*,#1504,.F.);
#1533 = ORIENTED_EDGE('',*,*,#1439,.F.);
#1534 = CYLINDRICAL_SURFACE('',#1535,4.E-02);
#1535 = AXIS2_PLACEMENT_3D('',#1536,#1537,#1538);
#1536 = CARTESIAN_POINT('',(-0.6,0.545,8.E-02));
#1537 = DIRECTION('',(1.,0.,0.));
#1538 = DIRECTION('',(-0.,1.,0.));
#1539 = ADVANCED_FACE('',(#1540),#1558,.T.);
#1540 = FACE_BOUND('',#1541,.T.);
#1541 = EDGE_LOOP('',(#1542,#1550,#1551,#1552));
#1542 = ORIENTED_EDGE('',*,*,#1543,.F.);
#1543 = EDGE_CURVE('',#1519,#1544,#1546,.T.);
#1544 = VERTEX_POINT('',#1545);
#1545 = CARTESIAN_POINT('',(0.6,0.585,1.17));
#1546 = LINE('',#1547,#1548);
#1547 = CARTESIAN_POINT('',(0.6,0.585,4.E-02));
#1548 = VECTOR('',#1549,1.);
#1549 = DIRECTION('',(0.,0.,1.));
#1550 = ORIENTED_EDGE('',*,*,#1518,.F.);
#1551 = ORIENTED_EDGE('',*,*,#1431,.T.);
#1552 = ORIENTED_EDGE('',*,*,#1553,.T.);
#1553 = EDGE_CURVE('',#1423,#1544,#1554,.T.);
#1554 = LINE('',#1555,#1556);
#1555 = CARTESIAN_POINT('',(-0.6,0.585,1.17));
#1556 = VECTOR('',#1557,1.);
#1557 = DIRECTION('',(1.,0.,0.));
#1558 = PLANE('',#1559);
#1559 = AXIS2_PLACEMENT_3D('',#1560,#1561,#1562);
#1560 = CARTESIAN_POINT('',(-0.6,0.585,4.E-02));
#1561 = DIRECTION('',(0.,1.,0.));
#1562 = DIRECTION('',(0.,-0.,1.));
#1563 = ADVANCED_FACE('',(#1564),#1583,.T.);
#1564 = FACE_BOUND('',#1565,.T.);
#1565 = EDGE_LOOP('',(#1566,#1567,#1575,#1582));
#1566 = ORIENTED_EDGE('',*,*,#1422,.T.);
#1567 = ORIENTED_EDGE('',*,*,#1568,.T.);
#1568 = EDGE_CURVE('',#1415,#1569,#1571,.T.);
#1569 = VERTEX_POINT('',#1570);
#1570 = CARTESIAN_POINT('',(0.6,0.545,1.21));
#1571 = LINE('',#1572,#1573);
#1572 = CARTESIAN_POINT('',(-0.6,0.545,1.21));
#1573 = VECTOR('',#1574,1.);
#1574 = DIRECTION('',(1.,0.,0.));
#1575 = ORIENTED_EDGE('',*,*,#1576,.F.);
#1576 = EDGE_CURVE('',#1544,#1569,#1577,.T.);
#1577 = CIRCLE('',#1578,4.E-02);
#1578 = AXIS2_PLACEMENT_3D('',#1579,#1580,#1581);
#1579 = CARTESIAN_POINT('',(0.6,0.545,1.17));
#1580 = DIRECTION('',(1.,0.,-0.));
#1581 = DIRECTION('',(0.,0.,1.));
#1582 = ORIENTED_EDGE('',*,*,#1553,.F.);
#1583 = CYLINDRICAL_SURFACE('',#1584,4.E-02);
#1584 = AXIS2_PLACEMENT_3D('',#1585,#1586,#1587);
#1585 = CARTESIAN_POINT('',(-0.6,0.545,1.17));
#1586 = DIRECTION('',(1.,0.,0.));
#1587 = DIRECTION('',(-0.,1.,0.));
#1588 = ADVANCED_FACE('',(#1589),#1607,.T.);
#1589 = FACE_BOUND('',#1590,.T.);
#1590 = EDGE_LOOP('',(#1591,#1592,#1600,#1606));
#1591 = ORIENTED_EDGE('',*,*,#1414,.F.);
#1592 = ORIENTED_EDGE('',*,*,#1593,.T.);
#1593 = EDGE_CURVE('',#1406,#1594,#1596,.T.);
#1594 = VERTEX_POINT('',#1595);
#1595 = CARTESIAN_POINT('',(0.6,-0.545,1.21));
#1596 = LINE('',#1597,#1598);
#1597 = CARTESIAN_POINT('',(-0.6,-0.545,1.21));
#1598 = VECTOR('',#1599,1.);
#1599 = DIRECTION('',(1.,0.,0.));
#1600 = ORIENTED_EDGE('',*,*,#1601,.T.);
#1601 = EDGE_CURVE('',#1594,#1569,#1602,.T.);
#1602 = LINE('',#1603,#1604);
#1603 = CARTESIAN_POINT('',(0.6,-0.585,1.21));
#1604 = VECTOR('',#1605,1.);
#1605 = DIRECTION('',(0.,1.,0.));
#1606 = ORIENTED_EDGE('',*,*,#1568,.F.);
#1607 = PLANE('',#1608);
#1608 = AXIS2_PLACEMENT_3D('',#1609,#1610,#1611);
#1609 = CARTESIAN_POINT('',(-0.6,-0.585,1.21));
#1610 = DIRECTION('',(0.,0.,1.));
#1611 = DIRECTION('',(1.,0.,-0.));
#1612 = ADVANCED_FACE('',(#1613),#1632,.T.);
#1613 = FACE_BOUND('',#1614,.T.);
#1614 = EDGE_LOOP('',(#1615,#1623,#1630,#1631));
#1615 = ORIENTED_EDGE('',*,*,#1616,.T.);
#1616 = EDGE_CURVE('',#1398,#1617,#1619,.T.);
#1617 = VERTEX_POINT('',#1618);
#1618 = CARTESIAN_POINT('',(0.6,-0.585,1.17));
#1619 = LINE('',#1620,#1621);
#1620 = CARTESIAN_POINT('',(-0.6,-0.585,1.17));
#1621 = VECTOR('',#1622,1.);
#1622 = DIRECTION('',(1.,0.,0.));
#1623 = ORIENTED_EDGE('',*,*,#1624,.T.);
#1624 = EDGE_CURVE('',#1617,#1594,#1625,.T.);
#1625 = CIRCLE('',#1626,4.E-02);
#1626 = AXIS2_PLACEMENT_3D('',#1627,#1628,#1629);
#1627 = CARTESIAN_POINT('',(0.6,-0.545,1.17));
#1628 = DIRECTION('',(-1.,0.,0.));
#1629 = DIRECTION('',(0.,0.,1.));
#1630 = ORIENTED_EDGE('',*,*,#1593,.F.);
#1631 = ORIENTED_EDGE('',*,*,#1405,.F.);
#1632 = CYLINDRICAL_SURFACE('',#1633,4.E-02);
#1633 = AXIS2_PLACEMENT_3D('',#1634,#1635,#1636);
#1634 = CARTESIAN_POINT('',(-0.6,-0.545,1.17));
#1635 = DIRECTION('',(1.,0.,0.));
#1636 = DIRECTION('',(0.,-1.,0.));
#1637 = ADVANCED_FACE('',(#1638),#1649,.F.);
#1638 = FACE_BOUND('',#1639,.F.);
#1639 = EDGE_LOOP('',(#1640,#1646,#1647,#1648));
#1640 = ORIENTED_EDGE('',*,*,#1641,.F.);
#1641 = EDGE_CURVE('',#1472,#1617,#1642,.T.);
#1642 = LINE('',#1643,#1644);
#1643 = CARTESIAN_POINT('',(0.6,-0.585,4.E-02));
#1644 = VECTOR('',#1645,1.);
#1645 = DIRECTION('',(0.,0.,1.));
#1646 = ORIENTED_EDGE('',*,*,#1480,.F.);
#1647 = ORIENTED_EDGE('',*,*,#1397,.T.);
#1648 = ORIENTED_EDGE('',*,*,#1616,.T.);
#1649 = PLANE('',#1650);
#1650 = AXIS2_PLACEMENT_3D('',#1651,#1652,#1653);
#1651 = CARTESIAN_POINT('',(-0.6,-0.585,4.E-02));
#1652 = DIRECTION('',(0.,1.,0.));
#1653 = DIRECTION('',(0.,-0.,1.));
#1654 = ADVANCED_FACE('',(#1655,#1725),#1735,.F.);
#1655 = FACE_BOUND('',#1656,.F.);
#1656 = EDGE_LOOP('',(#1657,#1667,#1676,#1684,#1693,#1701,#1710,#1718));
#1657 = ORIENTED_EDGE('',*,*,#1658,.F.);
#1658 = EDGE_CURVE('',#1659,#1661,#1663,.T.);
#1659 = VERTEX_POINT('',#1660);
#1660 = CARTESIAN_POINT('',(0.6,-0.625,4.E-02));
#1661 = VERTEX_POINT('',#1662);
#1662 = CARTESIAN_POINT('',(0.6,-0.625,1.21));
#1663 = LINE('',#1664,#1665);
#1664 = CARTESIAN_POINT('',(0.6,-0.625,0.));
#1665 = VECTOR('',#1666,1.);
#1666 = DIRECTION('',(0.,0.,1.));
#1667 = ORIENTED_EDGE('',*,*,#1668,.T.);
#1668 = EDGE_CURVE('',#1659,#1669,#1671,.T.);
#1669 = VERTEX_POINT('',#1670);
#1670 = CARTESIAN_POINT('',(0.6,-0.585,0.));
#1671 = CIRCLE('',#1672,4.E-02);
#1672 = AXIS2_PLACEMENT_3D('',#1673,#1674,#1675);
#1673 = CARTESIAN_POINT('',(0.6,-0.585,4.E-02));
#1674 = DIRECTION('',(1.,0.,-0.));
#1675 = DIRECTION('',(0.,0.,1.));
#1676 = ORIENTED_EDGE('',*,*,#1677,.T.);
#1677 = EDGE_CURVE('',#1669,#1678,#1680,.T.);
#1678 = VERTEX_POINT('',#1679);
#1679 = CARTESIAN_POINT('',(0.6,0.585,0.));
#1680 = LINE('',#1681,#1682);
#1681 = CARTESIAN_POINT('',(0.6,-0.625,0.));
#1682 = VECTOR('',#1683,1.);
#1683 = DIRECTION('',(0.,1.,0.));
#1684 = ORIENTED_EDGE('',*,*,#1685,.F.);
#1685 = EDGE_CURVE('',#1686,#1678,#1688,.T.);
#1686 = VERTEX_POINT('',#1687);
#1687 = CARTESIAN_POINT('',(0.6,0.625,4.E-02));
#1688 = CIRCLE('',#1689,4.E-02);
#1689 = AXIS2_PLACEMENT_3D('',#1690,#1691,#1692);
#1690 = CARTESIAN_POINT('',(0.6,0.585,4.E-02));
#1691 = DIRECTION('',(-1.,0.,0.));
#1692 = DIRECTION('',(0.,0.,1.));
#1693 = ORIENTED_EDGE('',*,*,#1694,.T.);
#1694 = EDGE_CURVE('',#1686,#1695,#1697,.T.);
#1695 = VERTEX_POINT('',#1696);
#1696 = CARTESIAN_POINT('',(0.6,0.625,1.21));
#1697 = LINE('',#1698,#1699);
#1698 = CARTESIAN_POINT('',(0.6,0.625,0.));
#1699 = VECTOR('',#1700,1.);
#1700 = DIRECTION('',(0.,0.,1.));
#1701 = ORIENTED_EDGE('',*,*,#1702,.T.);
#1702 = EDGE_CURVE('',#1695,#1703,#1705,.T.);
#1703 = VERTEX_POINT('',#1704);
#1704 = CARTESIAN_POINT('',(0.6,0.585,1.25));
#1705 = CIRCLE('',#1706,4.E-02);
#1706 = AXIS2_PLACEMENT_3D('',#1707,#1708,#1709);
#1707 = CARTESIAN_POINT('',(0.6,0.585,1.21));
#1708 = DIRECTION('',(1.,0.,-0.));
#1709 = DIRECTION('',(0.,0.,1.));
#1710 = ORIENTED_EDGE('',*,*,#1711,.F.);
#1711 = EDGE_CURVE('',#1712,#1703,#1714,.T.);
#1712 = VERTEX_POINT('',#1713);
#1713 = CARTESIAN_POINT('',(0.6,-0.585,1.25));
#1714 = LINE('',#1715,#1716);
#1715 = CARTESIAN_POINT('',(0.6,-0.625,1.25));
#1716 = VECTOR('',#1717,1.);
#1717 = DIRECTION('',(0.,1.,0.));
#1718 = ORIENTED_EDGE('',*,*,#1719,.F.);
#1719 = EDGE_CURVE('',#1661,#1712,#1720,.T.);
#1720 = CIRCLE('',#1721,4.E-02);
#1721 = AXIS2_PLACEMENT_3D('',#1722,#1723,#1724);
#1722 = CARTESIAN_POINT('',(0.6,-0.585,1.21));
#1723 = DIRECTION('',(-1.,0.,0.));
#1724 = DIRECTION('',(0.,0.,1.));
#1725 = FACE_BOUND('',#1726,.F.);
#1726 = EDGE_LOOP('',(#1727,#1728,#1729,#1730,#1731,#1732,#1733,#1734));
#1727 = ORIENTED_EDGE('',*,*,#1471,.F.);
#1728 = ORIENTED_EDGE('',*,*,#1641,.T.);
#1729 = ORIENTED_EDGE('',*,*,#1624,.T.);
#1730 = ORIENTED_EDGE('',*,*,#1601,.T.);
#1731 = ORIENTED_EDGE('',*,*,#1576,.F.);
#1732 = ORIENTED_EDGE('',*,*,#1543,.F.);
#1733 = ORIENTED_EDGE('',*,*,#1526,.T.);
#1734 = ORIENTED_EDGE('',*,*,#1496,.F.);
#1735 = PLANE('',#1736);
#1736 = AXIS2_PLACEMENT_3D('',#1737,#1738,#1739);
#1737 = CARTESIAN_POINT('',(0.6,-0.625,0.));
#1738 = DIRECTION('',(1.,0.,0.));
#1739 = DIRECTION('',(0.,0.,1.));
#1740 = ADVANCED_FACE('',(#1741),#1766,.F.);
#1741 = FACE_BOUND('',#1742,.F.);
#1742 = EDGE_LOOP('',(#1743,#1753,#1759,#1760));
#1743 = ORIENTED_EDGE('',*,*,#1744,.F.);
#1744 = EDGE_CURVE('',#1745,#1747,#1749,.T.);
#1745 = VERTEX_POINT('',#1746);
#1746 = CARTESIAN_POINT('',(1.,-0.625,4.E-02));
#1747 = VERTEX_POINT('',#1748);
#1748 = CARTESIAN_POINT('',(1.,-0.625,1.21));
#1749 = LINE('',#1750,#1751);
#1750 = CARTESIAN_POINT('',(1.,-0.625,0.));
#1751 = VECTOR('',#1752,1.);
#1752 = DIRECTION('',(0.,0.,1.));
#1753 = ORIENTED_EDGE('',*,*,#1754,.F.);
#1754 = EDGE_CURVE('',#1659,#1745,#1755,.T.);
#1755 = LINE('',#1756,#1757);
#1756 = CARTESIAN_POINT('',(0.6,-0.625,4.E-02));
#1757 = VECTOR('',#1758,1.);
#1758 = DIRECTION('',(1.,0.,0.));
#1759 = ORIENTED_EDGE('',*,*,#1658,.T.);
#1760 = ORIENTED_EDGE('',*,*,#1761,.T.);
#1761 = EDGE_CURVE('',#1661,#1747,#1762,.T.);
#1762 = LINE('',#1763,#1764);
#1763 = CARTESIAN_POINT('',(0.6,-0.625,1.21));
#1764 = VECTOR('',#1765,1.);
#1765 = DIRECTION('',(1.,0.,0.));
#1766 = PLANE('',#1767);
#1767 = AXIS2_PLACEMENT_3D('',#1768,#1769,#1770);
#1768 = CARTESIAN_POINT('',(0.6,-0.625,0.));
#1769 = DIRECTION('',(0.,1.,0.));
#1770 = DIRECTION('',(0.,-0.,1.));
#1771 = ADVANCED_FACE('',(#1772),#1791,.T.);
#1772 = FACE_BOUND('',#1773,.T.);
#1773 = EDGE_LOOP('',(#1774,#1775,#1783,#1790));
#1774 = ORIENTED_EDGE('',*,*,#1668,.T.);
#1775 = ORIENTED_EDGE('',*,*,#1776,.T.);
#1776 = EDGE_CURVE('',#1669,#1777,#1779,.T.);
#1777 = VERTEX_POINT('',#1778);
#1778 = CARTESIAN_POINT('',(1.,-0.585,0.));
#1779 = LINE('',#1780,#1781);
#1780 = CARTESIAN_POINT('',(0.6,-0.585,0.));
#1781 = VECTOR('',#1782,1.);
#1782 = DIRECTION('',(1.,0.,0.));
#1783 = ORIENTED_EDGE('',*,*,#1784,.F.);
#1784 = EDGE_CURVE('',#1745,#1777,#1785,.T.);
#1785 = CIRCLE('',#1786,4.E-02);
#1786 = AXIS2_PLACEMENT_3D('',#1787,#1788,#1789);
#1787 = CARTESIAN_POINT('',(1.,-0.585,4.E-02));
#1788 = DIRECTION('',(1.,0.,-0.));
#1789 = DIRECTION('',(0.,0.,1.));
#1790 = ORIENTED_EDGE('',*,*,#1754,.F.);
#1791 = CYLINDRICAL_SURFACE('',#1792,4.E-02);
#1792 = AXIS2_PLACEMENT_3D('',#1793,#1794,#1795);
#1793 = CARTESIAN_POINT('',(0.6,-0.585,4.E-02));
#1794 = DIRECTION('',(1.,0.,0.));
#1795 = DIRECTION('',(0.,-1.,0.));
#1796 = ADVANCED_FACE('',(#1797),#1816,.T.);
#1797 = FACE_BOUND('',#1798,.T.);
#1798 = EDGE_LOOP('',(#1799,#1800,#1809,#1815));
#1799 = ORIENTED_EDGE('',*,*,#1761,.T.);
#1800 = ORIENTED_EDGE('',*,*,#1801,.T.);
#1801 = EDGE_CURVE('',#1747,#1802,#1804,.T.);
#1802 = VERTEX_POINT('',#1803);
#1803 = CARTESIAN_POINT('',(1.,-0.585,1.25));
#1804 = CIRCLE('',#1805,4.E-02);
#1805 = AXIS2_PLACEMENT_3D('',#1806,#1807,#1808);
#1806 = CARTESIAN_POINT('',(1.,-0.585,1.21));
#1807 = DIRECTION('',(-1.,0.,0.));
#1808 = DIRECTION('',(0.,0.,1.));
#1809 = ORIENTED_EDGE('',*,*,#1810,.F.);
#1810 = EDGE_CURVE('',#1712,#1802,#1811,.T.);
#1811 = LINE('',#1812,#1813);
#1812 = CARTESIAN_POINT('',(0.6,-0.585,1.25));
#1813 = VECTOR('',#1814,1.);
#1814 = DIRECTION('',(1.,0.,0.));
#1815 = ORIENTED_EDGE('',*,*,#1719,.F.);
#1816 = CYLINDRICAL_SURFACE('',#1817,4.E-02);
#1817 = AXIS2_PLACEMENT_3D('',#1818,#1819,#1820);
#1818 = CARTESIAN_POINT('',(0.6,-0.585,1.21));
#1819 = DIRECTION('',(1.,0.,0.));
#1820 = DIRECTION('',(0.,-1.,0.));
#1821 = ADVANCED_FACE('',(#1822),#1840,.F.);
#1822 = FACE_BOUND('',#1823,.F.);
#1823 = EDGE_LOOP('',(#1824,#1825,#1826,#1834));
#1824 = ORIENTED_EDGE('',*,*,#1677,.F.);
#1825 = ORIENTED_EDGE('',*,*,#1776,.T.);
#1826 = ORIENTED_EDGE('',*,*,#1827,.T.);
#1827 = EDGE_CURVE('',#1777,#1828,#1830,.T.);
#1828 = VERTEX_POINT('',#1829);
#1829 = CARTESIAN_POINT('',(1.,0.585,0.));
#1830 = LINE('',#1831,#1832);
#1831 = CARTESIAN_POINT('',(1.,-0.625,0.));
#1832 = VECTOR('',#1833,1.);
#1833 = DIRECTION('',(0.,1.,0.));
#1834 = ORIENTED_EDGE('',*,*,#1835,.F.);
#1835 = EDGE_CURVE('',#1678,#1828,#1836,.T.);
#1836 = LINE('',#1837,#1838);
#1837 = CARTESIAN_POINT('',(0.6,0.585,0.));
#1838 = VECTOR('',#1839,1.);
#1839 = DIRECTION('',(1.,0.,0.));
#1840 = PLANE('',#1841);
#1841 = AXIS2_PLACEMENT_3D('',#1842,#1843,#1844);
#1842 = CARTESIAN_POINT('',(0.6,-0.625,0.));
#1843 = DIRECTION('',(0.,0.,1.));
#1844 = DIRECTION('',(1.,0.,-0.));
#1845 = ADVANCED_FACE('',(#1846),#1864,.T.);
#1846 = FACE_BOUND('',#1847,.T.);
#1847 = EDGE_LOOP('',(#1848,#1849,#1850,#1858));
#1848 = ORIENTED_EDGE('',*,*,#1711,.F.);
#1849 = ORIENTED_EDGE('',*,*,#1810,.T.);
#1850 = ORIENTED_EDGE('',*,*,#1851,.T.);
#1851 = EDGE_CURVE('',#1802,#1852,#1854,.T.);
#1852 = VERTEX_POINT('',#1853);
#1853 = CARTESIAN_POINT('',(1.,0.585,1.25));
#1854 = LINE('',#1855,#1856);
#1855 = CARTESIAN_POINT('',(1.,-0.625,1.25));
#1856 = VECTOR('',#1857,1.);
#1857 = DIRECTION('',(0.,1.,0.));
#1858 = ORIENTED_EDGE('',*,*,#1859,.F.);
#1859 = EDGE_CURVE('',#1703,#1852,#1860,.T.);
#1860 = LINE('',#1861,#1862);
#1861 = CARTESIAN_POINT('',(0.6,0.585,1.25));
#1862 = VECTOR('',#1863,1.);
#1863 = DIRECTION('',(1.,0.,0.));
#1864 = PLANE('',#1865);
#1865 = AXIS2_PLACEMENT_3D('',#1866,#1867,#1868);
#1866 = CARTESIAN_POINT('',(0.6,-0.625,1.25));
#1867 = DIRECTION('',(0.,0.,1.));
#1868 = DIRECTION('',(1.,0.,-0.));
#1869 = ADVANCED_FACE('',(#1870),#1889,.T.);
#1870 = FACE_BOUND('',#1871,.T.);
#1871 = EDGE_LOOP('',(#1872,#1880,#1887,#1888));
#1872 = ORIENTED_EDGE('',*,*,#1873,.T.);
#1873 = EDGE_CURVE('',#1686,#1874,#1876,.T.);
#1874 = VERTEX_POINT('',#1875);
#1875 = CARTESIAN_POINT('',(1.,0.625,4.E-02));
#1876 = LINE('',#1877,#1878);
#1877 = CARTESIAN_POINT('',(0.6,0.625,4.E-02));
#1878 = VECTOR('',#1879,1.);
#1879 = DIRECTION('',(1.,0.,0.));
#1880 = ORIENTED_EDGE('',*,*,#1881,.T.);
#1881 = EDGE_CURVE('',#1874,#1828,#1882,.T.);
#1882 = CIRCLE('',#1883,4.E-02);
#1883 = AXIS2_PLACEMENT_3D('',#1884,#1885,#1886);
#1884 = CARTESIAN_POINT('',(1.,0.585,4.E-02));
#1885 = DIRECTION('',(-1.,0.,0.));
#1886 = DIRECTION('',(0.,0.,1.));
#1887 = ORIENTED_EDGE('',*,*,#1835,.F.);
#1888 = ORIENTED_EDGE('',*,*,#1685,.F.);
#1889 = CYLINDRICAL_SURFACE('',#1890,4.E-02);
#1890 = AXIS2_PLACEMENT_3D('',#1891,#1892,#1893);
#1891 = CARTESIAN_POINT('',(0.6,0.585,4.E-02));
#1892 = DIRECTION('',(1.,0.,0.));
#1893 = DIRECTION('',(-0.,1.,0.));
#1894 = ADVANCED_FACE('',(#1895),#1914,.T.);
#1895 = FACE_BOUND('',#1896,.T.);
#1896 = EDGE_LOOP('',(#1897,#1898,#1899,#1908));
#1897 = ORIENTED_EDGE('',*,*,#1702,.T.);
#1898 = ORIENTED_EDGE('',*,*,#1859,.T.);
#1899 = ORIENTED_EDGE('',*,*,#1900,.F.);
#1900 = EDGE_CURVE('',#1901,#1852,#1903,.T.);
#1901 = VERTEX_POINT('',#1902);
#1902 = CARTESIAN_POINT('',(1.,0.625,1.21));
#1903 = CIRCLE('',#1904,4.E-02);
#1904 = AXIS2_PLACEMENT_3D('',#1905,#1906,#1907);
#1905 = CARTESIAN_POINT('',(1.,0.585,1.21));
#1906 = DIRECTION('',(1.,0.,-0.));
#1907 = DIRECTION('',(0.,0.,1.));
#1908 = ORIENTED_EDGE('',*,*,#1909,.F.);
#1909 = EDGE_CURVE('',#1695,#1901,#1910,.T.);
#1910 = LINE('',#1911,#1912);
#1911 = CARTESIAN_POINT('',(0.6,0.625,1.21));
#1912 = VECTOR('',#1913,1.);
#1913 = DIRECTION('',(1.,0.,0.));
#1914 = CYLINDRICAL_SURFACE('',#1915,4.E-02);
#1915 = AXIS2_PLACEMENT_3D('',#1916,#1917,#1918);
#1916 = CARTESIAN_POINT('',(0.6,0.585,1.21));
#1917 = DIRECTION('',(1.,0.,0.));
#1918 = DIRECTION('',(-0.,1.,0.));
#1919 = ADVANCED_FACE('',(#1920),#1931,.T.);
#1920 = FACE_BOUND('',#1921,.T.);
#1921 = EDGE_LOOP('',(#1922,#1928,#1929,#1930));
#1922 = ORIENTED_EDGE('',*,*,#1923,.F.);
#1923 = EDGE_CURVE('',#1874,#1901,#1924,.T.);
#1924 = LINE('',#1925,#1926);
#1925 = CARTESIAN_POINT('',(1.,0.625,0.));
#1926 = VECTOR('',#1927,1.);
#1927 = DIRECTION('',(0.,0.,1.));
#1928 = ORIENTED_EDGE('',*,*,#1873,.F.);
#1929 = ORIENTED_EDGE('',*,*,#1694,.T.);
#1930 = ORIENTED_EDGE('',*,*,#1909,.T.);
#1931 = PLANE('',#1932);
#1932 = AXIS2_PLACEMENT_3D('',#1933,#1934,#1935);
#1933 = CARTESIAN_POINT('',(0.6,0.625,0.));
#1934 = DIRECTION('',(0.,1.,0.));
#1935 = DIRECTION('',(0.,-0.,1.));
#1936 = ADVANCED_FACE('',(#1937),#1947,.T.);
#1937 = FACE_BOUND('',#1938,.T.);
#1938 = EDGE_LOOP('',(#1939,#1940,#1941,#1942,#1943,#1944,#1945,#1946));
#1939 = ORIENTED_EDGE('',*,*,#1744,.F.);
#1940 = ORIENTED_EDGE('',*,*,#1784,.T.);
#1941 = ORIENTED_EDGE('',*,*,#1827,.T.);
#1942 = ORIENTED_EDGE('',*,*,#1881,.F.);
#1943 = ORIENTED_EDGE('',*,*,#1923,.T.);
#1944 = ORIENTED_EDGE('',*,*,#1900,.T.);
#1945 = ORIENTED_EDGE('',*,*,#1851,.F.);
#1946 = ORIENTED_EDGE('',*,*,#1801,.F.);
#1947 = PLANE('',#1948);
#1948 = AXIS2_PLACEMENT_3D('',#1949,#1950,#1951);
#1949 = CARTESIAN_POINT('',(1.,-0.625,0.));
#1950 = DIRECTION('',(1.,0.,0.));
#1951 = DIRECTION('',(0.,0.,1.));
#1952 = ( GEOMETRIC_REPRESENTATION_CONTEXT(3) 
GLOBAL_UNCERTAINTY_ASSIGNED_CONTEXT((#1956)) 
GLOBAL_UNIT_ASSIGNED_CONTEXT((#1953,#1954,#1955)) REPRESENTATION_CONTEXT
('Context #1','3D Context with UNIT and UNCERTAINTY') );
#1953 = ( LENGTH_UNIT() NAMED_UNIT(*) SI_UNIT(.MILLI.,.METRE.) );
#1954 = ( NAMED_UNIT(*) PLANE_ANGLE_UNIT() SI_UNIT($,.RADIAN.) );
#1955 = ( NAMED_UNIT(*) SI_UNIT($,.STERADIAN.) SOLID_ANGLE_UNIT() );
#1956 = UNCERTAINTY_MEASURE_WITH_UNIT(LENGTH_MEASURE(1.E-07),#1953,
  'distance_accuracy_value','confusion accuracy');
#1957 = CONTEXT_DEPENDENT_SHAPE_REPRESENTATION(#1958,#1960);
#1958 = ( REPRESENTATION_RELATIONSHIP('','',#1097,#1074) 
REPRESENTATION_RELATIONSHIP_WITH_TRANSFORMATION(#1959) 
SHAPE_REPRESENTATION_RELATIONSHIP() );
#1959 = ITEM_DEFINED_TRANSFORMATION('','',#11,#1075);
#1960 = PRODUCT_DEFINITION_SHAPE('Placement','Placement of an item',
  #1961);
#1961 = NEXT_ASSEMBLY_USAGE_OCCURRENCE('5','=>[0:1:1:5]','',#1069,#1092,
  $);
#1962 = PRODUCT_RELATED_PRODUCT_CATEGORY('part',$,(#1094));
#1963 = CONTEXT_DEPENDENT_SHAPE_REPRESENTATION(#1964,#1966);
#1964 = ( REPRESENTATION_RELATIONSHIP('','',#168,#10) 
REPRESENTATION_RELATIONSHIP_WITH_TRANSFORMATION(#1965) 
SHAPE_REPRESENTATION_RELATIONSHIP() );
#1965 = ITEM_DEFINED_TRANSFORMATION('','',#11,#31);
#1966 = PRODUCT_DEFINITION_SHAPE('Placement','Placement of an item',
  #1967);
#1967 = NEXT_ASSEMBLY_USAGE_OCCURRENCE('7','R13','',#5,#163,$);
#1968 = SHAPE_DEFINITION_REPRESENTATION(#1969,#1975);
#1969 = PRODUCT_DEFINITION_SHAPE('','',#1970);
#1970 = PRODUCT_DEFINITION('design','',#1971,#1974);
#1971 = PRODUCT_DEFINITION_FORMATION('','',#1972);
#1972 = PRODUCT('R_0603_1608Metric','R_0603_1608Metric','',(#1973));
#1973 = PRODUCT_CONTEXT('',#2,'mechanical');
#1974 = PRODUCT_DEFINITION_CONTEXT('part definition',#2,'design');
#1975 = SHAPE_REPRESENTATION('',(#11,#1976),#1980);
#1976 = AXIS2_PLACEMENT_3D('',#1977,#1978,#1979);
#1977 = CARTESIAN_POINT('',(0.,0.,0.));
#1978 = DIRECTION('',(0.,0.,1.));
#1979 = DIRECTION('',(1.,0.,-0.));
#1980 = ( GEOMETRIC_REPRESENTATION_CONTEXT(3) 
GLOBAL_UNCERTAINTY_ASSIGNED_CONTEXT((#1984)) 
GLOBAL_UNIT_ASSIGNED_CONTEXT((#1981,#1982,#1983)) REPRESENTATION_CONTEXT
('Context #1','3D Context with UNIT and UNCERTAINTY') );
#1981 = ( LENGTH_UNIT() NAMED_UNIT(*) SI_UNIT(.MILLI.,.METRE.) );
#1982 = ( NAMED_UNIT(*) PLANE_ANGLE_UNIT() SI_UNIT($,.RADIAN.) );
#1983 = ( NAMED_UNIT(*) SI_UNIT($,.STERADIAN.) SOLID_ANGLE_UNIT() );
#1984 = UNCERTAINTY_MEASURE_WITH_UNIT(LENGTH_MEASURE(1.E-07),#1981,
  'distance_accuracy_value','confusion accuracy');
#1985 = CONTEXT_DEPENDENT_SHAPE_REPRESENTATION(#1986,#1988);
#1986 = ( REPRESENTATION_RELATIONSHIP('','',#1975,#10) 
REPRESENTATION_RELATIONSHIP_WITH_TRANSFORMATION(#1987) 
SHAPE_REPRESENTATION_RELATIONSHIP() );
#1987 = ITEM_DEFINED_TRANSFORMATION('','',#11,#35);
#1988 = PRODUCT_DEFINITION_SHAPE('Placement','Placement of an item',
  #1989);
#1989 = NEXT_ASSEMBLY_USAGE_OCCURRENCE('9','R1','',#5,#1970,$);
#1990 = PRODUCT_RELATED_PRODUCT_CATEGORY('part',$,(#1972));
#1991 = SHAPE_DEFINITION_REPRESENTATION(#1992,#1998);
#1992 = PRODUCT_DEFINITION_SHAPE('','',#1993);
#1993 = PRODUCT_DEFINITION('design','',#1994,#1997);
#1994 = PRODUCT_DEFINITION_FORMATION('','',#1995);
#1995 = PRODUCT('R_0603_1608Metric','R_0603_1608Metric','',(#1996));
#1996 = PRODUCT_CONTEXT('',#2,'mechanical');
#1997 = PRODUCT_DEFINITION_CONTEXT('part definition',#2,'design');
#1998 = ADVANCED_BREP_SHAPE_REPRESENTATION('',(#11,#1999),#2789);
#1999 = MANIFOLD_SOLID_BREP('',#2000);
#2000 = CLOSED_SHELL('',(#2001,#2041,#2124,#2149,#2174,#2241,#2258,#2275
    ,#2324,#2341,#2358,#2407,#2424,#2493,#2524,#2548,#2617,#2641,#2658,
    #2675,#2692,#2709,#2726,#2743,#2760,#2777));
#2001 = ADVANCED_FACE('',(#2002),#2036,.F.);
#2002 = FACE_BOUND('',#2003,.F.);
#2003 = EDGE_LOOP('',(#2004,#2014,#2022,#2030));
#2004 = ORIENTED_EDGE('',*,*,#2005,.F.);
#2005 = EDGE_CURVE('',#2006,#2008,#2010,.T.);
#2006 = VERTEX_POINT('',#2007);
#2007 = CARTESIAN_POINT('',(-0.8,-0.4,4.5E-02));
#2008 = VERTEX_POINT('',#2009);
#2009 = CARTESIAN_POINT('',(-0.8,-0.4,0.405));
#2010 = LINE('',#2011,#2012);
#2011 = CARTESIAN_POINT('',(-0.8,-0.4,0.));
#2012 = VECTOR('',#2013,1.);
#2013 = DIRECTION('',(0.,0.,1.));
#2014 = ORIENTED_EDGE('',*,*,#2015,.T.);
#2015 = EDGE_CURVE('',#2006,#2016,#2018,.T.);
#2016 = VERTEX_POINT('',#2017);
#2017 = CARTESIAN_POINT('',(-0.8,0.4,4.5E-02));
#2018 = LINE('',#2019,#2020);
#2019 = CARTESIAN_POINT('',(-0.8,-0.4,4.5E-02));
#2020 = VECTOR('',#2021,1.);
#2021 = DIRECTION('',(0.,1.,0.));
#2022 = ORIENTED_EDGE('',*,*,#2023,.T.);
#2023 = EDGE_CURVE('',#2016,#2024,#2026,.T.);
#2024 = VERTEX_POINT('',#2025);
#2025 = CARTESIAN_POINT('',(-0.8,0.4,0.405));
#2026 = LINE('',#2027,#2028);
#2027 = CARTESIAN_POINT('',(-0.8,0.4,0.));
#2028 = VECTOR('',#2029,1.);
#2029 = DIRECTION('',(0.,0.,1.));
#2030 = ORIENTED_EDGE('',*,*,#2031,.F.);
#2031 = EDGE_CURVE('',#2008,#2024,#2032,.T.);
#2032 = LINE('',#2033,#2034);
#2033 = CARTESIAN_POINT('',(-0.8,-0.4,0.405));
#2034 = VECTOR('',#2035,1.);
#2035 = DIRECTION('',(0.,1.,0.));
#2036 = PLANE('',#2037);
#2037 = AXIS2_PLACEMENT_3D('',#2038,#2039,#2040);
#2038 = CARTESIAN_POINT('',(-0.8,-0.4,0.));
#2039 = DIRECTION('',(1.,0.,0.));
#2040 = DIRECTION('',(0.,0.,1.));
#2041 = ADVANCED_FACE('',(#2042),#2119,.F.);
#2042 = FACE_BOUND('',#2043,.F.);
#2043 = EDGE_LOOP('',(#2044,#2054,#2061,#2062,#2071,#2079,#2088,#2096,
    #2104,#2112));
#2044 = ORIENTED_EDGE('',*,*,#2045,.F.);
#2045 = EDGE_CURVE('',#2046,#2048,#2050,.T.);
#2046 = VERTEX_POINT('',#2047);
#2047 = CARTESIAN_POINT('',(-0.755,-0.4,-2.775557561563E-17));
#2048 = VERTEX_POINT('',#2049);
#2049 = CARTESIAN_POINT('',(-0.545,-0.4,-2.775557561563E-17));
#2050 = LINE('',#2051,#2052);
#2051 = CARTESIAN_POINT('',(-0.8,-0.4,0.));
#2052 = VECTOR('',#2053,1.);
#2053 = DIRECTION('',(1.,0.,0.));
#2054 = ORIENTED_EDGE('',*,*,#2055,.F.);
#2055 = EDGE_CURVE('',#2006,#2046,#2056,.T.);
#2056 = CIRCLE('',#2057,4.5E-02);
#2057 = AXIS2_PLACEMENT_3D('',#2058,#2059,#2060);
#2058 = CARTESIAN_POINT('',(-0.755,-0.4,4.5E-02));
#2059 = DIRECTION('',(0.,-1.,0.));
#2060 = DIRECTION('',(0.,0.,1.));
#2061 = ORIENTED_EDGE('',*,*,#2005,.T.);
#2062 = ORIENTED_EDGE('',*,*,#2063,.T.);
#2063 = EDGE_CURVE('',#2008,#2064,#2066,.T.);
#2064 = VERTEX_POINT('',#2065);
#2065 = CARTESIAN_POINT('',(-0.755,-0.4,0.45));
#2066 = CIRCLE('',#2067,4.5E-02);
#2067 = AXIS2_PLACEMENT_3D('',#2068,#2069,#2070);
#2068 = CARTESIAN_POINT('',(-0.755,-0.4,0.405));
#2069 = DIRECTION('',(0.,1.,0.));
#2070 = DIRECTION('',(0.,-0.,1.));
#2071 = ORIENTED_EDGE('',*,*,#2072,.T.);
#2072 = EDGE_CURVE('',#2064,#2073,#2075,.T.);
#2073 = VERTEX_POINT('',#2074);
#2074 = CARTESIAN_POINT('',(-0.545,-0.4,0.45));
#2075 = LINE('',#2076,#2077);
#2076 = CARTESIAN_POINT('',(-0.8,-0.4,0.45));
#2077 = VECTOR('',#2078,1.);
#2078 = DIRECTION('',(1.,0.,0.));
#2079 = ORIENTED_EDGE('',*,*,#2080,.F.);
#2080 = EDGE_CURVE('',#2081,#2073,#2083,.T.);
#2081 = VERTEX_POINT('',#2082);
#2082 = CARTESIAN_POINT('',(-0.5,-0.4,0.405));
#2083 = CIRCLE('',#2084,4.5E-02);
#2084 = AXIS2_PLACEMENT_3D('',#2085,#2086,#2087);
#2085 = CARTESIAN_POINT('',(-0.545,-0.4,0.405));
#2086 = DIRECTION('',(0.,-1.,0.));
#2087 = DIRECTION('',(0.,0.,1.));
#2088 = ORIENTED_EDGE('',*,*,#2089,.F.);
#2089 = EDGE_CURVE('',#2090,#2081,#2092,.T.);
#2090 = VERTEX_POINT('',#2091);
#2091 = CARTESIAN_POINT('',(-0.755,-0.4,0.405));
#2092 = LINE('',#2093,#2094);
#2093 = CARTESIAN_POINT('',(-0.755,-0.4,0.405));
#2094 = VECTOR('',#2095,1.);
#2095 = DIRECTION('',(1.,0.,0.));
#2096 = ORIENTED_EDGE('',*,*,#2097,.F.);
#2097 = EDGE_CURVE('',#2098,#2090,#2100,.T.);
#2098 = VERTEX_POINT('',#2099);
#2099 = CARTESIAN_POINT('',(-0.755,-0.4,4.5E-02));
#2100 = LINE('',#2101,#2102);
#2101 = CARTESIAN_POINT('',(-0.755,-0.4,4.5E-02));
#2102 = VECTOR('',#2103,1.);
#2103 = DIRECTION('',(0.,0.,1.));
#2104 = ORIENTED_EDGE('',*,*,#2105,.T.);
#2105 = EDGE_CURVE('',#2098,#2106,#2108,.T.);
#2106 = VERTEX_POINT('',#2107);
#2107 = CARTESIAN_POINT('',(-0.5,-0.4,4.5E-02));
#2108 = LINE('',#2109,#2110);
#2109 = CARTESIAN_POINT('',(-0.755,-0.4,4.5E-02));
#2110 = VECTOR('',#2111,1.);
#2111 = DIRECTION('',(1.,0.,0.));
#2112 = ORIENTED_EDGE('',*,*,#2113,.T.);
#2113 = EDGE_CURVE('',#2106,#2048,#2114,.T.);
#2114 = CIRCLE('',#2115,4.5E-02);
#2115 = AXIS2_PLACEMENT_3D('',#2116,#2117,#2118);
#2116 = CARTESIAN_POINT('',(-0.545,-0.4,4.5E-02));
#2117 = DIRECTION('',(0.,1.,0.));
#2118 = DIRECTION('',(0.,-0.,1.));
#2119 = PLANE('',#2120);
#2120 = AXIS2_PLACEMENT_3D('',#2121,#2122,#2123);
#2121 = CARTESIAN_POINT('',(-0.8,-0.4,0.));
#2122 = DIRECTION('',(0.,1.,0.));
#2123 = DIRECTION('',(0.,-0.,1.));
#2124 = ADVANCED_FACE('',(#2125),#2144,.T.);
#2125 = FACE_BOUND('',#2126,.T.);
#2126 = EDGE_LOOP('',(#2127,#2128,#2137,#2143));
#2127 = ORIENTED_EDGE('',*,*,#2015,.T.);
#2128 = ORIENTED_EDGE('',*,*,#2129,.T.);
#2129 = EDGE_CURVE('',#2016,#2130,#2132,.T.);
#2130 = VERTEX_POINT('',#2131);
#2131 = CARTESIAN_POINT('',(-0.755,0.4,-2.775557561563E-17));
#2132 = CIRCLE('',#2133,4.5E-02);
#2133 = AXIS2_PLACEMENT_3D('',#2134,#2135,#2136);
#2134 = CARTESIAN_POINT('',(-0.755,0.4,4.5E-02));
#2135 = DIRECTION('',(0.,-1.,0.));
#2136 = DIRECTION('',(0.,0.,1.));
#2137 = ORIENTED_EDGE('',*,*,#2138,.F.);
#2138 = EDGE_CURVE('',#2046,#2130,#2139,.T.);
#2139 = LINE('',#2140,#2141);
#2140 = CARTESIAN_POINT('',(-0.755,-0.4,-2.775557561563E-17));
#2141 = VECTOR('',#2142,1.);
#2142 = DIRECTION('',(0.,1.,0.));
#2143 = ORIENTED_EDGE('',*,*,#2055,.F.);
#2144 = CYLINDRICAL_SURFACE('',#2145,4.5E-02);
#2145 = AXIS2_PLACEMENT_3D('',#2146,#2147,#2148);
#2146 = CARTESIAN_POINT('',(-0.755,-0.4,4.5E-02));
#2147 = DIRECTION('',(0.,1.,0.));
#2148 = DIRECTION('',(-1.,0.,0.));
#2149 = ADVANCED_FACE('',(#2150),#2169,.T.);
#2150 = FACE_BOUND('',#2151,.T.);
#2151 = EDGE_LOOP('',(#2152,#2153,#2161,#2168));
#2152 = ORIENTED_EDGE('',*,*,#2063,.T.);
#2153 = ORIENTED_EDGE('',*,*,#2154,.T.);
#2154 = EDGE_CURVE('',#2064,#2155,#2157,.T.);
#2155 = VERTEX_POINT('',#2156);
#2156 = CARTESIAN_POINT('',(-0.755,0.4,0.45));
#2157 = LINE('',#2158,#2159);
#2158 = CARTESIAN_POINT('',(-0.755,-0.4,0.45));
#2159 = VECTOR('',#2160,1.);
#2160 = DIRECTION('',(0.,1.,0.));
#2161 = ORIENTED_EDGE('',*,*,#2162,.F.);
#2162 = EDGE_CURVE('',#2024,#2155,#2163,.T.);
#2163 = CIRCLE('',#2164,4.5E-02);
#2164 = AXIS2_PLACEMENT_3D('',#2165,#2166,#2167);
#2165 = CARTESIAN_POINT('',(-0.755,0.4,0.405));
#2166 = DIRECTION('',(0.,1.,0.));
#2167 = DIRECTION('',(0.,-0.,1.));
#2168 = ORIENTED_EDGE('',*,*,#2031,.F.);
#2169 = CYLINDRICAL_SURFACE('',#2170,4.5E-02);
#2170 = AXIS2_PLACEMENT_3D('',#2171,#2172,#2173);
#2171 = CARTESIAN_POINT('',(-0.755,-0.4,0.405));
#2172 = DIRECTION('',(0.,1.,0.));
#2173 = DIRECTION('',(-1.,0.,0.));
#2174 = ADVANCED_FACE('',(#2175),#2236,.T.);
#2175 = FACE_BOUND('',#2176,.T.);
#2176 = EDGE_LOOP('',(#2177,#2185,#2186,#2187,#2188,#2196,#2205,#2213,
    #2221,#2229));
#2177 = ORIENTED_EDGE('',*,*,#2178,.F.);
#2178 = EDGE_CURVE('',#2130,#2179,#2181,.T.);
#2179 = VERTEX_POINT('',#2180);
#2180 = CARTESIAN_POINT('',(-0.545,0.4,-2.775557561563E-17));
#2181 = LINE('',#2182,#2183);
#2182 = CARTESIAN_POINT('',(-0.8,0.4,0.));
#2183 = VECTOR('',#2184,1.);
#2184 = DIRECTION('',(1.,0.,0.));
#2185 = ORIENTED_EDGE('',*,*,#2129,.F.);
#2186 = ORIENTED_EDGE('',*,*,#2023,.T.);
#2187 = ORIENTED_EDGE('',*,*,#2162,.T.);
#2188 = ORIENTED_EDGE('',*,*,#2189,.T.);
#2189 = EDGE_CURVE('',#2155,#2190,#2192,.T.);
#2190 = VERTEX_POINT('',#2191);
#2191 = CARTESIAN_POINT('',(-0.545,0.4,0.45));
#2192 = LINE('',#2193,#2194);
#2193 = CARTESIAN_POINT('',(-0.8,0.4,0.45));
#2194 = VECTOR('',#2195,1.);
#2195 = DIRECTION('',(1.,0.,0.));
#2196 = ORIENTED_EDGE('',*,*,#2197,.F.);
#2197 = EDGE_CURVE('',#2198,#2190,#2200,.T.);
#2198 = VERTEX_POINT('',#2199);
#2199 = CARTESIAN_POINT('',(-0.5,0.4,0.405));
#2200 = CIRCLE('',#2201,4.5E-02);
#2201 = AXIS2_PLACEMENT_3D('',#2202,#2203,#2204);
#2202 = CARTESIAN_POINT('',(-0.545,0.4,0.405));
#2203 = DIRECTION('',(0.,-1.,0.));
#2204 = DIRECTION('',(0.,0.,1.));
#2205 = ORIENTED_EDGE('',*,*,#2206,.F.);
#2206 = EDGE_CURVE('',#2207,#2198,#2209,.T.);
#2207 = VERTEX_POINT('',#2208);
#2208 = CARTESIAN_POINT('',(-0.755,0.4,0.405));
#2209 = LINE('',#2210,#2211);
#2210 = CARTESIAN_POINT('',(-0.755,0.4,0.405));
#2211 = VECTOR('',#2212,1.);
#2212 = DIRECTION('',(1.,0.,0.));
#2213 = ORIENTED_EDGE('',*,*,#2214,.F.);
#2214 = EDGE_CURVE('',#2215,#2207,#2217,.T.);
#2215 = VERTEX_POINT('',#2216);
#2216 = CARTESIAN_POINT('',(-0.755,0.4,4.5E-02));
#2217 = LINE('',#2218,#2219);
#2218 = CARTESIAN_POINT('',(-0.755,0.4,4.5E-02));
#2219 = VECTOR('',#2220,1.);
#2220 = DIRECTION('',(0.,0.,1.));
#2221 = ORIENTED_EDGE('',*,*,#2222,.T.);
#2222 = EDGE_CURVE('',#2215,#2223,#2225,.T.);
#2223 = VERTEX_POINT('',#2224);
#2224 = CARTESIAN_POINT('',(-0.5,0.4,4.5E-02));
#2225 = LINE('',#2226,#2227);
#2226 = CARTESIAN_POINT('',(-0.755,0.4,4.5E-02));
#2227 = VECTOR('',#2228,1.);
#2228 = DIRECTION('',(1.,0.,0.));
#2229 = ORIENTED_EDGE('',*,*,#2230,.T.);
#2230 = EDGE_CURVE('',#2223,#2179,#2231,.T.);
#2231 = CIRCLE('',#2232,4.5E-02);
#2232 = AXIS2_PLACEMENT_3D('',#2233,#2234,#2235);
#2233 = CARTESIAN_POINT('',(-0.545,0.4,4.5E-02));
#2234 = DIRECTION('',(0.,1.,0.));
#2235 = DIRECTION('',(0.,-0.,1.));
#2236 = PLANE('',#2237);
#2237 = AXIS2_PLACEMENT_3D('',#2238,#2239,#2240);
#2238 = CARTESIAN_POINT('',(-0.8,0.4,0.));
#2239 = DIRECTION('',(0.,1.,0.));
#2240 = DIRECTION('',(0.,-0.,1.));
#2241 = ADVANCED_FACE('',(#2242),#2253,.F.);
#2242 = FACE_BOUND('',#2243,.F.);
#2243 = EDGE_LOOP('',(#2244,#2245,#2246,#2247));
#2244 = ORIENTED_EDGE('',*,*,#2178,.F.);
#2245 = ORIENTED_EDGE('',*,*,#2138,.F.);
#2246 = ORIENTED_EDGE('',*,*,#2045,.T.);
#2247 = ORIENTED_EDGE('',*,*,#2248,.T.);
#2248 = EDGE_CURVE('',#2048,#2179,#2249,.T.);
#2249 = LINE('',#2250,#2251);
#2250 = CARTESIAN_POINT('',(-0.545,-0.4,-2.775557561563E-17));
#2251 = VECTOR('',#2252,1.);
#2252 = DIRECTION('',(0.,1.,0.));
#2253 = PLANE('',#2254);
#2254 = AXIS2_PLACEMENT_3D('',#2255,#2256,#2257);
#2255 = CARTESIAN_POINT('',(-0.8,-0.4,0.));
#2256 = DIRECTION('',(0.,0.,1.));
#2257 = DIRECTION('',(1.,0.,-0.));
#2258 = ADVANCED_FACE('',(#2259),#2270,.T.);
#2259 = FACE_BOUND('',#2260,.T.);
#2260 = EDGE_LOOP('',(#2261,#2262,#2263,#2264));
#2261 = ORIENTED_EDGE('',*,*,#2113,.T.);
#2262 = ORIENTED_EDGE('',*,*,#2248,.T.);
#2263 = ORIENTED_EDGE('',*,*,#2230,.F.);
#2264 = ORIENTED_EDGE('',*,*,#2265,.F.);
#2265 = EDGE_CURVE('',#2106,#2223,#2266,.T.);
#2266 = LINE('',#2267,#2268);
#2267 = CARTESIAN_POINT('',(-0.5,-0.4,4.5E-02));
#2268 = VECTOR('',#2269,1.);
#2269 = DIRECTION('',(0.,1.,0.));
#2270 = CYLINDRICAL_SURFACE('',#2271,4.5E-02);
#2271 = AXIS2_PLACEMENT_3D('',#2272,#2273,#2274);
#2272 = CARTESIAN_POINT('',(-0.545,-0.4,4.5E-02));
#2273 = DIRECTION('',(0.,1.,0.));
#2274 = DIRECTION('',(1.,0.,0.));
#2275 = ADVANCED_FACE('',(#2276),#2319,.F.);
#2276 = FACE_BOUND('',#2277,.F.);
#2277 = EDGE_LOOP('',(#2278,#2279,#2280,#2281,#2289,#2297,#2305,#2313));
#2278 = ORIENTED_EDGE('',*,*,#2105,.F.);
#2279 = ORIENTED_EDGE('',*,*,#2097,.T.);
#2280 = ORIENTED_EDGE('',*,*,#2089,.T.);
#2281 = ORIENTED_EDGE('',*,*,#2282,.T.);
#2282 = EDGE_CURVE('',#2081,#2283,#2285,.T.);
#2283 = VERTEX_POINT('',#2284);
#2284 = CARTESIAN_POINT('',(0.5,-0.4,0.405));
#2285 = LINE('',#2286,#2287);
#2286 = CARTESIAN_POINT('',(-0.5,-0.4,0.405));
#2287 = VECTOR('',#2288,1.);
#2288 = DIRECTION('',(1.,0.,0.));
#2289 = ORIENTED_EDGE('',*,*,#2290,.T.);
#2290 = EDGE_CURVE('',#2283,#2291,#2293,.T.);
#2291 = VERTEX_POINT('',#2292);
#2292 = CARTESIAN_POINT('',(0.755,-0.4,0.405));
#2293 = LINE('',#2294,#2295);
#2294 = CARTESIAN_POINT('',(-0.755,-0.4,0.405));
#2295 = VECTOR('',#2296,1.);
#2296 = DIRECTION('',(1.,0.,0.));
#2297 = ORIENTED_EDGE('',*,*,#2298,.F.);
#2298 = EDGE_CURVE('',#2299,#2291,#2301,.T.);
#2299 = VERTEX_POINT('',#2300);
#2300 = CARTESIAN_POINT('',(0.755,-0.4,4.5E-02));
#2301 = LINE('',#2302,#2303);
#2302 = CARTESIAN_POINT('',(0.755,-0.4,4.5E-02));
#2303 = VECTOR('',#2304,1.);
#2304 = DIRECTION('',(0.,0.,1.));
#2305 = ORIENTED_EDGE('',*,*,#2306,.F.);
#2306 = EDGE_CURVE('',#2307,#2299,#2309,.T.);
#2307 = VERTEX_POINT('',#2308);
#2308 = CARTESIAN_POINT('',(0.5,-0.4,4.5E-02));
#2309 = LINE('',#2310,#2311);
#2310 = CARTESIAN_POINT('',(-0.755,-0.4,4.5E-02));
#2311 = VECTOR('',#2312,1.);
#2312 = DIRECTION('',(1.,0.,0.));
#2313 = ORIENTED_EDGE('',*,*,#2314,.F.);
#2314 = EDGE_CURVE('',#2106,#2307,#2315,.T.);
#2315 = LINE('',#2316,#2317);
#2316 = CARTESIAN_POINT('',(-0.755,-0.4,4.5E-02));
#2317 = VECTOR('',#2318,1.);
#2318 = DIRECTION('',(1.,0.,0.));
#2319 = PLANE('',#2320);
#2320 = AXIS2_PLACEMENT_3D('',#2321,#2322,#2323);
#2321 = CARTESIAN_POINT('',(-0.755,-0.4,4.5E-02));
#2322 = DIRECTION('',(0.,1.,0.));
#2323 = DIRECTION('',(0.,-0.,1.));
#2324 = ADVANCED_FACE('',(#2325),#2336,.T.);
#2325 = FACE_BOUND('',#2326,.T.);
#2326 = EDGE_LOOP('',(#2327,#2328,#2329,#2330));
#2327 = ORIENTED_EDGE('',*,*,#2189,.F.);
#2328 = ORIENTED_EDGE('',*,*,#2154,.F.);
#2329 = ORIENTED_EDGE('',*,*,#2072,.T.);
#2330 = ORIENTED_EDGE('',*,*,#2331,.T.);
#2331 = EDGE_CURVE('',#2073,#2190,#2332,.T.);
#2332 = LINE('',#2333,#2334);
#2333 = CARTESIAN_POINT('',(-0.545,-0.4,0.45));
#2334 = VECTOR('',#2335,1.);
#2335 = DIRECTION('',(0.,1.,0.));
#2336 = PLANE('',#2337);
#2337 = AXIS2_PLACEMENT_3D('',#2338,#2339,#2340);
#2338 = CARTESIAN_POINT('',(-0.8,-0.4,0.45));
#2339 = DIRECTION('',(0.,0.,1.));
#2340 = DIRECTION('',(1.,0.,-0.));
#2341 = ADVANCED_FACE('',(#2342),#2353,.T.);
#2342 = FACE_BOUND('',#2343,.T.);
#2343 = EDGE_LOOP('',(#2344,#2350,#2351,#2352));
#2344 = ORIENTED_EDGE('',*,*,#2345,.T.);
#2345 = EDGE_CURVE('',#2081,#2198,#2346,.T.);
#2346 = LINE('',#2347,#2348);
#2347 = CARTESIAN_POINT('',(-0.5,-0.4,0.405));
#2348 = VECTOR('',#2349,1.);
#2349 = DIRECTION('',(0.,1.,0.));
#2350 = ORIENTED_EDGE('',*,*,#2197,.T.);
#2351 = ORIENTED_EDGE('',*,*,#2331,.F.);
#2352 = ORIENTED_EDGE('',*,*,#2080,.F.);
#2353 = CYLINDRICAL_SURFACE('',#2354,4.5E-02);
#2354 = AXIS2_PLACEMENT_3D('',#2355,#2356,#2357);
#2355 = CARTESIAN_POINT('',(-0.545,-0.4,0.405));
#2356 = DIRECTION('',(0.,1.,0.));
#2357 = DIRECTION('',(1.,0.,0.));
#2358 = ADVANCED_FACE('',(#2359),#2402,.T.);
#2359 = FACE_BOUND('',#2360,.T.);
#2360 = EDGE_LOOP('',(#2361,#2362,#2363,#2364,#2372,#2380,#2388,#2396));
#2361 = ORIENTED_EDGE('',*,*,#2222,.F.);
#2362 = ORIENTED_EDGE('',*,*,#2214,.T.);
#2363 = ORIENTED_EDGE('',*,*,#2206,.T.);
#2364 = ORIENTED_EDGE('',*,*,#2365,.T.);
#2365 = EDGE_CURVE('',#2198,#2366,#2368,.T.);
#2366 = VERTEX_POINT('',#2367);
#2367 = CARTESIAN_POINT('',(0.5,0.4,0.405));
#2368 = LINE('',#2369,#2370);
#2369 = CARTESIAN_POINT('',(-0.5,0.4,0.405));
#2370 = VECTOR('',#2371,1.);
#2371 = DIRECTION('',(1.,0.,0.));
#2372 = ORIENTED_EDGE('',*,*,#2373,.T.);
#2373 = EDGE_CURVE('',#2366,#2374,#2376,.T.);
#2374 = VERTEX_POINT('',#2375);
#2375 = CARTESIAN_POINT('',(0.755,0.4,0.405));
#2376 = LINE('',#2377,#2378);
#2377 = CARTESIAN_POINT('',(-0.755,0.4,0.405));
#2378 = VECTOR('',#2379,1.);
#2379 = DIRECTION('',(1.,0.,0.));
#2380 = ORIENTED_EDGE('',*,*,#2381,.F.);
#2381 = EDGE_CURVE('',#2382,#2374,#2384,.T.);
#2382 = VERTEX_POINT('',#2383);
#2383 = CARTESIAN_POINT('',(0.755,0.4,4.5E-02));
#2384 = LINE('',#2385,#2386);
#2385 = CARTESIAN_POINT('',(0.755,0.4,4.5E-02));
#2386 = VECTOR('',#2387,1.);
#2387 = DIRECTION('',(0.,0.,1.));
#2388 = ORIENTED_EDGE('',*,*,#2389,.F.);
#2389 = EDGE_CURVE('',#2390,#2382,#2392,.T.);
#2390 = VERTEX_POINT('',#2391);
#2391 = CARTESIAN_POINT('',(0.5,0.4,4.5E-02));
#2392 = LINE('',#2393,#2394);
#2393 = CARTESIAN_POINT('',(-0.755,0.4,4.5E-02));
#2394 = VECTOR('',#2395,1.);
#2395 = DIRECTION('',(1.,0.,0.));
#2396 = ORIENTED_EDGE('',*,*,#2397,.F.);
#2397 = EDGE_CURVE('',#2223,#2390,#2398,.T.);
#2398 = LINE('',#2399,#2400);
#2399 = CARTESIAN_POINT('',(-0.755,0.4,4.5E-02));
#2400 = VECTOR('',#2401,1.);
#2401 = DIRECTION('',(1.,0.,0.));
#2402 = PLANE('',#2403);
#2403 = AXIS2_PLACEMENT_3D('',#2404,#2405,#2406);
#2404 = CARTESIAN_POINT('',(-0.755,0.4,4.5E-02));
#2405 = DIRECTION('',(0.,1.,0.));
#2406 = DIRECTION('',(0.,-0.,1.));
#2407 = ADVANCED_FACE('',(#2408),#2419,.F.);
#2408 = FACE_BOUND('',#2409,.F.);
#2409 = EDGE_LOOP('',(#2410,#2411,#2412,#2418));
#2410 = ORIENTED_EDGE('',*,*,#2265,.F.);
#2411 = ORIENTED_EDGE('',*,*,#2314,.T.);
#2412 = ORIENTED_EDGE('',*,*,#2413,.T.);
#2413 = EDGE_CURVE('',#2307,#2390,#2414,.T.);
#2414 = LINE('',#2415,#2416);
#2415 = CARTESIAN_POINT('',(0.5,-0.4,4.5E-02));
#2416 = VECTOR('',#2417,1.);
#2417 = DIRECTION('',(0.,1.,0.));
#2418 = ORIENTED_EDGE('',*,*,#2397,.F.);
#2419 = PLANE('',#2420);
#2420 = AXIS2_PLACEMENT_3D('',#2421,#2422,#2423);
#2421 = CARTESIAN_POINT('',(-0.755,-0.4,4.5E-02));
#2422 = DIRECTION('',(0.,0.,1.));
#2423 = DIRECTION('',(1.,0.,-0.));
#2424 = ADVANCED_FACE('',(#2425),#2488,.F.);
#2425 = FACE_BOUND('',#2426,.F.);
#2426 = EDGE_LOOP('',(#2427,#2437,#2444,#2445,#2446,#2447,#2456,#2464,
    #2473,#2481));
#2427 = ORIENTED_EDGE('',*,*,#2428,.F.);
#2428 = EDGE_CURVE('',#2429,#2431,#2433,.T.);
#2429 = VERTEX_POINT('',#2430);
#2430 = CARTESIAN_POINT('',(0.545,-0.4,-2.775557561563E-17));
#2431 = VERTEX_POINT('',#2432);
#2432 = CARTESIAN_POINT('',(0.755,-0.4,-2.775557561563E-17));
#2433 = LINE('',#2434,#2435);
#2434 = CARTESIAN_POINT('',(0.5,-0.4,0.));
#2435 = VECTOR('',#2436,1.);
#2436 = DIRECTION('',(1.,0.,0.));
#2437 = ORIENTED_EDGE('',*,*,#2438,.F.);
#2438 = EDGE_CURVE('',#2307,#2429,#2439,.T.);
#2439 = CIRCLE('',#2440,4.5E-02);
#2440 = AXIS2_PLACEMENT_3D('',#2441,#2442,#2443);
#2441 = CARTESIAN_POINT('',(0.545,-0.4,4.5E-02));
#2442 = DIRECTION('',(0.,-1.,0.));
#2443 = DIRECTION('',(0.,0.,1.));
#2444 = ORIENTED_EDGE('',*,*,#2306,.T.);
#2445 = ORIENTED_EDGE('',*,*,#2298,.T.);
#2446 = ORIENTED_EDGE('',*,*,#2290,.F.);
#2447 = ORIENTED_EDGE('',*,*,#2448,.T.);
#2448 = EDGE_CURVE('',#2283,#2449,#2451,.T.);
#2449 = VERTEX_POINT('',#2450);
#2450 = CARTESIAN_POINT('',(0.545,-0.4,0.45));
#2451 = CIRCLE('',#2452,4.5E-02);
#2452 = AXIS2_PLACEMENT_3D('',#2453,#2454,#2455);
#2453 = CARTESIAN_POINT('',(0.545,-0.4,0.405));
#2454 = DIRECTION('',(0.,1.,0.));
#2455 = DIRECTION('',(0.,-0.,1.));
#2456 = ORIENTED_EDGE('',*,*,#2457,.T.);
#2457 = EDGE_CURVE('',#2449,#2458,#2460,.T.);
#2458 = VERTEX_POINT('',#2459);
#2459 = CARTESIAN_POINT('',(0.755,-0.4,0.45));
#2460 = LINE('',#2461,#2462);
#2461 = CARTESIAN_POINT('',(0.5,-0.4,0.45));
#2462 = VECTOR('',#2463,1.);
#2463 = DIRECTION('',(1.,0.,0.));
#2464 = ORIENTED_EDGE('',*,*,#2465,.F.);
#2465 = EDGE_CURVE('',#2466,#2458,#2468,.T.);
#2466 = VERTEX_POINT('',#2467);
#2467 = CARTESIAN_POINT('',(0.8,-0.4,0.405));
#2468 = CIRCLE('',#2469,4.5E-02);
#2469 = AXIS2_PLACEMENT_3D('',#2470,#2471,#2472);
#2470 = CARTESIAN_POINT('',(0.755,-0.4,0.405));
#2471 = DIRECTION('',(0.,-1.,0.));
#2472 = DIRECTION('',(0.,0.,1.));
#2473 = ORIENTED_EDGE('',*,*,#2474,.F.);
#2474 = EDGE_CURVE('',#2475,#2466,#2477,.T.);
#2475 = VERTEX_POINT('',#2476);
#2476 = CARTESIAN_POINT('',(0.8,-0.4,4.5E-02));
#2477 = LINE('',#2478,#2479);
#2478 = CARTESIAN_POINT('',(0.8,-0.4,0.));
#2479 = VECTOR('',#2480,1.);
#2480 = DIRECTION('',(0.,0.,1.));
#2481 = ORIENTED_EDGE('',*,*,#2482,.T.);
#2482 = EDGE_CURVE('',#2475,#2431,#2483,.T.);
#2483 = CIRCLE('',#2484,4.5E-02);
#2484 = AXIS2_PLACEMENT_3D('',#2485,#2486,#2487);
#2485 = CARTESIAN_POINT('',(0.755,-0.4,4.5E-02));
#2486 = DIRECTION('',(0.,1.,0.));
#2487 = DIRECTION('',(0.,-0.,1.));
#2488 = PLANE('',#2489);
#2489 = AXIS2_PLACEMENT_3D('',#2490,#2491,#2492);
#2490 = CARTESIAN_POINT('',(0.5,-0.4,0.));
#2491 = DIRECTION('',(0.,1.,0.));
#2492 = DIRECTION('',(0.,-0.,1.));
#2493 = ADVANCED_FACE('',(#2494),#2519,.F.);
#2494 = FACE_BOUND('',#2495,.F.);
#2495 = EDGE_LOOP('',(#2496,#2497,#2505,#2513));
#2496 = ORIENTED_EDGE('',*,*,#2282,.F.);
#2497 = ORIENTED_EDGE('',*,*,#2498,.T.);
#2498 = EDGE_CURVE('',#2081,#2499,#2501,.T.);
#2499 = VERTEX_POINT('',#2500);
#2500 = CARTESIAN_POINT('',(-0.5,-0.4,0.45));
#2501 = LINE('',#2502,#2503);
#2502 = CARTESIAN_POINT('',(-0.5,-0.4,0.405));
#2503 = VECTOR('',#2504,1.);
#2504 = DIRECTION('',(0.,0.,1.));
#2505 = ORIENTED_EDGE('',*,*,#2506,.T.);
#2506 = EDGE_CURVE('',#2499,#2507,#2509,.T.);
#2507 = VERTEX_POINT('',#2508);
#2508 = CARTESIAN_POINT('',(0.5,-0.4,0.45));
#2509 = LINE('',#2510,#2511);
#2510 = CARTESIAN_POINT('',(-0.5,-0.4,0.45));
#2511 = VECTOR('',#2512,1.);
#2512 = DIRECTION('',(1.,0.,0.));
#2513 = ORIENTED_EDGE('',*,*,#2514,.F.);
#2514 = EDGE_CURVE('',#2283,#2507,#2515,.T.);
#2515 = LINE('',#2516,#2517);
#2516 = CARTESIAN_POINT('',(0.5,-0.4,0.405));
#2517 = VECTOR('',#2518,1.);
#2518 = DIRECTION('',(0.,0.,1.));
#2519 = PLANE('',#2520);
#2520 = AXIS2_PLACEMENT_3D('',#2521,#2522,#2523);
#2521 = CARTESIAN_POINT('',(-0.5,-0.4,0.405));
#2522 = DIRECTION('',(0.,1.,0.));
#2523 = DIRECTION('',(0.,-0.,1.));
#2524 = ADVANCED_FACE('',(#2525),#2543,.F.);
#2525 = FACE_BOUND('',#2526,.F.);
#2526 = EDGE_LOOP('',(#2527,#2528,#2529,#2537));
#2527 = ORIENTED_EDGE('',*,*,#2498,.F.);
#2528 = ORIENTED_EDGE('',*,*,#2345,.T.);
#2529 = ORIENTED_EDGE('',*,*,#2530,.T.);
#2530 = EDGE_CURVE('',#2198,#2531,#2533,.T.);
#2531 = VERTEX_POINT('',#2532);
#2532 = CARTESIAN_POINT('',(-0.5,0.4,0.45));
#2533 = LINE('',#2534,#2535);
#2534 = CARTESIAN_POINT('',(-0.5,0.4,0.405));
#2535 = VECTOR('',#2536,1.);
#2536 = DIRECTION('',(0.,0.,1.));
#2537 = ORIENTED_EDGE('',*,*,#2538,.F.);
#2538 = EDGE_CURVE('',#2499,#2531,#2539,.T.);
#2539 = LINE('',#2540,#2541);
#2540 = CARTESIAN_POINT('',(-0.5,-0.4,0.45));
#2541 = VECTOR('',#2542,1.);
#2542 = DIRECTION('',(0.,1.,0.));
#2543 = PLANE('',#2544);
#2544 = AXIS2_PLACEMENT_3D('',#2545,#2546,#2547);
#2545 = CARTESIAN_POINT('',(-0.5,-0.4,0.405));
#2546 = DIRECTION('',(1.,0.,0.));
#2547 = DIRECTION('',(0.,0.,1.));
#2548 = ADVANCED_FACE('',(#2549),#2612,.T.);
#2549 = FACE_BOUND('',#2550,.T.);
#2550 = EDGE_LOOP('',(#2551,#2561,#2568,#2569,#2570,#2571,#2580,#2588,
    #2597,#2605));
#2551 = ORIENTED_EDGE('',*,*,#2552,.F.);
#2552 = EDGE_CURVE('',#2553,#2555,#2557,.T.);
#2553 = VERTEX_POINT('',#2554);
#2554 = CARTESIAN_POINT('',(0.545,0.4,-2.775557561563E-17));
#2555 = VERTEX_POINT('',#2556);
#2556 = CARTESIAN_POINT('',(0.755,0.4,-2.775557561563E-17));
#2557 = LINE('',#2558,#2559);
#2558 = CARTESIAN_POINT('',(0.5,0.4,0.));
#2559 = VECTOR('',#2560,1.);
#2560 = DIRECTION('',(1.,0.,0.));
#2561 = ORIENTED_EDGE('',*,*,#2562,.F.);
#2562 = EDGE_CURVE('',#2390,#2553,#2563,.T.);
#2563 = CIRCLE('',#2564,4.5E-02);
#2564 = AXIS2_PLACEMENT_3D('',#2565,#2566,#2567);
#2565 = CARTESIAN_POINT('',(0.545,0.4,4.5E-02));
#2566 = DIRECTION('',(0.,-1.,0.));
#2567 = DIRECTION('',(0.,0.,1.));
#2568 = ORIENTED_EDGE('',*,*,#2389,.T.);
#2569 = ORIENTED_EDGE('',*,*,#2381,.T.);
#2570 = ORIENTED_EDGE('',*,*,#2373,.F.);
#2571 = ORIENTED_EDGE('',*,*,#2572,.T.);
#2572 = EDGE_CURVE('',#2366,#2573,#2575,.T.);
#2573 = VERTEX_POINT('',#2574);
#2574 = CARTESIAN_POINT('',(0.545,0.4,0.45));
#2575 = CIRCLE('',#2576,4.5E-02);
#2576 = AXIS2_PLACEMENT_3D('',#2577,#2578,#2579);
#2577 = CARTESIAN_POINT('',(0.545,0.4,0.405));
#2578 = DIRECTION('',(0.,1.,0.));
#2579 = DIRECTION('',(0.,-0.,1.));
#2580 = ORIENTED_EDGE('',*,*,#2581,.T.);
#2581 = EDGE_CURVE('',#2573,#2582,#2584,.T.);
#2582 = VERTEX_POINT('',#2583);
#2583 = CARTESIAN_POINT('',(0.755,0.4,0.45));
#2584 = LINE('',#2585,#2586);
#2585 = CARTESIAN_POINT('',(0.5,0.4,0.45));
#2586 = VECTOR('',#2587,1.);
#2587 = DIRECTION('',(1.,0.,0.));
#2588 = ORIENTED_EDGE('',*,*,#2589,.F.);
#2589 = EDGE_CURVE('',#2590,#2582,#2592,.T.);
#2590 = VERTEX_POINT('',#2591);
#2591 = CARTESIAN_POINT('',(0.8,0.4,0.405));
#2592 = CIRCLE('',#2593,4.5E-02);
#2593 = AXIS2_PLACEMENT_3D('',#2594,#2595,#2596);
#2594 = CARTESIAN_POINT('',(0.755,0.4,0.405));
#2595 = DIRECTION('',(0.,-1.,0.));
#2596 = DIRECTION('',(0.,0.,1.));
#2597 = ORIENTED_EDGE('',*,*,#2598,.F.);
#2598 = EDGE_CURVE('',#2599,#2590,#2601,.T.);
#2599 = VERTEX_POINT('',#2600);
#2600 = CARTESIAN_POINT('',(0.8,0.4,4.5E-02));
#2601 = LINE('',#2602,#2603);
#2602 = CARTESIAN_POINT('',(0.8,0.4,0.));
#2603 = VECTOR('',#2604,1.);
#2604 = DIRECTION('',(0.,0.,1.));
#2605 = ORIENTED_EDGE('',*,*,#2606,.T.);
#2606 = EDGE_CURVE('',#2599,#2555,#2607,.T.);
#2607 = CIRCLE('',#2608,4.5E-02);
#2608 = AXIS2_PLACEMENT_3D('',#2609,#2610,#2611);
#2609 = CARTESIAN_POINT('',(0.755,0.4,4.5E-02));
#2610 = DIRECTION('',(0.,1.,0.));
#2611 = DIRECTION('',(0.,-0.,1.));
#2612 = PLANE('',#2613);
#2613 = AXIS2_PLACEMENT_3D('',#2614,#2615,#2616);
#2614 = CARTESIAN_POINT('',(0.5,0.4,0.));
#2615 = DIRECTION('',(0.,1.,0.));
#2616 = DIRECTION('',(0.,-0.,1.));
#2617 = ADVANCED_FACE('',(#2618),#2636,.T.);
#2618 = FACE_BOUND('',#2619,.T.);
#2619 = EDGE_LOOP('',(#2620,#2621,#2622,#2630));
#2620 = ORIENTED_EDGE('',*,*,#2365,.F.);
#2621 = ORIENTED_EDGE('',*,*,#2530,.T.);
#2622 = ORIENTED_EDGE('',*,*,#2623,.T.);
#2623 = EDGE_CURVE('',#2531,#2624,#2626,.T.);
#2624 = VERTEX_POINT('',#2625);
#2625 = CARTESIAN_POINT('',(0.5,0.4,0.45));
#2626 = LINE('',#2627,#2628);
#2627 = CARTESIAN_POINT('',(-0.5,0.4,0.45));
#2628 = VECTOR('',#2629,1.);
#2629 = DIRECTION('',(1.,0.,0.));
#2630 = ORIENTED_EDGE('',*,*,#2631,.F.);
#2631 = EDGE_CURVE('',#2366,#2624,#2632,.T.);
#2632 = LINE('',#2633,#2634);
#2633 = CARTESIAN_POINT('',(0.5,0.4,0.405));
#2634 = VECTOR('',#2635,1.);
#2635 = DIRECTION('',(0.,0.,1.));
#2636 = PLANE('',#2637);
#2637 = AXIS2_PLACEMENT_3D('',#2638,#2639,#2640);
#2638 = CARTESIAN_POINT('',(-0.5,0.4,0.405));
#2639 = DIRECTION('',(0.,1.,0.));
#2640 = DIRECTION('',(0.,-0.,1.));
#2641 = ADVANCED_FACE('',(#2642),#2653,.T.);
#2642 = FACE_BOUND('',#2643,.T.);
#2643 = EDGE_LOOP('',(#2644,#2645,#2646,#2652));
#2644 = ORIENTED_EDGE('',*,*,#2413,.T.);
#2645 = ORIENTED_EDGE('',*,*,#2562,.T.);
#2646 = ORIENTED_EDGE('',*,*,#2647,.F.);
#2647 = EDGE_CURVE('',#2429,#2553,#2648,.T.);
#2648 = LINE('',#2649,#2650);
#2649 = CARTESIAN_POINT('',(0.545,-0.4,-2.775557561563E-17));
#2650 = VECTOR('',#2651,1.);
#2651 = DIRECTION('',(0.,1.,0.));
#2652 = ORIENTED_EDGE('',*,*,#2438,.F.);
#2653 = CYLINDRICAL_SURFACE('',#2654,4.5E-02);
#2654 = AXIS2_PLACEMENT_3D('',#2655,#2656,#2657);
#2655 = CARTESIAN_POINT('',(0.545,-0.4,4.5E-02));
#2656 = DIRECTION('',(0.,1.,0.));
#2657 = DIRECTION('',(-1.,0.,0.));
#2658 = ADVANCED_FACE('',(#2659),#2670,.F.);
#2659 = FACE_BOUND('',#2660,.F.);
#2660 = EDGE_LOOP('',(#2661,#2662,#2663,#2664));
#2661 = ORIENTED_EDGE('',*,*,#2552,.F.);
#2662 = ORIENTED_EDGE('',*,*,#2647,.F.);
#2663 = ORIENTED_EDGE('',*,*,#2428,.T.);
#2664 = ORIENTED_EDGE('',*,*,#2665,.T.);
#2665 = EDGE_CURVE('',#2431,#2555,#2666,.T.);
#2666 = LINE('',#2667,#2668);
#2667 = CARTESIAN_POINT('',(0.755,-0.4,-2.775557561563E-17));
#2668 = VECTOR('',#2669,1.);
#2669 = DIRECTION('',(0.,1.,0.));
#2670 = PLANE('',#2671);
#2671 = AXIS2_PLACEMENT_3D('',#2672,#2673,#2674);
#2672 = CARTESIAN_POINT('',(0.5,-0.4,0.));
#2673 = DIRECTION('',(0.,0.,1.));
#2674 = DIRECTION('',(1.,0.,-0.));
#2675 = ADVANCED_FACE('',(#2676),#2687,.T.);
#2676 = FACE_BOUND('',#2677,.T.);
#2677 = EDGE_LOOP('',(#2678,#2679,#2680,#2681));
#2678 = ORIENTED_EDGE('',*,*,#2482,.T.);
#2679 = ORIENTED_EDGE('',*,*,#2665,.T.);
#2680 = ORIENTED_EDGE('',*,*,#2606,.F.);
#2681 = ORIENTED_EDGE('',*,*,#2682,.F.);
#2682 = EDGE_CURVE('',#2475,#2599,#2683,.T.);
#2683 = LINE('',#2684,#2685);
#2684 = CARTESIAN_POINT('',(0.8,-0.4,4.5E-02));
#2685 = VECTOR('',#2686,1.);
#2686 = DIRECTION('',(0.,1.,0.));
#2687 = CYLINDRICAL_SURFACE('',#2688,4.5E-02);
#2688 = AXIS2_PLACEMENT_3D('',#2689,#2690,#2691);
#2689 = CARTESIAN_POINT('',(0.755,-0.4,4.5E-02));
#2690 = DIRECTION('',(0.,1.,0.));
#2691 = DIRECTION('',(1.,0.,0.));
#2692 = ADVANCED_FACE('',(#2693),#2704,.T.);
#2693 = FACE_BOUND('',#2694,.T.);
#2694 = EDGE_LOOP('',(#2695,#2696,#2697,#2698));
#2695 = ORIENTED_EDGE('',*,*,#2474,.F.);
#2696 = ORIENTED_EDGE('',*,*,#2682,.T.);
#2697 = ORIENTED_EDGE('',*,*,#2598,.T.);
#2698 = ORIENTED_EDGE('',*,*,#2699,.F.);
#2699 = EDGE_CURVE('',#2466,#2590,#2700,.T.);
#2700 = LINE('',#2701,#2702);
#2701 = CARTESIAN_POINT('',(0.8,-0.4,0.405));
#2702 = VECTOR('',#2703,1.);
#2703 = DIRECTION('',(0.,1.,0.));
#2704 = PLANE('',#2705);
#2705 = AXIS2_PLACEMENT_3D('',#2706,#2707,#2708);
#2706 = CARTESIAN_POINT('',(0.8,-0.4,0.));
#2707 = DIRECTION('',(1.,0.,0.));
#2708 = DIRECTION('',(0.,0.,1.));
#2709 = ADVANCED_FACE('',(#2710),#2721,.T.);
#2710 = FACE_BOUND('',#2711,.T.);
#2711 = EDGE_LOOP('',(#2712,#2713,#2714,#2720));
#2712 = ORIENTED_EDGE('',*,*,#2699,.T.);
#2713 = ORIENTED_EDGE('',*,*,#2589,.T.);
#2714 = ORIENTED_EDGE('',*,*,#2715,.F.);
#2715 = EDGE_CURVE('',#2458,#2582,#2716,.T.);
#2716 = LINE('',#2717,#2718);
#2717 = CARTESIAN_POINT('',(0.755,-0.4,0.45));
#2718 = VECTOR('',#2719,1.);
#2719 = DIRECTION('',(0.,1.,0.));
#2720 = ORIENTED_EDGE('',*,*,#2465,.F.);
#2721 = CYLINDRICAL_SURFACE('',#2722,4.5E-02);
#2722 = AXIS2_PLACEMENT_3D('',#2723,#2724,#2725);
#2723 = CARTESIAN_POINT('',(0.755,-0.4,0.405));
#2724 = DIRECTION('',(0.,1.,0.));
#2725 = DIRECTION('',(1.,0.,0.));
#2726 = ADVANCED_FACE('',(#2727),#2738,.T.);
#2727 = FACE_BOUND('',#2728,.T.);
#2728 = EDGE_LOOP('',(#2729,#2730,#2736,#2737));
#2729 = ORIENTED_EDGE('',*,*,#2581,.F.);
#2730 = ORIENTED_EDGE('',*,*,#2731,.F.);
#2731 = EDGE_CURVE('',#2449,#2573,#2732,.T.);
#2732 = LINE('',#2733,#2734);
#2733 = CARTESIAN_POINT('',(0.545,-0.4,0.45));
#2734 = VECTOR('',#2735,1.);
#2735 = DIRECTION('',(0.,1.,0.));
#2736 = ORIENTED_EDGE('',*,*,#2457,.T.);
#2737 = ORIENTED_EDGE('',*,*,#2715,.T.);
#2738 = PLANE('',#2739);
#2739 = AXIS2_PLACEMENT_3D('',#2740,#2741,#2742);
#2740 = CARTESIAN_POINT('',(0.5,-0.4,0.45));
#2741 = DIRECTION('',(0.,0.,1.));
#2742 = DIRECTION('',(1.,0.,-0.));
#2743 = ADVANCED_FACE('',(#2744),#2755,.T.);
#2744 = FACE_BOUND('',#2745,.T.);
#2745 = EDGE_LOOP('',(#2746,#2747,#2748,#2749));
#2746 = ORIENTED_EDGE('',*,*,#2448,.T.);
#2747 = ORIENTED_EDGE('',*,*,#2731,.T.);
#2748 = ORIENTED_EDGE('',*,*,#2572,.F.);
#2749 = ORIENTED_EDGE('',*,*,#2750,.F.);
#2750 = EDGE_CURVE('',#2283,#2366,#2751,.T.);
#2751 = LINE('',#2752,#2753);
#2752 = CARTESIAN_POINT('',(0.5,-0.4,0.405));
#2753 = VECTOR('',#2754,1.);
#2754 = DIRECTION('',(0.,1.,0.));
#2755 = CYLINDRICAL_SURFACE('',#2756,4.5E-02);
#2756 = AXIS2_PLACEMENT_3D('',#2757,#2758,#2759);
#2757 = CARTESIAN_POINT('',(0.545,-0.4,0.405));
#2758 = DIRECTION('',(0.,1.,0.));
#2759 = DIRECTION('',(-1.,0.,0.));
#2760 = ADVANCED_FACE('',(#2761),#2772,.T.);
#2761 = FACE_BOUND('',#2762,.T.);
#2762 = EDGE_LOOP('',(#2763,#2764,#2765,#2766));
#2763 = ORIENTED_EDGE('',*,*,#2514,.F.);
#2764 = ORIENTED_EDGE('',*,*,#2750,.T.);
#2765 = ORIENTED_EDGE('',*,*,#2631,.T.);
#2766 = ORIENTED_EDGE('',*,*,#2767,.F.);
#2767 = EDGE_CURVE('',#2507,#2624,#2768,.T.);
#2768 = LINE('',#2769,#2770);
#2769 = CARTESIAN_POINT('',(0.5,-0.4,0.45));
#2770 = VECTOR('',#2771,1.);
#2771 = DIRECTION('',(0.,1.,0.));
#2772 = PLANE('',#2773);
#2773 = AXIS2_PLACEMENT_3D('',#2774,#2775,#2776);
#2774 = CARTESIAN_POINT('',(0.5,-0.4,0.405));
#2775 = DIRECTION('',(1.,0.,0.));
#2776 = DIRECTION('',(0.,0.,1.));
#2777 = ADVANCED_FACE('',(#2778),#2784,.T.);
#2778 = FACE_BOUND('',#2779,.T.);
#2779 = EDGE_LOOP('',(#2780,#2781,#2782,#2783));
#2780 = ORIENTED_EDGE('',*,*,#2538,.F.);
#2781 = ORIENTED_EDGE('',*,*,#2506,.T.);
#2782 = ORIENTED_EDGE('',*,*,#2767,.T.);
#2783 = ORIENTED_EDGE('',*,*,#2623,.F.);
#2784 = PLANE('',#2785);
#2785 = AXIS2_PLACEMENT_3D('',#2786,#2787,#2788);
#2786 = CARTESIAN_POINT('',(-0.5,-0.4,0.45));
#2787 = DIRECTION('',(0.,0.,1.));
#2788 = DIRECTION('',(1.,0.,-0.));
#2789 = ( GEOMETRIC_REPRESENTATION_CONTEXT(3) 
GLOBAL_UNCERTAINTY_ASSIGNED_CONTEXT((#2793)) 
GLOBAL_UNIT_ASSIGNED_CONTEXT((#2790,#2791,#2792)) REPRESENTATION_CONTEXT
('Context #1','3D Context with UNIT and UNCERTAINTY') );
#2790 = ( LENGTH_UNIT() NAMED_UNIT(*) SI_UNIT(.MILLI.,.METRE.) );
#2791 = ( NAMED_UNIT(*) PLANE_ANGLE_UNIT() SI_UNIT($,.RADIAN.) );
#2792 = ( NAMED_UNIT(*) SI_UNIT($,.STERADIAN.) SOLID_ANGLE_UNIT() );
#2793 = UNCERTAINTY_MEASURE_WITH_UNIT(LENGTH_MEASURE(1.E-07),#2790,
  'distance_accuracy_value','confusion accuracy');
#2794 = CONTEXT_DEPENDENT_SHAPE_REPRESENTATION(#2795,#2797);
#2795 = ( REPRESENTATION_RELATIONSHIP('','',#1998,#1975) 
REPRESENTATION_RELATIONSHIP_WITH_TRANSFORMATION(#2796) 
SHAPE_REPRESENTATION_RELATIONSHIP() );
#2796 = ITEM_DEFINED_TRANSFORMATION('','',#11,#1976);
#2797 = PRODUCT_DEFINITION_SHAPE('Placement','Placement of an item',
  #2798);
#2798 = NEXT_ASSEMBLY_USAGE_OCCURRENCE('8','=>[0:1:1:7]','',#1970,#1993,
  $);
#2799 = PRODUCT_RELATED_PRODUCT_CATEGORY('part',$,(#1995));
#2800 = CONTEXT_DEPENDENT_SHAPE_REPRESENTATION(#2801,#2803);
#2801 = ( REPRESENTATION_RELATIONSHIP('','',#168,#10) 
REPRESENTATION_RELATIONSHIP_WITH_TRANSFORMATION(#2802) 
SHAPE_REPRESENTATION_RELATIONSHIP() );
#2802 = ITEM_DEFINED_TRANSFORMATION('','',#11,#39);
#2803 = PRODUCT_DEFINITION_SHAPE('Placement','Placement of an item',
  #2804);
#2804 = NEXT_ASSEMBLY_USAGE_OCCURRENCE('10','C14','',#5,#163,$);
#2805 = CONTEXT_DEPENDENT_SHAPE_REPRESENTATION(#2806,#2808);
#2806 = ( REPRESENTATION_RELATIONSHIP('','',#1074,#10) 
REPRESENTATION_RELATIONSHIP_WITH_TRANSFORMATION(#2807) 
SHAPE_REPRESENTATION_RELATIONSHIP() );
#2807 = ITEM_DEFINED_TRANSFORMATION('','',#11,#43);
#2808 = PRODUCT_DEFINITION_SHAPE('Placement','Placement of an item',
  #2809);
#2809 = NEXT_ASSEMBLY_USAGE_OCCURRENCE('11','C8','',#5,#1069,$);
#2810 = CONTEXT_DEPENDENT_SHAPE_REPRESENTATION(#2811,#2813);
#2811 = ( REPRESENTATION_RELATIONSHIP('','',#1975,#10) 
REPRESENTATION_RELATIONSHIP_WITH_TRANSFORMATION(#2812) 
SHAPE_REPRESENTATION_RELATIONSHIP() );
#2812 = ITEM_DEFINED_TRANSFORMATION('','',#11,#47);
#2813 = PRODUCT_DEFINITION_SHAPE('Placement','Placement of an item',
  #2814);
#2814 = NEXT_ASSEMBLY_USAGE_OCCURRENCE('12','R11','',#5,#1970,$);
#2815 = CONTEXT_DEPENDENT_SHAPE_REPRESENTATION(#2816,#2818);
#2816 = ( REPRESENTATION_RELATIONSHIP('','',#168,#10) 
REPRESENTATION_RELATIONSHIP_WITH_TRANSFORMATION(#2817) 
SHAPE_REPRESENTATION_RELATIONSHIP() );
#2817 = ITEM_DEFINED_TRANSFORMATION('','',#11,#51);
#2818 = PRODUCT_DEFINITION_SHAPE('Placement','Placement of an item',
  #2819);
#2819 = NEXT_ASSEMBLY_USAGE_OCCURRENCE('13','C2','',#5,#163,$);
#2820 = CONTEXT_DEPENDENT_SHAPE_REPRESENTATION(#2821,#2823);
#2821 = ( REPRESENTATION_RELATIONSHIP('','',#168,#10) 
REPRESENTATION_RELATIONSHIP_WITH_TRANSFORMATION(#2822) 
SHAPE_REPRESENTATION_RELATIONSHIP() );
#2822 = ITEM_DEFINED_TRANSFORMATION('','',#11,#55);
#2823 = PRODUCT_DEFINITION_SHAPE('Placement','Placement of an item',
  #2824);
#2824 = NEXT_ASSEMBLY_USAGE_OCCURRENCE('14','C11','',#5,#163,$);
#2825 = CONTEXT_DEPENDENT_SHAPE_REPRESENTATION(#2826,#2828);
#2826 = ( REPRESENTATION_RELATIONSHIP('','',#168,#10) 
REPRESENTATION_RELATIONSHIP_WITH_TRANSFORMATION(#2827) 
SHAPE_REPRESENTATION_RELATIONSHIP() );
#2827 = ITEM_DEFINED_TRANSFORMATION('','',#11,#59);
#2828 = PRODUCT_DEFINITION_SHAPE('Placement','Placement of an item',
  #2829);
#2829 = NEXT_ASSEMBLY_USAGE_OCCURRENCE('15','R5','',#5,#163,$);
#2830 = CONTEXT_DEPENDENT_SHAPE_REPRESENTATION(#2831,#2833);
#2831 = ( REPRESENTATION_RELATIONSHIP('','',#168,#10) 
REPRESENTATION_RELATIONSHIP_WITH_TRANSFORMATION(#2832) 
SHAPE_REPRESENTATION_RELATIONSHIP() );
#2832 = ITEM_DEFINED_TRANSFORMATION('','',#11,#63);
#2833 = PRODUCT_DEFINITION_SHAPE('Placement','Placement of an item',
  #2834);
#2834 = NEXT_ASSEMBLY_USAGE_OCCURRENCE('16','R14','',#5,#163,$);
#2835 = CONTEXT_DEPENDENT_SHAPE_REPRESENTATION(#2836,#2838);
#2836 = ( REPRESENTATION_RELATIONSHIP('','',#168,#10) 
REPRESENTATION_RELATIONSHIP_WITH_TRANSFORMATION(#2837) 
SHAPE_REPRESENTATION_RELATIONSHIP() );
#2837 = ITEM_DEFINED_TRANSFORMATION('','',#11,#67);
#2838 = PRODUCT_DEFINITION_SHAPE('Placement','Placement of an item',
  #2839);
#2839 = NEXT_ASSEMBLY_USAGE_OCCURRENCE('17','C18','',#5,#163,$);
#2840 = CONTEXT_DEPENDENT_SHAPE_REPRESENTATION(#2841,#2843);
#2841 = ( REPRESENTATION_RELATIONSHIP('','',#168,#10) 
REPRESENTATION_RELATIONSHIP_WITH_TRANSFORMATION(#2842) 
SHAPE_REPRESENTATION_RELATIONSHIP() );
#2842 = ITEM_DEFINED_TRANSFORMATION('','',#11,#71);
#2843 = PRODUCT_DEFINITION_SHAPE('Placement','Placement of an item',
  #2844);
#2844 = NEXT_ASSEMBLY_USAGE_OCCURRENCE('18','C4','',#5,#163,$);
#2845 = CONTEXT_DEPENDENT_SHAPE_REPRESENTATION(#2846,#2848);
#2846 = ( REPRESENTATION_RELATIONSHIP('','',#168,#10) 
REPRESENTATION_RELATIONSHIP_WITH_TRANSFORMATION(#2847) 
SHAPE_REPRESENTATION_RELATIONSHIP() );
#2847 = ITEM_DEFINED_TRANSFORMATION('','',#11,#75);
#2848 = PRODUCT_DEFINITION_SHAPE('Placement','Placement of an item',
  #2849);
#2849 = NEXT_ASSEMBLY_USAGE_OCCURRENCE('19','C6','',#5,#163,$);
#2850 = CONTEXT_DEPENDENT_SHAPE_REPRESENTATION(#2851,#2853);
#2851 = ( REPRESENTATION_RELATIONSHIP('','',#168,#10) 
REPRESENTATION_RELATIONSHIP_WITH_TRANSFORMATION(#2852) 
SHAPE_REPRESENTATION_RELATIONSHIP() );
#2852 = ITEM_DEFINED_TRANSFORMATION('','',#11,#79);
#2853 = PRODUCT_DEFINITION_SHAPE('Placement','Placement of an item',
  #2854);
#2854 = NEXT_ASSEMBLY_USAGE_OCCURRENCE('20','C13','',#5,#163,$);
#2855 = CONTEXT_DEPENDENT_SHAPE_REPRESENTATION(#2856,#2858);
#2856 = ( REPRESENTATION_RELATIONSHIP('','',#1074,#10) 
REPRESENTATION_RELATIONSHIP_WITH_TRANSFORMATION(#2857) 
SHAPE_REPRESENTATION_RELATIONSHIP() );
#2857 = ITEM_DEFINED_TRANSFORMATION('','',#11,#83);
#2858 = PRODUCT_DEFINITION_SHAPE('Placement','Placement of an item',
  #2859);
#2859 = NEXT_ASSEMBLY_USAGE_OCCURRENCE('21','C12','',#5,#1069,$);
#2860 = CONTEXT_DEPENDENT_SHAPE_REPRESENTATION(#2861,#2863);
#2861 = ( REPRESENTATION_RELATIONSHIP('','',#1975,#10) 
REPRESENTATION_RELATIONSHIP_WITH_TRANSFORMATION(#2862) 
SHAPE_REPRESENTATION_RELATIONSHIP() );
#2862 = ITEM_DEFINED_TRANSFORMATION('','',#11,#87);
#2863 = PRODUCT_DEFINITION_SHAPE('Placement','Placement of an item',
  #2864);
#2864 = NEXT_ASSEMBLY_USAGE_OCCURRENCE('22','R15','',#5,#1970,$);
#2865 = CONTEXT_DEPENDENT_SHAPE_REPRESENTATION(#2866,#2868);
#2866 = ( REPRESENTATION_RELATIONSHIP('','',#168,#10) 
REPRESENTATION_RELATIONSHIP_WITH_TRANSFORMATION(#2867) 
SHAPE_REPRESENTATION_RELATIONSHIP() );
#2867 = ITEM_DEFINED_TRANSFORMATION('','',#11,#91);
#2868 = PRODUCT_DEFINITION_SHAPE('Placement','Placement of an item',
  #2869);
#2869 = NEXT_ASSEMBLY_USAGE_OCCURRENCE('23','C1','',#5,#163,$);
#2870 = CONTEXT_DEPENDENT_SHAPE_REPRESENTATION(#2871,#2873);
#2871 = ( REPRESENTATION_RELATIONSHIP('','',#1975,#10) 
REPRESENTATION_RELATIONSHIP_WITH_TRANSFORMATION(#2872) 
SHAPE_REPRESENTATION_RELATIONSHIP() );
#2872 = ITEM_DEFINED_TRANSFORMATION('','',#11,#95);
#2873 = PRODUCT_DEFINITION_SHAPE('Placement','Placement of an item',
  #2874);
#2874 = NEXT_ASSEMBLY_USAGE_OCCURRENCE('24','R2','',#5,#1970,$);
#2875 = CONTEXT_DEPENDENT_SHAPE_REPRESENTATION(#2876,#2878);
#2876 = ( REPRESENTATION_RELATIONSHIP('','',#168,#10) 
REPRESENTATION_RELATIONSHIP_WITH_TRANSFORMATION(#2877) 
SHAPE_REPRESENTATION_RELATIONSHIP() );
#2877 = ITEM_DEFINED_TRANSFORMATION('','',#11,#99);
#2878 = PRODUCT_DEFINITION_SHAPE('Placement','Placement of an item',
  #2879);
#2879 = NEXT_ASSEMBLY_USAGE_OCCURRENCE('25','R12','',#5,#163,$);
#2880 = CONTEXT_DEPENDENT_SHAPE_REPRESENTATION(#2881,#2883);
#2881 = ( REPRESENTATION_RELATIONSHIP('','',#168,#10) 
REPRESENTATION_RELATIONSHIP_WITH_TRANSFORMATION(#2882) 
SHAPE_REPRESENTATION_RELATIONSHIP() );
#2882 = ITEM_DEFINED_TRANSFORMATION('','',#11,#103);
#2883 = PRODUCT_DEFINITION_SHAPE('Placement','Placement of an item',
  #2884);
#2884 = NEXT_ASSEMBLY_USAGE_OCCURRENCE('26','C15','',#5,#163,$);
#2885 = CONTEXT_DEPENDENT_SHAPE_REPRESENTATION(#2886,#2888);
#2886 = ( REPRESENTATION_RELATIONSHIP('','',#168,#10) 
REPRESENTATION_RELATIONSHIP_WITH_TRANSFORMATION(#2887) 
SHAPE_REPRESENTATION_RELATIONSHIP() );
#2887 = ITEM_DEFINED_TRANSFORMATION('','',#11,#107);
#2888 = PRODUCT_DEFINITION_SHAPE('Placement','Placement of an item',
  #2889);
#2889 = NEXT_ASSEMBLY_USAGE_OCCURRENCE('27','C16','',#5,#163,$);
#2890 = CONTEXT_DEPENDENT_SHAPE_REPRESENTATION(#2891,#2893);
#2891 = ( REPRESENTATION_RELATIONSHIP('','',#168,#10) 
REPRESENTATION_RELATIONSHIP_WITH_TRANSFORMATION(#2892) 
SHAPE_REPRESENTATION_RELATIONSHIP() );
#2892 = ITEM_DEFINED_TRANSFORMATION('','',#11,#111);
#2893 = PRODUCT_DEFINITION_SHAPE('Placement','Placement of an item',
  #2894);
#2894 = NEXT_ASSEMBLY_USAGE_OCCURRENCE('28','R10','',#5,#163,$);
#2895 = SHAPE_DEFINITION_REPRESENTATION(#2896,#2902);
#2896 = PRODUCT_DEFINITION_SHAPE('','',#2897);
#2897 = PRODUCT_DEFINITION('design','',#2898,#2901);
#2898 = PRODUCT_DEFINITION_FORMATION('','',#2899);
#2899 = PRODUCT('R_0805_2012Metric','R_0805_2012Metric','',(#2900));
#2900 = PRODUCT_CONTEXT('',#2,'mechanical');
#2901 = PRODUCT_DEFINITION_CONTEXT('part definition',#2,'design');
#2902 = SHAPE_REPRESENTATION('',(#11,#2903),#2907);
#2903 = AXIS2_PLACEMENT_3D('',#2904,#2905,#2906);
#2904 = CARTESIAN_POINT('',(0.,0.,0.));
#2905 = DIRECTION('',(0.,0.,1.));
#2906 = DIRECTION('',(1.,0.,-0.));
#2907 = ( GEOMETRIC_REPRESENTATION_CONTEXT(3) 
GLOBAL_UNCERTAINTY_ASSIGNED_CONTEXT((#2911)) 
GLOBAL_UNIT_ASSIGNED_CONTEXT((#2908,#2909,#2910)) REPRESENTATION_CONTEXT
('Context #1','3D Context with UNIT and UNCERTAINTY') );
#2908 = ( LENGTH_UNIT() NAMED_UNIT(*) SI_UNIT(.MILLI.,.METRE.) );
#2909 = ( NAMED_UNIT(*) PLANE_ANGLE_UNIT() SI_UNIT($,.RADIAN.) );
#2910 = ( NAMED_UNIT(*) SI_UNIT($,.STERADIAN.) SOLID_ANGLE_UNIT() );
#2911 = UNCERTAINTY_MEASURE_WITH_UNIT(LENGTH_MEASURE(1.E-07),#2908,
  'distance_accuracy_value','confusion accuracy');
#2912 = CONTEXT_DEPENDENT_SHAPE_REPRESENTATION(#2913,#2915);
#2913 = ( REPRESENTATION_RELATIONSHIP('','',#2902,#10) 
REPRESENTATION_RELATIONSHIP_WITH_TRANSFORMATION(#2914) 
SHAPE_REPRESENTATION_RELATIONSHIP() );
#2914 = ITEM_DEFINED_TRANSFORMATION('','',#11,#115);
#2915 = PRODUCT_DEFINITION_SHAPE('Placement','Placement of an item',
  #2916);
#2916 = NEXT_ASSEMBLY_USAGE_OCCURRENCE('30','R9','',#5,#2897,$);
#2917 = PRODUCT_RELATED_PRODUCT_CATEGORY('part',$,(#2899));
#2918 = SHAPE_DEFINITION_REPRESENTATION(#2919,#2925);
#2919 = PRODUCT_DEFINITION_SHAPE('','',#2920);
#2920 = PRODUCT_DEFINITION('design','',#2921,#2924);
#2921 = PRODUCT_DEFINITION_FORMATION('','',#2922);
#2922 = PRODUCT('R_0805_2012Metric','R_0805_2012Metric','',(#2923));
#2923 = PRODUCT_CONTEXT('',#2,'mechanical');
#2924 = PRODUCT_DEFINITION_CONTEXT('part definition',#2,'design');
#2925 = ADVANCED_BREP_SHAPE_REPRESENTATION('',(#11,#2926),#3716);
#2926 = MANIFOLD_SOLID_BREP('',#2927);
#2927 = CLOSED_SHELL('',(#2928,#2968,#3051,#3076,#3101,#3168,#3185,#3202
    ,#3251,#3268,#3285,#3334,#3351,#3420,#3451,#3475,#3544,#3568,#3585,
    #3602,#3619,#3636,#3653,#3670,#3687,#3704));
#2928 = ADVANCED_FACE('',(#2929),#2963,.F.);
#2929 = FACE_BOUND('',#2930,.F.);
#2930 = EDGE_LOOP('',(#2931,#2941,#2949,#2957));
#2931 = ORIENTED_EDGE('',*,*,#2932,.F.);
#2932 = EDGE_CURVE('',#2933,#2935,#2937,.T.);
#2933 = VERTEX_POINT('',#2934);
#2934 = CARTESIAN_POINT('',(-1.,-0.6,4.5E-02));
#2935 = VERTEX_POINT('',#2936);
#2936 = CARTESIAN_POINT('',(-1.,-0.6,0.405));
#2937 = LINE('',#2938,#2939);
#2938 = CARTESIAN_POINT('',(-1.,-0.6,0.));
#2939 = VECTOR('',#2940,1.);
#2940 = DIRECTION('',(0.,0.,1.));
#2941 = ORIENTED_EDGE('',*,*,#2942,.T.);
#2942 = EDGE_CURVE('',#2933,#2943,#2945,.T.);
#2943 = VERTEX_POINT('',#2944);
#2944 = CARTESIAN_POINT('',(-1.,0.6,4.5E-02));
#2945 = LINE('',#2946,#2947);
#2946 = CARTESIAN_POINT('',(-1.,-0.6,4.5E-02));
#2947 = VECTOR('',#2948,1.);
#2948 = DIRECTION('',(0.,1.,0.));
#2949 = ORIENTED_EDGE('',*,*,#2950,.T.);
#2950 = EDGE_CURVE('',#2943,#2951,#2953,.T.);
#2951 = VERTEX_POINT('',#2952);
#2952 = CARTESIAN_POINT('',(-1.,0.6,0.405));
#2953 = LINE('',#2954,#2955);
#2954 = CARTESIAN_POINT('',(-1.,0.6,0.));
#2955 = VECTOR('',#2956,1.);
#2956 = DIRECTION('',(0.,0.,1.));
#2957 = ORIENTED_EDGE('',*,*,#2958,.F.);
#2958 = EDGE_CURVE('',#2935,#2951,#2959,.T.);
#2959 = LINE('',#2960,#2961);
#2960 = CARTESIAN_POINT('',(-1.,-0.6,0.405));
#2961 = VECTOR('',#2962,1.);
#2962 = DIRECTION('',(0.,1.,0.));
#2963 = PLANE('',#2964);
#2964 = AXIS2_PLACEMENT_3D('',#2965,#2966,#2967);
#2965 = CARTESIAN_POINT('',(-1.,-0.6,0.));
#2966 = DIRECTION('',(1.,0.,0.));
#2967 = DIRECTION('',(0.,0.,1.));
#2968 = ADVANCED_FACE('',(#2969),#3046,.F.);
#2969 = FACE_BOUND('',#2970,.F.);
#2970 = EDGE_LOOP('',(#2971,#2981,#2988,#2989,#2998,#3006,#3015,#3023,
    #3031,#3039));
#2971 = ORIENTED_EDGE('',*,*,#2972,.F.);
#2972 = EDGE_CURVE('',#2973,#2975,#2977,.T.);
#2973 = VERTEX_POINT('',#2974);
#2974 = CARTESIAN_POINT('',(-0.955,-0.6,-2.775557561563E-17));
#2975 = VERTEX_POINT('',#2976);
#2976 = CARTESIAN_POINT('',(-0.745,-0.6,-2.775557561563E-17));
#2977 = LINE('',#2978,#2979);
#2978 = CARTESIAN_POINT('',(-1.,-0.6,0.));
#2979 = VECTOR('',#2980,1.);
#2980 = DIRECTION('',(1.,0.,0.));
#2981 = ORIENTED_EDGE('',*,*,#2982,.F.);
#2982 = EDGE_CURVE('',#2933,#2973,#2983,.T.);
#2983 = CIRCLE('',#2984,4.5E-02);
#2984 = AXIS2_PLACEMENT_3D('',#2985,#2986,#2987);
#2985 = CARTESIAN_POINT('',(-0.955,-0.6,4.5E-02));
#2986 = DIRECTION('',(0.,-1.,0.));
#2987 = DIRECTION('',(0.,0.,1.));
#2988 = ORIENTED_EDGE('',*,*,#2932,.T.);
#2989 = ORIENTED_EDGE('',*,*,#2990,.T.);
#2990 = EDGE_CURVE('',#2935,#2991,#2993,.T.);
#2991 = VERTEX_POINT('',#2992);
#2992 = CARTESIAN_POINT('',(-0.955,-0.6,0.45));
#2993 = CIRCLE('',#2994,4.5E-02);
#2994 = AXIS2_PLACEMENT_3D('',#2995,#2996,#2997);
#2995 = CARTESIAN_POINT('',(-0.955,-0.6,0.405));
#2996 = DIRECTION('',(0.,1.,0.));
#2997 = DIRECTION('',(0.,-0.,1.));
#2998 = ORIENTED_EDGE('',*,*,#2999,.T.);
#2999 = EDGE_CURVE('',#2991,#3000,#3002,.T.);
#3000 = VERTEX_POINT('',#3001);
#3001 = CARTESIAN_POINT('',(-0.745,-0.6,0.45));
#3002 = LINE('',#3003,#3004);
#3003 = CARTESIAN_POINT('',(-1.,-0.6,0.45));
#3004 = VECTOR('',#3005,1.);
#3005 = DIRECTION('',(1.,0.,0.));
#3006 = ORIENTED_EDGE('',*,*,#3007,.F.);
#3007 = EDGE_CURVE('',#3008,#3000,#3010,.T.);
#3008 = VERTEX_POINT('',#3009);
#3009 = CARTESIAN_POINT('',(-0.7,-0.6,0.405));
#3010 = CIRCLE('',#3011,4.5E-02);
#3011 = AXIS2_PLACEMENT_3D('',#3012,#3013,#3014);
#3012 = CARTESIAN_POINT('',(-0.745,-0.6,0.405));
#3013 = DIRECTION('',(0.,-1.,0.));
#3014 = DIRECTION('',(0.,0.,1.));
#3015 = ORIENTED_EDGE('',*,*,#3016,.F.);
#3016 = EDGE_CURVE('',#3017,#3008,#3019,.T.);
#3017 = VERTEX_POINT('',#3018);
#3018 = CARTESIAN_POINT('',(-0.955,-0.6,0.405));
#3019 = LINE('',#3020,#3021);
#3020 = CARTESIAN_POINT('',(-0.955,-0.6,0.405));
#3021 = VECTOR('',#3022,1.);
#3022 = DIRECTION('',(1.,0.,0.));
#3023 = ORIENTED_EDGE('',*,*,#3024,.F.);
#3024 = EDGE_CURVE('',#3025,#3017,#3027,.T.);
#3025 = VERTEX_POINT('',#3026);
#3026 = CARTESIAN_POINT('',(-0.955,-0.6,4.5E-02));
#3027 = LINE('',#3028,#3029);
#3028 = CARTESIAN_POINT('',(-0.955,-0.6,4.5E-02));
#3029 = VECTOR('',#3030,1.);
#3030 = DIRECTION('',(0.,0.,1.));
#3031 = ORIENTED_EDGE('',*,*,#3032,.T.);
#3032 = EDGE_CURVE('',#3025,#3033,#3035,.T.);
#3033 = VERTEX_POINT('',#3034);
#3034 = CARTESIAN_POINT('',(-0.7,-0.6,4.5E-02));
#3035 = LINE('',#3036,#3037);
#3036 = CARTESIAN_POINT('',(-0.955,-0.6,4.5E-02));
#3037 = VECTOR('',#3038,1.);
#3038 = DIRECTION('',(1.,0.,0.));
#3039 = ORIENTED_EDGE('',*,*,#3040,.T.);
#3040 = EDGE_CURVE('',#3033,#2975,#3041,.T.);
#3041 = CIRCLE('',#3042,4.5E-02);
#3042 = AXIS2_PLACEMENT_3D('',#3043,#3044,#3045);
#3043 = CARTESIAN_POINT('',(-0.745,-0.6,4.5E-02));
#3044 = DIRECTION('',(0.,1.,0.));
#3045 = DIRECTION('',(0.,-0.,1.));
#3046 = PLANE('',#3047);
#3047 = AXIS2_PLACEMENT_3D('',#3048,#3049,#3050);
#3048 = CARTESIAN_POINT('',(-1.,-0.6,0.));
#3049 = DIRECTION('',(0.,1.,0.));
#3050 = DIRECTION('',(0.,-0.,1.));
#3051 = ADVANCED_FACE('',(#3052),#3071,.T.);
#3052 = FACE_BOUND('',#3053,.T.);
#3053 = EDGE_LOOP('',(#3054,#3055,#3064,#3070));
#3054 = ORIENTED_EDGE('',*,*,#2942,.T.);
#3055 = ORIENTED_EDGE('',*,*,#3056,.T.);
#3056 = EDGE_CURVE('',#2943,#3057,#3059,.T.);
#3057 = VERTEX_POINT('',#3058);
#3058 = CARTESIAN_POINT('',(-0.955,0.6,-2.775557561563E-17));
#3059 = CIRCLE('',#3060,4.5E-02);
#3060 = AXIS2_PLACEMENT_3D('',#3061,#3062,#3063);
#3061 = CARTESIAN_POINT('',(-0.955,0.6,4.5E-02));
#3062 = DIRECTION('',(0.,-1.,0.));
#3063 = DIRECTION('',(0.,0.,1.));
#3064 = ORIENTED_EDGE('',*,*,#3065,.F.);
#3065 = EDGE_CURVE('',#2973,#3057,#3066,.T.);
#3066 = LINE('',#3067,#3068);
#3067 = CARTESIAN_POINT('',(-0.955,-0.6,-2.775557561563E-17));
#3068 = VECTOR('',#3069,1.);
#3069 = DIRECTION('',(0.,1.,0.));
#3070 = ORIENTED_EDGE('',*,*,#2982,.F.);
#3071 = CYLINDRICAL_SURFACE('',#3072,4.5E-02);
#3072 = AXIS2_PLACEMENT_3D('',#3073,#3074,#3075);
#3073 = CARTESIAN_POINT('',(-0.955,-0.6,4.5E-02));
#3074 = DIRECTION('',(0.,1.,0.));
#3075 = DIRECTION('',(-1.,0.,0.));
#3076 = ADVANCED_FACE('',(#3077),#3096,.T.);
#3077 = FACE_BOUND('',#3078,.T.);
#3078 = EDGE_LOOP('',(#3079,#3080,#3088,#3095));
#3079 = ORIENTED_EDGE('',*,*,#2990,.T.);
#3080 = ORIENTED_EDGE('',*,*,#3081,.T.);
#3081 = EDGE_CURVE('',#2991,#3082,#3084,.T.);
#3082 = VERTEX_POINT('',#3083);
#3083 = CARTESIAN_POINT('',(-0.955,0.6,0.45));
#3084 = LINE('',#3085,#3086);
#3085 = CARTESIAN_POINT('',(-0.955,-0.6,0.45));
#3086 = VECTOR('',#3087,1.);
#3087 = DIRECTION('',(0.,1.,0.));
#3088 = ORIENTED_EDGE('',*,*,#3089,.F.);
#3089 = EDGE_CURVE('',#2951,#3082,#3090,.T.);
#3090 = CIRCLE('',#3091,4.5E-02);
#3091 = AXIS2_PLACEMENT_3D('',#3092,#3093,#3094);
#3092 = CARTESIAN_POINT('',(-0.955,0.6,0.405));
#3093 = DIRECTION('',(0.,1.,0.));
#3094 = DIRECTION('',(0.,-0.,1.));
#3095 = ORIENTED_EDGE('',*,*,#2958,.F.);
#3096 = CYLINDRICAL_SURFACE('',#3097,4.5E-02);
#3097 = AXIS2_PLACEMENT_3D('',#3098,#3099,#3100);
#3098 = CARTESIAN_POINT('',(-0.955,-0.6,0.405));
#3099 = DIRECTION('',(0.,1.,0.));
#3100 = DIRECTION('',(-1.,0.,0.));
#3101 = ADVANCED_FACE('',(#3102),#3163,.T.);
#3102 = FACE_BOUND('',#3103,.T.);
#3103 = EDGE_LOOP('',(#3104,#3112,#3113,#3114,#3115,#3123,#3132,#3140,
    #3148,#3156));
#3104 = ORIENTED_EDGE('',*,*,#3105,.F.);
#3105 = EDGE_CURVE('',#3057,#3106,#3108,.T.);
#3106 = VERTEX_POINT('',#3107);
#3107 = CARTESIAN_POINT('',(-0.745,0.6,-2.775557561563E-17));
#3108 = LINE('',#3109,#3110);
#3109 = CARTESIAN_POINT('',(-1.,0.6,0.));
#3110 = VECTOR('',#3111,1.);
#3111 = DIRECTION('',(1.,0.,0.));
#3112 = ORIENTED_EDGE('',*,*,#3056,.F.);
#3113 = ORIENTED_EDGE('',*,*,#2950,.T.);
#3114 = ORIENTED_EDGE('',*,*,#3089,.T.);
#3115 = ORIENTED_EDGE('',*,*,#3116,.T.);
#3116 = EDGE_CURVE('',#3082,#3117,#3119,.T.);
#3117 = VERTEX_POINT('',#3118);
#3118 = CARTESIAN_POINT('',(-0.745,0.6,0.45));
#3119 = LINE('',#3120,#3121);
#3120 = CARTESIAN_POINT('',(-1.,0.6,0.45));
#3121 = VECTOR('',#3122,1.);
#3122 = DIRECTION('',(1.,0.,0.));
#3123 = ORIENTED_EDGE('',*,*,#3124,.F.);
#3124 = EDGE_CURVE('',#3125,#3117,#3127,.T.);
#3125 = VERTEX_POINT('',#3126);
#3126 = CARTESIAN_POINT('',(-0.7,0.6,0.405));
#3127 = CIRCLE('',#3128,4.5E-02);
#3128 = AXIS2_PLACEMENT_3D('',#3129,#3130,#3131);
#3129 = CARTESIAN_POINT('',(-0.745,0.6,0.405));
#3130 = DIRECTION('',(0.,-1.,0.));
#3131 = DIRECTION('',(0.,0.,1.));
#3132 = ORIENTED_EDGE('',*,*,#3133,.F.);
#3133 = EDGE_CURVE('',#3134,#3125,#3136,.T.);
#3134 = VERTEX_POINT('',#3135);
#3135 = CARTESIAN_POINT('',(-0.955,0.6,0.405));
#3136 = LINE('',#3137,#3138);
#3137 = CARTESIAN_POINT('',(-0.955,0.6,0.405));
#3138 = VECTOR('',#3139,1.);
#3139 = DIRECTION('',(1.,0.,0.));
#3140 = ORIENTED_EDGE('',*,*,#3141,.F.);
#3141 = EDGE_CURVE('',#3142,#3134,#3144,.T.);
#3142 = VERTEX_POINT('',#3143);
#3143 = CARTESIAN_POINT('',(-0.955,0.6,4.5E-02));
#3144 = LINE('',#3145,#3146);
#3145 = CARTESIAN_POINT('',(-0.955,0.6,4.5E-02));
#3146 = VECTOR('',#3147,1.);
#3147 = DIRECTION('',(0.,0.,1.));
#3148 = ORIENTED_EDGE('',*,*,#3149,.T.);
#3149 = EDGE_CURVE('',#3142,#3150,#3152,.T.);
#3150 = VERTEX_POINT('',#3151);
#3151 = CARTESIAN_POINT('',(-0.7,0.6,4.5E-02));
#3152 = LINE('',#3153,#3154);
#3153 = CARTESIAN_POINT('',(-0.955,0.6,4.5E-02));
#3154 = VECTOR('',#3155,1.);
#3155 = DIRECTION('',(1.,0.,0.));
#3156 = ORIENTED_EDGE('',*,*,#3157,.T.);
#3157 = EDGE_CURVE('',#3150,#3106,#3158,.T.);
#3158 = CIRCLE('',#3159,4.5E-02);
#3159 = AXIS2_PLACEMENT_3D('',#3160,#3161,#3162);
#3160 = CARTESIAN_POINT('',(-0.745,0.6,4.5E-02));
#3161 = DIRECTION('',(0.,1.,0.));
#3162 = DIRECTION('',(0.,-0.,1.));
#3163 = PLANE('',#3164);
#3164 = AXIS2_PLACEMENT_3D('',#3165,#3166,#3167);
#3165 = CARTESIAN_POINT('',(-1.,0.6,0.));
#3166 = DIRECTION('',(0.,1.,0.));
#3167 = DIRECTION('',(0.,-0.,1.));
#3168 = ADVANCED_FACE('',(#3169),#3180,.F.);
#3169 = FACE_BOUND('',#3170,.F.);
#3170 = EDGE_LOOP('',(#3171,#3172,#3173,#3174));
#3171 = ORIENTED_EDGE('',*,*,#3105,.F.);
#3172 = ORIENTED_EDGE('',*,*,#3065,.F.);
#3173 = ORIENTED_EDGE('',*,*,#2972,.T.);
#3174 = ORIENTED_EDGE('',*,*,#3175,.T.);
#3175 = EDGE_CURVE('',#2975,#3106,#3176,.T.);
#3176 = LINE('',#3177,#3178);
#3177 = CARTESIAN_POINT('',(-0.745,-0.6,-2.775557561563E-17));
#3178 = VECTOR('',#3179,1.);
#3179 = DIRECTION('',(0.,1.,0.));
#3180 = PLANE('',#3181);
#3181 = AXIS2_PLACEMENT_3D('',#3182,#3183,#3184);
#3182 = CARTESIAN_POINT('',(-1.,-0.6,0.));
#3183 = DIRECTION('',(0.,0.,1.));
#3184 = DIRECTION('',(1.,0.,-0.));
#3185 = ADVANCED_FACE('',(#3186),#3197,.T.);
#3186 = FACE_BOUND('',#3187,.T.);
#3187 = EDGE_LOOP('',(#3188,#3189,#3190,#3191));
#3188 = ORIENTED_EDGE('',*,*,#3040,.T.);
#3189 = ORIENTED_EDGE('',*,*,#3175,.T.);
#3190 = ORIENTED_EDGE('',*,*,#3157,.F.);
#3191 = ORIENTED_EDGE('',*,*,#3192,.F.);
#3192 = EDGE_CURVE('',#3033,#3150,#3193,.T.);
#3193 = LINE('',#3194,#3195);
#3194 = CARTESIAN_POINT('',(-0.7,-0.6,4.5E-02));
#3195 = VECTOR('',#3196,1.);
#3196 = DIRECTION('',(0.,1.,0.));
#3197 = CYLINDRICAL_SURFACE('',#3198,4.5E-02);
#3198 = AXIS2_PLACEMENT_3D('',#3199,#3200,#3201);
#3199 = CARTESIAN_POINT('',(-0.745,-0.6,4.5E-02));
#3200 = DIRECTION('',(0.,1.,0.));
#3201 = DIRECTION('',(1.,0.,0.));
#3202 = ADVANCED_FACE('',(#3203),#3246,.F.);
#3203 = FACE_BOUND('',#3204,.F.);
#3204 = EDGE_LOOP('',(#3205,#3206,#3207,#3208,#3216,#3224,#3232,#3240));
#3205 = ORIENTED_EDGE('',*,*,#3032,.F.);
#3206 = ORIENTED_EDGE('',*,*,#3024,.T.);
#3207 = ORIENTED_EDGE('',*,*,#3016,.T.);
#3208 = ORIENTED_EDGE('',*,*,#3209,.T.);
#3209 = EDGE_CURVE('',#3008,#3210,#3212,.T.);
#3210 = VERTEX_POINT('',#3211);
#3211 = CARTESIAN_POINT('',(0.7,-0.6,0.405));
#3212 = LINE('',#3213,#3214);
#3213 = CARTESIAN_POINT('',(-0.7,-0.6,0.405));
#3214 = VECTOR('',#3215,1.);
#3215 = DIRECTION('',(1.,0.,0.));
#3216 = ORIENTED_EDGE('',*,*,#3217,.T.);
#3217 = EDGE_CURVE('',#3210,#3218,#3220,.T.);
#3218 = VERTEX_POINT('',#3219);
#3219 = CARTESIAN_POINT('',(0.955,-0.6,0.405));
#3220 = LINE('',#3221,#3222);
#3221 = CARTESIAN_POINT('',(-0.955,-0.6,0.405));
#3222 = VECTOR('',#3223,1.);
#3223 = DIRECTION('',(1.,0.,0.));
#3224 = ORIENTED_EDGE('',*,*,#3225,.F.);
#3225 = EDGE_CURVE('',#3226,#3218,#3228,.T.);
#3226 = VERTEX_POINT('',#3227);
#3227 = CARTESIAN_POINT('',(0.955,-0.6,4.5E-02));
#3228 = LINE('',#3229,#3230);
#3229 = CARTESIAN_POINT('',(0.955,-0.6,4.5E-02));
#3230 = VECTOR('',#3231,1.);
#3231 = DIRECTION('',(0.,0.,1.));
#3232 = ORIENTED_EDGE('',*,*,#3233,.F.);
#3233 = EDGE_CURVE('',#3234,#3226,#3236,.T.);
#3234 = VERTEX_POINT('',#3235);
#3235 = CARTESIAN_POINT('',(0.7,-0.6,4.5E-02));
#3236 = LINE('',#3237,#3238);
#3237 = CARTESIAN_POINT('',(-0.955,-0.6,4.5E-02));
#3238 = VECTOR('',#3239,1.);
#3239 = DIRECTION('',(1.,0.,0.));
#3240 = ORIENTED_EDGE('',*,*,#3241,.F.);
#3241 = EDGE_CURVE('',#3033,#3234,#3242,.T.);
#3242 = LINE('',#3243,#3244);
#3243 = CARTESIAN_POINT('',(-0.955,-0.6,4.5E-02));
#3244 = VECTOR('',#3245,1.);
#3245 = DIRECTION('',(1.,0.,0.));
#3246 = PLANE('',#3247);
#3247 = AXIS2_PLACEMENT_3D('',#3248,#3249,#3250);
#3248 = CARTESIAN_POINT('',(-0.955,-0.6,4.5E-02));
#3249 = DIRECTION('',(0.,1.,0.));
#3250 = DIRECTION('',(0.,-0.,1.));
#3251 = ADVANCED_FACE('',(#3252),#3263,.T.);
#3252 = FACE_BOUND('',#3253,.T.);
#3253 = EDGE_LOOP('',(#3254,#3255,#3256,#3257));
#3254 = ORIENTED_EDGE('',*,*,#3116,.F.);
#3255 = ORIENTED_EDGE('',*,*,#3081,.F.);
#3256 = ORIENTED_EDGE('',*,*,#2999,.T.);
#3257 = ORIENTED_EDGE('',*,*,#3258,.T.);
#3258 = EDGE_CURVE('',#3000,#3117,#3259,.T.);
#3259 = LINE('',#3260,#3261);
#3260 = CARTESIAN_POINT('',(-0.745,-0.6,0.45));
#3261 = VECTOR('',#3262,1.);
#3262 = DIRECTION('',(0.,1.,0.));
#3263 = PLANE('',#3264);
#3264 = AXIS2_PLACEMENT_3D('',#3265,#3266,#3267);
#3265 = CARTESIAN_POINT('',(-1.,-0.6,0.45));
#3266 = DIRECTION('',(0.,0.,1.));
#3267 = DIRECTION('',(1.,0.,-0.));
#3268 = ADVANCED_FACE('',(#3269),#3280,.T.);
#3269 = FACE_BOUND('',#3270,.T.);
#3270 = EDGE_LOOP('',(#3271,#3277,#3278,#3279));
#3271 = ORIENTED_EDGE('',*,*,#3272,.T.);
#3272 = EDGE_CURVE('',#3008,#3125,#3273,.T.);
#3273 = LINE('',#3274,#3275);
#3274 = CARTESIAN_POINT('',(-0.7,-0.6,0.405));
#3275 = VECTOR('',#3276,1.);
#3276 = DIRECTION('',(0.,1.,0.));
#3277 = ORIENTED_EDGE('',*,*,#3124,.T.);
#3278 = ORIENTED_EDGE('',*,*,#3258,.F.);
#3279 = ORIENTED_EDGE('',*,*,#3007,.F.);
#3280 = CYLINDRICAL_SURFACE('',#3281,4.5E-02);
#3281 = AXIS2_PLACEMENT_3D('',#3282,#3283,#3284);
#3282 = CARTESIAN_POINT('',(-0.745,-0.6,0.405));
#3283 = DIRECTION('',(0.,1.,0.));
#3284 = DIRECTION('',(1.,0.,0.));
#3285 = ADVANCED_FACE('',(#3286),#3329,.T.);
#3286 = FACE_BOUND('',#3287,.T.);
#3287 = EDGE_LOOP('',(#3288,#3289,#3290,#3291,#3299,#3307,#3315,#3323));
#3288 = ORIENTED_EDGE('',*,*,#3149,.F.);
#3289 = ORIENTED_EDGE('',*,*,#3141,.T.);
#3290 = ORIENTED_EDGE('',*,*,#3133,.T.);
#3291 = ORIENTED_EDGE('',*,*,#3292,.T.);
#3292 = EDGE_CURVE('',#3125,#3293,#3295,.T.);
#3293 = VERTEX_POINT('',#3294);
#3294 = CARTESIAN_POINT('',(0.7,0.6,0.405));
#3295 = LINE('',#3296,#3297);
#3296 = CARTESIAN_POINT('',(-0.7,0.6,0.405));
#3297 = VECTOR('',#3298,1.);
#3298 = DIRECTION('',(1.,0.,0.));
#3299 = ORIENTED_EDGE('',*,*,#3300,.T.);
#3300 = EDGE_CURVE('',#3293,#3301,#3303,.T.);
#3301 = VERTEX_POINT('',#3302);
#3302 = CARTESIAN_POINT('',(0.955,0.6,0.405));
#3303 = LINE('',#3304,#3305);
#3304 = CARTESIAN_POINT('',(-0.955,0.6,0.405));
#3305 = VECTOR('',#3306,1.);
#3306 = DIRECTION('',(1.,0.,0.));
#3307 = ORIENTED_EDGE('',*,*,#3308,.F.);
#3308 = EDGE_CURVE('',#3309,#3301,#3311,.T.);
#3309 = VERTEX_POINT('',#3310);
#3310 = CARTESIAN_POINT('',(0.955,0.6,4.5E-02));
#3311 = LINE('',#3312,#3313);
#3312 = CARTESIAN_POINT('',(0.955,0.6,4.5E-02));
#3313 = VECTOR('',#3314,1.);
#3314 = DIRECTION('',(0.,0.,1.));
#3315 = ORIENTED_EDGE('',*,*,#3316,.F.);
#3316 = EDGE_CURVE('',#3317,#3309,#3319,.T.);
#3317 = VERTEX_POINT('',#3318);
#3318 = CARTESIAN_POINT('',(0.7,0.6,4.5E-02));
#3319 = LINE('',#3320,#3321);
#3320 = CARTESIAN_POINT('',(-0.955,0.6,4.5E-02));
#3321 = VECTOR('',#3322,1.);
#3322 = DIRECTION('',(1.,0.,0.));
#3323 = ORIENTED_EDGE('',*,*,#3324,.F.);
#3324 = EDGE_CURVE('',#3150,#3317,#3325,.T.);
#3325 = LINE('',#3326,#3327);
#3326 = CARTESIAN_POINT('',(-0.955,0.6,4.5E-02));
#3327 = VECTOR('',#3328,1.);
#3328 = DIRECTION('',(1.,0.,0.));
#3329 = PLANE('',#3330);
#3330 = AXIS2_PLACEMENT_3D('',#3331,#3332,#3333);
#3331 = CARTESIAN_POINT('',(-0.955,0.6,4.5E-02));
#3332 = DIRECTION('',(0.,1.,0.));
#3333 = DIRECTION('',(0.,-0.,1.));
#3334 = ADVANCED_FACE('',(#3335),#3346,.F.);
#3335 = FACE_BOUND('',#3336,.F.);
#3336 = EDGE_LOOP('',(#3337,#3338,#3339,#3345));
#3337 = ORIENTED_EDGE('',*,*,#3192,.F.);
#3338 = ORIENTED_EDGE('',*,*,#3241,.T.);
#3339 = ORIENTED_EDGE('',*,*,#3340,.T.);
#3340 = EDGE_CURVE('',#3234,#3317,#3341,.T.);
#3341 = LINE('',#3342,#3343);
#3342 = CARTESIAN_POINT('',(0.7,-0.6,4.5E-02));
#3343 = VECTOR('',#3344,1.);
#3344 = DIRECTION('',(0.,1.,0.));
#3345 = ORIENTED_EDGE('',*,*,#3324,.F.);
#3346 = PLANE('',#3347);
#3347 = AXIS2_PLACEMENT_3D('',#3348,#3349,#3350);
#3348 = CARTESIAN_POINT('',(-0.955,-0.6,4.5E-02));
#3349 = DIRECTION('',(0.,0.,1.));
#3350 = DIRECTION('',(1.,0.,-0.));
#3351 = ADVANCED_FACE('',(#3352),#3415,.F.);
#3352 = FACE_BOUND('',#3353,.F.);
#3353 = EDGE_LOOP('',(#3354,#3364,#3371,#3372,#3373,#3374,#3383,#3391,
    #3400,#3408));
#3354 = ORIENTED_EDGE('',*,*,#3355,.F.);
#3355 = EDGE_CURVE('',#3356,#3358,#3360,.T.);
#3356 = VERTEX_POINT('',#3357);
#3357 = CARTESIAN_POINT('',(0.745,-0.6,-2.775557561563E-17));
#3358 = VERTEX_POINT('',#3359);
#3359 = CARTESIAN_POINT('',(0.955,-0.6,-2.775557561563E-17));
#3360 = LINE('',#3361,#3362);
#3361 = CARTESIAN_POINT('',(0.7,-0.6,0.));
#3362 = VECTOR('',#3363,1.);
#3363 = DIRECTION('',(1.,0.,0.));
#3364 = ORIENTED_EDGE('',*,*,#3365,.F.);
#3365 = EDGE_CURVE('',#3234,#3356,#3366,.T.);
#3366 = CIRCLE('',#3367,4.5E-02);
#3367 = AXIS2_PLACEMENT_3D('',#3368,#3369,#3370);
#3368 = CARTESIAN_POINT('',(0.745,-0.6,4.5E-02));
#3369 = DIRECTION('',(0.,-1.,0.));
#3370 = DIRECTION('',(0.,0.,1.));
#3371 = ORIENTED_EDGE('',*,*,#3233,.T.);
#3372 = ORIENTED_EDGE('',*,*,#3225,.T.);
#3373 = ORIENTED_EDGE('',*,*,#3217,.F.);
#3374 = ORIENTED_EDGE('',*,*,#3375,.T.);
#3375 = EDGE_CURVE('',#3210,#3376,#3378,.T.);
#3376 = VERTEX_POINT('',#3377);
#3377 = CARTESIAN_POINT('',(0.745,-0.6,0.45));
#3378 = CIRCLE('',#3379,4.5E-02);
#3379 = AXIS2_PLACEMENT_3D('',#3380,#3381,#3382);
#3380 = CARTESIAN_POINT('',(0.745,-0.6,0.405));
#3381 = DIRECTION('',(0.,1.,0.));
#3382 = DIRECTION('',(0.,-0.,1.));
#3383 = ORIENTED_EDGE('',*,*,#3384,.T.);
#3384 = EDGE_CURVE('',#3376,#3385,#3387,.T.);
#3385 = VERTEX_POINT('',#3386);
#3386 = CARTESIAN_POINT('',(0.955,-0.6,0.45));
#3387 = LINE('',#3388,#3389);
#3388 = CARTESIAN_POINT('',(0.7,-0.6,0.45));
#3389 = VECTOR('',#3390,1.);
#3390 = DIRECTION('',(1.,0.,0.));
#3391 = ORIENTED_EDGE('',*,*,#3392,.F.);
#3392 = EDGE_CURVE('',#3393,#3385,#3395,.T.);
#3393 = VERTEX_POINT('',#3394);
#3394 = CARTESIAN_POINT('',(1.,-0.6,0.405));
#3395 = CIRCLE('',#3396,4.5E-02);
#3396 = AXIS2_PLACEMENT_3D('',#3397,#3398,#3399);
#3397 = CARTESIAN_POINT('',(0.955,-0.6,0.405));
#3398 = DIRECTION('',(0.,-1.,0.));
#3399 = DIRECTION('',(0.,0.,1.));
#3400 = ORIENTED_EDGE('',*,*,#3401,.F.);
#3401 = EDGE_CURVE('',#3402,#3393,#3404,.T.);
#3402 = VERTEX_POINT('',#3403);
#3403 = CARTESIAN_POINT('',(1.,-0.6,4.5E-02));
#3404 = LINE('',#3405,#3406);
#3405 = CARTESIAN_POINT('',(1.,-0.6,0.));
#3406 = VECTOR('',#3407,1.);
#3407 = DIRECTION('',(0.,0.,1.));
#3408 = ORIENTED_EDGE('',*,*,#3409,.T.);
#3409 = EDGE_CURVE('',#3402,#3358,#3410,.T.);
#3410 = CIRCLE('',#3411,4.5E-02);
#3411 = AXIS2_PLACEMENT_3D('',#3412,#3413,#3414);
#3412 = CARTESIAN_POINT('',(0.955,-0.6,4.5E-02));
#3413 = DIRECTION('',(0.,1.,0.));
#3414 = DIRECTION('',(0.,-0.,1.));
#3415 = PLANE('',#3416);
#3416 = AXIS2_PLACEMENT_3D('',#3417,#3418,#3419);
#3417 = CARTESIAN_POINT('',(0.7,-0.6,0.));
#3418 = DIRECTION('',(0.,1.,0.));
#3419 = DIRECTION('',(0.,-0.,1.));
#3420 = ADVANCED_FACE('',(#3421),#3446,.F.);
#3421 = FACE_BOUND('',#3422,.F.);
#3422 = EDGE_LOOP('',(#3423,#3424,#3432,#3440));
#3423 = ORIENTED_EDGE('',*,*,#3209,.F.);
#3424 = ORIENTED_EDGE('',*,*,#3425,.T.);
#3425 = EDGE_CURVE('',#3008,#3426,#3428,.T.);
#3426 = VERTEX_POINT('',#3427);
#3427 = CARTESIAN_POINT('',(-0.7,-0.6,0.45));
#3428 = LINE('',#3429,#3430);
#3429 = CARTESIAN_POINT('',(-0.7,-0.6,0.405));
#3430 = VECTOR('',#3431,1.);
#3431 = DIRECTION('',(0.,0.,1.));
#3432 = ORIENTED_EDGE('',*,*,#3433,.T.);
#3433 = EDGE_CURVE('',#3426,#3434,#3436,.T.);
#3434 = VERTEX_POINT('',#3435);
#3435 = CARTESIAN_POINT('',(0.7,-0.6,0.45));
#3436 = LINE('',#3437,#3438);
#3437 = CARTESIAN_POINT('',(-0.7,-0.6,0.45));
#3438 = VECTOR('',#3439,1.);
#3439 = DIRECTION('',(1.,0.,0.));
#3440 = ORIENTED_EDGE('',*,*,#3441,.F.);
#3441 = EDGE_CURVE('',#3210,#3434,#3442,.T.);
#3442 = LINE('',#3443,#3444);
#3443 = CARTESIAN_POINT('',(0.7,-0.6,0.405));
#3444 = VECTOR('',#3445,1.);
#3445 = DIRECTION('',(0.,0.,1.));
#3446 = PLANE('',#3447);
#3447 = AXIS2_PLACEMENT_3D('',#3448,#3449,#3450);
#3448 = CARTESIAN_POINT('',(-0.7,-0.6,0.405));
#3449 = DIRECTION('',(0.,1.,0.));
#3450 = DIRECTION('',(0.,-0.,1.));
#3451 = ADVANCED_FACE('',(#3452),#3470,.F.);
#3452 = FACE_BOUND('',#3453,.F.);
#3453 = EDGE_LOOP('',(#3454,#3455,#3456,#3464));
#3454 = ORIENTED_EDGE('',*,*,#3425,.F.);
#3455 = ORIENTED_EDGE('',*,*,#3272,.T.);
#3456 = ORIENTED_EDGE('',*,*,#3457,.T.);
#3457 = EDGE_CURVE('',#3125,#3458,#3460,.T.);
#3458 = VERTEX_POINT('',#3459);
#3459 = CARTESIAN_POINT('',(-0.7,0.6,0.45));
#3460 = LINE('',#3461,#3462);
#3461 = CARTESIAN_POINT('',(-0.7,0.6,0.405));
#3462 = VECTOR('',#3463,1.);
#3463 = DIRECTION('',(0.,0.,1.));
#3464 = ORIENTED_EDGE('',*,*,#3465,.F.);
#3465 = EDGE_CURVE('',#3426,#3458,#3466,.T.);
#3466 = LINE('',#3467,#3468);
#3467 = CARTESIAN_POINT('',(-0.7,-0.6,0.45));
#3468 = VECTOR('',#3469,1.);
#3469 = DIRECTION('',(0.,1.,0.));
#3470 = PLANE('',#3471);
#3471 = AXIS2_PLACEMENT_3D('',#3472,#3473,#3474);
#3472 = CARTESIAN_POINT('',(-0.7,-0.6,0.405));
#3473 = DIRECTION('',(1.,0.,0.));
#3474 = DIRECTION('',(0.,0.,1.));
#3475 = ADVANCED_FACE('',(#3476),#3539,.T.);
#3476 = FACE_BOUND('',#3477,.T.);
#3477 = EDGE_LOOP('',(#3478,#3488,#3495,#3496,#3497,#3498,#3507,#3515,
    #3524,#3532));
#3478 = ORIENTED_EDGE('',*,*,#3479,.F.);
#3479 = EDGE_CURVE('',#3480,#3482,#3484,.T.);
#3480 = VERTEX_POINT('',#3481);
#3481 = CARTESIAN_POINT('',(0.745,0.6,-2.775557561563E-17));
#3482 = VERTEX_POINT('',#3483);
#3483 = CARTESIAN_POINT('',(0.955,0.6,-2.775557561563E-17));
#3484 = LINE('',#3485,#3486);
#3485 = CARTESIAN_POINT('',(0.7,0.6,0.));
#3486 = VECTOR('',#3487,1.);
#3487 = DIRECTION('',(1.,0.,0.));
#3488 = ORIENTED_EDGE('',*,*,#3489,.F.);
#3489 = EDGE_CURVE('',#3317,#3480,#3490,.T.);
#3490 = CIRCLE('',#3491,4.5E-02);
#3491 = AXIS2_PLACEMENT_3D('',#3492,#3493,#3494);
#3492 = CARTESIAN_POINT('',(0.745,0.6,4.5E-02));
#3493 = DIRECTION('',(0.,-1.,0.));
#3494 = DIRECTION('',(0.,0.,1.));
#3495 = ORIENTED_EDGE('',*,*,#3316,.T.);
#3496 = ORIENTED_EDGE('',*,*,#3308,.T.);
#3497 = ORIENTED_EDGE('',*,*,#3300,.F.);
#3498 = ORIENTED_EDGE('',*,*,#3499,.T.);
#3499 = EDGE_CURVE('',#3293,#3500,#3502,.T.);
#3500 = VERTEX_POINT('',#3501);
#3501 = CARTESIAN_POINT('',(0.745,0.6,0.45));
#3502 = CIRCLE('',#3503,4.5E-02);
#3503 = AXIS2_PLACEMENT_3D('',#3504,#3505,#3506);
#3504 = CARTESIAN_POINT('',(0.745,0.6,0.405));
#3505 = DIRECTION('',(0.,1.,0.));
#3506 = DIRECTION('',(0.,-0.,1.));
#3507 = ORIENTED_EDGE('',*,*,#3508,.T.);
#3508 = EDGE_CURVE('',#3500,#3509,#3511,.T.);
#3509 = VERTEX_POINT('',#3510);
#3510 = CARTESIAN_POINT('',(0.955,0.6,0.45));
#3511 = LINE('',#3512,#3513);
#3512 = CARTESIAN_POINT('',(0.7,0.6,0.45));
#3513 = VECTOR('',#3514,1.);
#3514 = DIRECTION('',(1.,0.,0.));
#3515 = ORIENTED_EDGE('',*,*,#3516,.F.);
#3516 = EDGE_CURVE('',#3517,#3509,#3519,.T.);
#3517 = VERTEX_POINT('',#3518);
#3518 = CARTESIAN_POINT('',(1.,0.6,0.405));
#3519 = CIRCLE('',#3520,4.5E-02);
#3520 = AXIS2_PLACEMENT_3D('',#3521,#3522,#3523);
#3521 = CARTESIAN_POINT('',(0.955,0.6,0.405));
#3522 = DIRECTION('',(0.,-1.,0.));
#3523 = DIRECTION('',(0.,0.,1.));
#3524 = ORIENTED_EDGE('',*,*,#3525,.F.);
#3525 = EDGE_CURVE('',#3526,#3517,#3528,.T.);
#3526 = VERTEX_POINT('',#3527);
#3527 = CARTESIAN_POINT('',(1.,0.6,4.5E-02));
#3528 = LINE('',#3529,#3530);
#3529 = CARTESIAN_POINT('',(1.,0.6,0.));
#3530 = VECTOR('',#3531,1.);
#3531 = DIRECTION('',(0.,0.,1.));
#3532 = ORIENTED_EDGE('',*,*,#3533,.T.);
#3533 = EDGE_CURVE('',#3526,#3482,#3534,.T.);
#3534 = CIRCLE('',#3535,4.5E-02);
#3535 = AXIS2_PLACEMENT_3D('',#3536,#3537,#3538);
#3536 = CARTESIAN_POINT('',(0.955,0.6,4.5E-02));
#3537 = DIRECTION('',(0.,1.,0.));
#3538 = DIRECTION('',(0.,-0.,1.));
#3539 = PLANE('',#3540);
#3540 = AXIS2_PLACEMENT_3D('',#3541,#3542,#3543);
#3541 = CARTESIAN_POINT('',(0.7,0.6,0.));
#3542 = DIRECTION('',(0.,1.,0.));
#3543 = DIRECTION('',(0.,-0.,1.));
#3544 = ADVANCED_FACE('',(#3545),#3563,.T.);
#3545 = FACE_BOUND('',#3546,.T.);
#3546 = EDGE_LOOP('',(#3547,#3548,#3549,#3557));
#3547 = ORIENTED_EDGE('',*,*,#3292,.F.);
#3548 = ORIENTED_EDGE('',*,*,#3457,.T.);
#3549 = ORIENTED_EDGE('',*,*,#3550,.T.);
#3550 = EDGE_CURVE('',#3458,#3551,#3553,.T.);
#3551 = VERTEX_POINT('',#3552);
#3552 = CARTESIAN_POINT('',(0.7,0.6,0.45));
#3553 = LINE('',#3554,#3555);
#3554 = CARTESIAN_POINT('',(-0.7,0.6,0.45));
#3555 = VECTOR('',#3556,1.);
#3556 = DIRECTION('',(1.,0.,0.));
#3557 = ORIENTED_EDGE('',*,*,#3558,.F.);
#3558 = EDGE_CURVE('',#3293,#3551,#3559,.T.);
#3559 = LINE('',#3560,#3561);
#3560 = CARTESIAN_POINT('',(0.7,0.6,0.405));
#3561 = VECTOR('',#3562,1.);
#3562 = DIRECTION('',(0.,0.,1.));
#3563 = PLANE('',#3564);
#3564 = AXIS2_PLACEMENT_3D('',#3565,#3566,#3567);
#3565 = CARTESIAN_POINT('',(-0.7,0.6,0.405));
#3566 = DIRECTION('',(0.,1.,0.));
#3567 = DIRECTION('',(0.,-0.,1.));
#3568 = ADVANCED_FACE('',(#3569),#3580,.T.);
#3569 = FACE_BOUND('',#3570,.T.);
#3570 = EDGE_LOOP('',(#3571,#3572,#3573,#3579));
#3571 = ORIENTED_EDGE('',*,*,#3340,.T.);
#3572 = ORIENTED_EDGE('',*,*,#3489,.T.);
#3573 = ORIENTED_EDGE('',*,*,#3574,.F.);
#3574 = EDGE_CURVE('',#3356,#3480,#3575,.T.);
#3575 = LINE('',#3576,#3577);
#3576 = CARTESIAN_POINT('',(0.745,-0.6,-2.775557561563E-17));
#3577 = VECTOR('',#3578,1.);
#3578 = DIRECTION('',(0.,1.,0.));
#3579 = ORIENTED_EDGE('',*,*,#3365,.F.);
#3580 = CYLINDRICAL_SURFACE('',#3581,4.5E-02);
#3581 = AXIS2_PLACEMENT_3D('',#3582,#3583,#3584);
#3582 = CARTESIAN_POINT('',(0.745,-0.6,4.5E-02));
#3583 = DIRECTION('',(0.,1.,0.));
#3584 = DIRECTION('',(-1.,0.,0.));
#3585 = ADVANCED_FACE('',(#3586),#3597,.F.);
#3586 = FACE_BOUND('',#3587,.F.);
#3587 = EDGE_LOOP('',(#3588,#3589,#3590,#3591));
#3588 = ORIENTED_EDGE('',*,*,#3479,.F.);
#3589 = ORIENTED_EDGE('',*,*,#3574,.F.);
#3590 = ORIENTED_EDGE('',*,*,#3355,.T.);
#3591 = ORIENTED_EDGE('',*,*,#3592,.T.);
#3592 = EDGE_CURVE('',#3358,#3482,#3593,.T.);
#3593 = LINE('',#3594,#3595);
#3594 = CARTESIAN_POINT('',(0.955,-0.6,-2.775557561563E-17));
#3595 = VECTOR('',#3596,1.);
#3596 = DIRECTION('',(0.,1.,0.));
#3597 = PLANE('',#3598);
#3598 = AXIS2_PLACEMENT_3D('',#3599,#3600,#3601);
#3599 = CARTESIAN_POINT('',(0.7,-0.6,0.));
#3600 = DIRECTION('',(0.,0.,1.));
#3601 = DIRECTION('',(1.,0.,-0.));
#3602 = ADVANCED_FACE('',(#3603),#3614,.T.);
#3603 = FACE_BOUND('',#3604,.T.);
#3604 = EDGE_LOOP('',(#3605,#3606,#3607,#3608));
#3605 = ORIENTED_EDGE('',*,*,#3409,.T.);
#3606 = ORIENTED_EDGE('',*,*,#3592,.T.);
#3607 = ORIENTED_EDGE('',*,*,#3533,.F.);
#3608 = ORIENTED_EDGE('',*,*,#3609,.F.);
#3609 = EDGE_CURVE('',#3402,#3526,#3610,.T.);
#3610 = LINE('',#3611,#3612);
#3611 = CARTESIAN_POINT('',(1.,-0.6,4.5E-02));
#3612 = VECTOR('',#3613,1.);
#3613 = DIRECTION('',(0.,1.,0.));
#3614 = CYLINDRICAL_SURFACE('',#3615,4.5E-02);
#3615 = AXIS2_PLACEMENT_3D('',#3616,#3617,#3618);
#3616 = CARTESIAN_POINT('',(0.955,-0.6,4.5E-02));
#3617 = DIRECTION('',(0.,1.,0.));
#3618 = DIRECTION('',(1.,0.,0.));
#3619 = ADVANCED_FACE('',(#3620),#3631,.T.);
#3620 = FACE_BOUND('',#3621,.T.);
#3621 = EDGE_LOOP('',(#3622,#3623,#3624,#3625));
#3622 = ORIENTED_EDGE('',*,*,#3401,.F.);
#3623 = ORIENTED_EDGE('',*,*,#3609,.T.);
#3624 = ORIENTED_EDGE('',*,*,#3525,.T.);
#3625 = ORIENTED_EDGE('',*,*,#3626,.F.);
#3626 = EDGE_CURVE('',#3393,#3517,#3627,.T.);
#3627 = LINE('',#3628,#3629);
#3628 = CARTESIAN_POINT('',(1.,-0.6,0.405));
#3629 = VECTOR('',#3630,1.);
#3630 = DIRECTION('',(0.,1.,0.));
#3631 = PLANE('',#3632);
#3632 = AXIS2_PLACEMENT_3D('',#3633,#3634,#3635);
#3633 = CARTESIAN_POINT('',(1.,-0.6,0.));
#3634 = DIRECTION('',(1.,0.,0.));
#3635 = DIRECTION('',(0.,0.,1.));
#3636 = ADVANCED_FACE('',(#3637),#3648,.T.);
#3637 = FACE_BOUND('',#3638,.T.);
#3638 = EDGE_LOOP('',(#3639,#3640,#3641,#3647));
#3639 = ORIENTED_EDGE('',*,*,#3626,.T.);
#3640 = ORIENTED_EDGE('',*,*,#3516,.T.);
#3641 = ORIENTED_EDGE('',*,*,#3642,.F.);
#3642 = EDGE_CURVE('',#3385,#3509,#3643,.T.);
#3643 = LINE('',#3644,#3645);
#3644 = CARTESIAN_POINT('',(0.955,-0.6,0.45));
#3645 = VECTOR('',#3646,1.);
#3646 = DIRECTION('',(0.,1.,0.));
#3647 = ORIENTED_EDGE('',*,*,#3392,.F.);
#3648 = CYLINDRICAL_SURFACE('',#3649,4.5E-02);
#3649 = AXIS2_PLACEMENT_3D('',#3650,#3651,#3652);
#3650 = CARTESIAN_POINT('',(0.955,-0.6,0.405));
#3651 = DIRECTION('',(0.,1.,0.));
#3652 = DIRECTION('',(1.,0.,0.));
#3653 = ADVANCED_FACE('',(#3654),#3665,.T.);
#3654 = FACE_BOUND('',#3655,.T.);
#3655 = EDGE_LOOP('',(#3656,#3657,#3663,#3664));
#3656 = ORIENTED_EDGE('',*,*,#3508,.F.);
#3657 = ORIENTED_EDGE('',*,*,#3658,.F.);
#3658 = EDGE_CURVE('',#3376,#3500,#3659,.T.);
#3659 = LINE('',#3660,#3661);
#3660 = CARTESIAN_POINT('',(0.745,-0.6,0.45));
#3661 = VECTOR('',#3662,1.);
#3662 = DIRECTION('',(0.,1.,0.));
#3663 = ORIENTED_EDGE('',*,*,#3384,.T.);
#3664 = ORIENTED_EDGE('',*,*,#3642,.T.);
#3665 = PLANE('',#3666);
#3666 = AXIS2_PLACEMENT_3D('',#3667,#3668,#3669);
#3667 = CARTESIAN_POINT('',(0.7,-0.6,0.45));
#3668 = DIRECTION('',(0.,0.,1.));
#3669 = DIRECTION('',(1.,0.,-0.));
#3670 = ADVANCED_FACE('',(#3671),#3682,.T.);
#3671 = FACE_BOUND('',#3672,.T.);
#3672 = EDGE_LOOP('',(#3673,#3674,#3675,#3676));
#3673 = ORIENTED_EDGE('',*,*,#3375,.T.);
#3674 = ORIENTED_EDGE('',*,*,#3658,.T.);
#3675 = ORIENTED_EDGE('',*,*,#3499,.F.);
#3676 = ORIENTED_EDGE('',*,*,#3677,.F.);
#3677 = EDGE_CURVE('',#3210,#3293,#3678,.T.);
#3678 = LINE('',#3679,#3680);
#3679 = CARTESIAN_POINT('',(0.7,-0.6,0.405));
#3680 = VECTOR('',#3681,1.);
#3681 = DIRECTION('',(0.,1.,0.));
#3682 = CYLINDRICAL_SURFACE('',#3683,4.5E-02);
#3683 = AXIS2_PLACEMENT_3D('',#3684,#3685,#3686);
#3684 = CARTESIAN_POINT('',(0.745,-0.6,0.405));
#3685 = DIRECTION('',(0.,1.,0.));
#3686 = DIRECTION('',(-1.,0.,0.));
#3687 = ADVANCED_FACE('',(#3688),#3699,.T.);
#3688 = FACE_BOUND('',#3689,.T.);
#3689 = EDGE_LOOP('',(#3690,#3691,#3692,#3693));
#3690 = ORIENTED_EDGE('',*,*,#3441,.F.);
#3691 = ORIENTED_EDGE('',*,*,#3677,.T.);
#3692 = ORIENTED_EDGE('',*,*,#3558,.T.);
#3693 = ORIENTED_EDGE('',*,*,#3694,.F.);
#3694 = EDGE_CURVE('',#3434,#3551,#3695,.T.);
#3695 = LINE('',#3696,#3697);
#3696 = CARTESIAN_POINT('',(0.7,-0.6,0.45));
#3697 = VECTOR('',#3698,1.);
#3698 = DIRECTION('',(0.,1.,0.));
#3699 = PLANE('',#3700);
#3700 = AXIS2_PLACEMENT_3D('',#3701,#3702,#3703);
#3701 = CARTESIAN_POINT('',(0.7,-0.6,0.405));
#3702 = DIRECTION('',(1.,0.,0.));
#3703 = DIRECTION('',(0.,0.,1.));
#3704 = ADVANCED_FACE('',(#3705),#3711,.T.);
#3705 = FACE_BOUND('',#3706,.T.);
#3706 = EDGE_LOOP('',(#3707,#3708,#3709,#3710));
#3707 = ORIENTED_EDGE('',*,*,#3465,.F.);
#3708 = ORIENTED_EDGE('',*,*,#3433,.T.);
#3709 = ORIENTED_EDGE('',*,*,#3694,.T.);
#3710 = ORIENTED_EDGE('',*,*,#3550,.F.);
#3711 = PLANE('',#3712);
#3712 = AXIS2_PLACEMENT_3D('',#3713,#3714,#3715);
#3713 = CARTESIAN_POINT('',(-0.7,-0.6,0.45));
#3714 = DIRECTION('',(0.,0.,1.));
#3715 = DIRECTION('',(1.,0.,-0.));
#3716 = ( GEOMETRIC_REPRESENTATION_CONTEXT(3) 
GLOBAL_UNCERTAINTY_ASSIGNED_CONTEXT((#3720)) 
GLOBAL_UNIT_ASSIGNED_CONTEXT((#3717,#3718,#3719)) REPRESENTATION_CONTEXT
('Context #1','3D Context with UNIT and UNCERTAINTY') );
#3717 = ( LENGTH_UNIT() NAMED_UNIT(*) SI_UNIT(.MILLI.,.METRE.) );
#3718 = ( NAMED_UNIT(*) PLANE_ANGLE_UNIT() SI_UNIT($,.RADIAN.) );
#3719 = ( NAMED_UNIT(*) SI_UNIT($,.STERADIAN.) SOLID_ANGLE_UNIT() );
#3720 = UNCERTAINTY_MEASURE_WITH_UNIT(LENGTH_MEASURE(1.E-07),#3717,
  'distance_accuracy_value','confusion accuracy');
#3721 = CONTEXT_DEPENDENT_SHAPE_REPRESENTATION(#3722,#3724);
#3722 = ( REPRESENTATION_RELATIONSHIP('','',#2925,#2902) 
REPRESENTATION_RELATIONSHIP_WITH_TRANSFORMATION(#3723) 
SHAPE_REPRESENTATION_RELATIONSHIP() );
#3723 = ITEM_DEFINED_TRANSFORMATION('','',#11,#2903);
#3724 = PRODUCT_DEFINITION_SHAPE('Placement','Placement of an item',
  #3725);
#3725 = NEXT_ASSEMBLY_USAGE_OCCURRENCE('29','=>[0:1:1:9]','',#2897,#2920
  ,$);
#3726 = PRODUCT_RELATED_PRODUCT_CATEGORY('part',$,(#2922));
#3727 = CONTEXT_DEPENDENT_SHAPE_REPRESENTATION(#3728,#3730);
#3728 = ( REPRESENTATION_RELATIONSHIP('','',#2902,#10) 
REPRESENTATION_RELATIONSHIP_WITH_TRANSFORMATION(#3729) 
SHAPE_REPRESENTATION_RELATIONSHIP() );
#3729 = ITEM_DEFINED_TRANSFORMATION('','',#11,#119);
#3730 = PRODUCT_DEFINITION_SHAPE('Placement','Placement of an item',
  #3731);
#3731 = NEXT_ASSEMBLY_USAGE_OCCURRENCE('31','R7','',#5,#2897,$);
#3732 = CONTEXT_DEPENDENT_SHAPE_REPRESENTATION(#3733,#3735);
#3733 = ( REPRESENTATION_RELATIONSHIP('','',#168,#10) 
REPRESENTATION_RELATIONSHIP_WITH_TRANSFORMATION(#3734) 
SHAPE_REPRESENTATION_RELATIONSHIP() );
#3734 = ITEM_DEFINED_TRANSFORMATION('','',#11,#123);
#3735 = PRODUCT_DEFINITION_SHAPE('Placement','Placement of an item',
  #3736);
#3736 = NEXT_ASSEMBLY_USAGE_OCCURRENCE('32','C17','',#5,#163,$);
#3737 = CONTEXT_DEPENDENT_SHAPE_REPRESENTATION(#3738,#3740);
#3738 = ( REPRESENTATION_RELATIONSHIP('','',#168,#10) 
REPRESENTATION_RELATIONSHIP_WITH_TRANSFORMATION(#3739) 
SHAPE_REPRESENTATION_RELATIONSHIP() );
#3739 = ITEM_DEFINED_TRANSFORMATION('','',#11,#127);
#3740 = PRODUCT_DEFINITION_SHAPE('Placement','Placement of an item',
  #3741);
#3741 = NEXT_ASSEMBLY_USAGE_OCCURRENCE('33','R4','',#5,#163,$);
#3742 = CONTEXT_DEPENDENT_SHAPE_REPRESENTATION(#3743,#3745);
#3743 = ( REPRESENTATION_RELATIONSHIP('','',#168,#10) 
REPRESENTATION_RELATIONSHIP_WITH_TRANSFORMATION(#3744) 
SHAPE_REPRESENTATION_RELATIONSHIP() );
#3744 = ITEM_DEFINED_TRANSFORMATION('','',#11,#131);
#3745 = PRODUCT_DEFINITION_SHAPE('Placement','Placement of an item',
  #3746);
#3746 = NEXT_ASSEMBLY_USAGE_OCCURRENCE('34','C5','',#5,#163,$);
#3747 = SHAPE_DEFINITION_REPRESENTATION(#3748,#3754);
#3748 = PRODUCT_DEFINITION_SHAPE('','',#3749);
#3749 = PRODUCT_DEFINITION('design','',#3750,#3753);
#3750 = PRODUCT_DEFINITION_FORMATION('','',#3751);
#3751 = PRODUCT('PinHeader_1x02_P1.27mm_Vertical',
  'PinHeader_1x02_P1.27mm_Vertical','',(#3752));
#3752 = PRODUCT_CONTEXT('',#2,'mechanical');
#3753 = PRODUCT_DEFINITION_CONTEXT('part definition',#2,'design');
#3754 = SHAPE_REPRESENTATION('',(#11,#3755),#3759);
#3755 = AXIS2_PLACEMENT_3D('',#3756,#3757,#3758);
#3756 = CARTESIAN_POINT('',(0.,0.,0.));
#3757 = DIRECTION('',(0.,0.,1.));
#3758 = DIRECTION('',(1.,0.,-0.));
#3759 = ( GEOMETRIC_REPRESENTATION_CONTEXT(3) 
GLOBAL_UNCERTAINTY_ASSIGNED_CONTEXT((#3763)) 
GLOBAL_UNIT_ASSIGNED_CONTEXT((#3760,#3761,#3762)) REPRESENTATION_CONTEXT
('Context #1','3D Context with UNIT and UNCERTAINTY') );
#3760 = ( LENGTH_UNIT() NAMED_UNIT(*) SI_UNIT(.MILLI.,.METRE.) );
#3761 = ( NAMED_UNIT(*) PLANE_ANGLE_UNIT() SI_UNIT($,.RADIAN.) );
#3762 = ( NAMED_UNIT(*) SI_UNIT($,.STERADIAN.) SOLID_ANGLE_UNIT() );
#3763 = UNCERTAINTY_MEASURE_WITH_UNIT(LENGTH_MEASURE(1.E-07),#3760,
  'distance_accuracy_value','confusion accuracy');
#3764 = CONTEXT_DEPENDENT_SHAPE_REPRESENTATION(#3765,#3767);
#3765 = ( REPRESENTATION_RELATIONSHIP('','',#3754,#10) 
REPRESENTATION_RELATIONSHIP_WITH_TRANSFORMATION(#3766) 
SHAPE_REPRESENTATION_RELATIONSHIP() );
#3766 = ITEM_DEFINED_TRANSFORMATION('','',#11,#135);
#3767 = PRODUCT_DEFINITION_SHAPE('Placement','Placement of an item',
  #3768);
#3768 = NEXT_ASSEMBLY_USAGE_OCCURRENCE('36','J2','',#5,#3749,$);
#3769 = PRODUCT_RELATED_PRODUCT_CATEGORY('part',$,(#3751));
#3770 = SHAPE_DEFINITION_REPRESENTATION(#3771,#3777);
#3771 = PRODUCT_DEFINITION_SHAPE('','',#3772);
#3772 = PRODUCT_DEFINITION('design','',#3773,#3776);
#3773 = PRODUCT_DEFINITION_FORMATION('','',#3774);
#3774 = PRODUCT('PinHeader_1x02_P127mm_Vertical',
  'PinHeader_1x02_P127mm_Vertical','',(#3775));
#3775 = PRODUCT_CONTEXT('',#2,'mechanical');
#3776 = PRODUCT_DEFINITION_CONTEXT('part definition',#2,'design');
#3777 = ADVANCED_BREP_SHAPE_REPRESENTATION('',(#11,#3778),#5210);
#3778 = MANIFOLD_SOLID_BREP('',#3779);
#3779 = CLOSED_SHELL('',(#3780,#3820,#3851,#3882,#4047,#4212,#4229,#4246
    ,#4263,#4280,#4297,#4314,#4331,#4348,#4365,#4382,#4394,#4425,#4449,
    #4473,#4490,#4521,#4545,#4569,#4586,#4617,#4641,#4665,#4682,#4713,
    #4737,#4761,#4778,#4809,#4833,#4857,#4874,#4905,#4929,#4953,#4970,
    #5001,#5025,#5049,#5066,#5097,#5121,#5145,#5162,#5174,#5186,#5198));
#3780 = ADVANCED_FACE('',(#3781),#3815,.F.);
#3781 = FACE_BOUND('',#3782,.F.);
#3782 = EDGE_LOOP('',(#3783,#3793,#3801,#3809));
#3783 = ORIENTED_EDGE('',*,*,#3784,.T.);
#3784 = EDGE_CURVE('',#3785,#3787,#3789,.T.);
#3785 = VERTEX_POINT('',#3786);
#3786 = CARTESIAN_POINT('',(-0.923,0.635,0.));
#3787 = VERTEX_POINT('',#3788);
#3788 = CARTESIAN_POINT('',(-0.923,0.635,1.));
#3789 = LINE('',#3790,#3791);
#3790 = CARTESIAN_POINT('',(-0.923,0.635,0.));
#3791 = VECTOR('',#3792,1.);
#3792 = DIRECTION('',(0.,0.,1.));
#3793 = ORIENTED_EDGE('',*,*,#3794,.T.);
#3794 = EDGE_CURVE('',#3787,#3795,#3797,.T.);
#3795 = VERTEX_POINT('',#3796);
#3796 = CARTESIAN_POINT('',(-1.05,0.508,1.));
#3797 = LINE('',#3798,#3799);
#3798 = CARTESIAN_POINT('',(-0.923,0.635,1.));
#3799 = VECTOR('',#3800,1.);
#3800 = DIRECTION('',(-0.707106781187,-0.707106781187,0.));
#3801 = ORIENTED_EDGE('',*,*,#3802,.F.);
#3802 = EDGE_CURVE('',#3803,#3795,#3805,.T.);
#3803 = VERTEX_POINT('',#3804);
#3804 = CARTESIAN_POINT('',(-1.05,0.508,0.));
#3805 = LINE('',#3806,#3807);
#3806 = CARTESIAN_POINT('',(-1.05,0.508,0.));
#3807 = VECTOR('',#3808,1.);
#3808 = DIRECTION('',(0.,0.,1.));
#3809 = ORIENTED_EDGE('',*,*,#3810,.F.);
#3810 = EDGE_CURVE('',#3785,#3803,#3811,.T.);
#3811 = LINE('',#3812,#3813);
#3812 = CARTESIAN_POINT('',(-0.923,0.635,0.));
#3813 = VECTOR('',#3814,1.);
#3814 = DIRECTION('',(-0.707106781187,-0.707106781187,0.));
#3815 = PLANE('',#3816);
#3816 = AXIS2_PLACEMENT_3D('',#3817,#3818,#3819);
#3817 = CARTESIAN_POINT('',(-0.923,0.635,0.));
#3818 = DIRECTION('',(0.707106781187,-0.707106781187,0.));
#3819 = DIRECTION('',(-0.707106781187,-0.707106781187,0.));
#3820 = ADVANCED_FACE('',(#3821),#3846,.F.);
#3821 = FACE_BOUND('',#3822,.F.);
#3822 = EDGE_LOOP('',(#3823,#3833,#3839,#3840));
#3823 = ORIENTED_EDGE('',*,*,#3824,.T.);
#3824 = EDGE_CURVE('',#3825,#3827,#3829,.T.);
#3825 = VERTEX_POINT('',#3826);
#3826 = CARTESIAN_POINT('',(0.923,0.635,0.));
#3827 = VERTEX_POINT('',#3828);
#3828 = CARTESIAN_POINT('',(0.923,0.635,1.));
#3829 = LINE('',#3830,#3831);
#3830 = CARTESIAN_POINT('',(0.923,0.635,0.));
#3831 = VECTOR('',#3832,1.);
#3832 = DIRECTION('',(0.,0.,1.));
#3833 = ORIENTED_EDGE('',*,*,#3834,.T.);
#3834 = EDGE_CURVE('',#3827,#3787,#3835,.T.);
#3835 = LINE('',#3836,#3837);
#3836 = CARTESIAN_POINT('',(0.923,0.635,1.));
#3837 = VECTOR('',#3838,1.);
#3838 = DIRECTION('',(-1.,0.,0.));
#3839 = ORIENTED_EDGE('',*,*,#3784,.F.);
#3840 = ORIENTED_EDGE('',*,*,#3841,.F.);
#3841 = EDGE_CURVE('',#3825,#3785,#3842,.T.);
#3842 = LINE('',#3843,#3844);
#3843 = CARTESIAN_POINT('',(0.923,0.635,0.));
#3844 = VECTOR('',#3845,1.);
#3845 = DIRECTION('',(-1.,0.,0.));
#3846 = PLANE('',#3847);
#3847 = AXIS2_PLACEMENT_3D('',#3848,#3849,#3850);
#3848 = CARTESIAN_POINT('',(0.923,0.635,0.));
#3849 = DIRECTION('',(0.,-1.,0.));
#3850 = DIRECTION('',(-1.,0.,0.));
#3851 = ADVANCED_FACE('',(#3852),#3877,.F.);
#3852 = FACE_BOUND('',#3853,.F.);
#3853 = EDGE_LOOP('',(#3854,#3855,#3863,#3871));
#3854 = ORIENTED_EDGE('',*,*,#3802,.T.);
#3855 = ORIENTED_EDGE('',*,*,#3856,.T.);
#3856 = EDGE_CURVE('',#3795,#3857,#3859,.T.);
#3857 = VERTEX_POINT('',#3858);
#3858 = CARTESIAN_POINT('',(-1.05,-0.508,1.));
#3859 = LINE('',#3860,#3861);
#3860 = CARTESIAN_POINT('',(-1.05,0.508,1.));
#3861 = VECTOR('',#3862,1.);
#3862 = DIRECTION('',(0.,-1.,0.));
#3863 = ORIENTED_EDGE('',*,*,#3864,.F.);
#3864 = EDGE_CURVE('',#3865,#3857,#3867,.T.);
#3865 = VERTEX_POINT('',#3866);
#3866 = CARTESIAN_POINT('',(-1.05,-0.508,0.));
#3867 = LINE('',#3868,#3869);
#3868 = CARTESIAN_POINT('',(-1.05,-0.508,0.));
#3869 = VECTOR('',#3870,1.);
#3870 = DIRECTION('',(0.,0.,1.));
#3871 = ORIENTED_EDGE('',*,*,#3872,.F.);
#3872 = EDGE_CURVE('',#3803,#3865,#3873,.T.);
#3873 = LINE('',#3874,#3875);
#3874 = CARTESIAN_POINT('',(-1.05,0.508,0.));
#3875 = VECTOR('',#3876,1.);
#3876 = DIRECTION('',(0.,-1.,0.));
#3877 = PLANE('',#3878);
#3878 = AXIS2_PLACEMENT_3D('',#3879,#3880,#3881);
#3879 = CARTESIAN_POINT('',(-1.05,0.508,0.));
#3880 = DIRECTION('',(1.,0.,0.));
#3881 = DIRECTION('',(0.,-1.,0.));
#3882 = ADVANCED_FACE('',(#3883,#3974,#4008),#4042,.F.);
#3883 = FACE_BOUND('',#3884,.F.);
#3884 = EDGE_LOOP('',(#3885,#3886,#3887,#3895,#3903,#3911,#3919,#3927,
    #3935,#3943,#3951,#3959,#3967,#3973));
#3885 = ORIENTED_EDGE('',*,*,#3810,.T.);
#3886 = ORIENTED_EDGE('',*,*,#3872,.T.);
#3887 = ORIENTED_EDGE('',*,*,#3888,.T.);
#3888 = EDGE_CURVE('',#3865,#3889,#3891,.T.);
#3889 = VERTEX_POINT('',#3890);
#3890 = CARTESIAN_POINT('',(-0.923,-0.635,0.));
#3891 = LINE('',#3892,#3893);
#3892 = CARTESIAN_POINT('',(-1.05,-0.508,0.));
#3893 = VECTOR('',#3894,1.);
#3894 = DIRECTION('',(0.707106781187,-0.707106781187,0.));
#3895 = ORIENTED_EDGE('',*,*,#3896,.T.);
#3896 = EDGE_CURVE('',#3889,#3897,#3899,.T.);
#3897 = VERTEX_POINT('',#3898);
#3898 = CARTESIAN_POINT('',(-1.05,-0.762,0.));
#3899 = LINE('',#3900,#3901);
#3900 = CARTESIAN_POINT('',(-0.923,-0.635,0.));
#3901 = VECTOR('',#3902,1.);
#3902 = DIRECTION('',(-0.707106781187,-0.707106781187,0.));
#3903 = ORIENTED_EDGE('',*,*,#3904,.T.);
#3904 = EDGE_CURVE('',#3897,#3905,#3907,.T.);
#3905 = VERTEX_POINT('',#3906);
#3906 = CARTESIAN_POINT('',(-1.05,-1.778,0.));
#3907 = LINE('',#3908,#3909);
#3908 = CARTESIAN_POINT('',(-1.05,-0.762,0.));
#3909 = VECTOR('',#3910,1.);
#3910 = DIRECTION('',(0.,-1.,0.));
#3911 = ORIENTED_EDGE('',*,*,#3912,.T.);
#3912 = EDGE_CURVE('',#3905,#3913,#3915,.T.);
#3913 = VERTEX_POINT('',#3914);
#3914 = CARTESIAN_POINT('',(-0.923,-1.905,0.));
#3915 = LINE('',#3916,#3917);
#3916 = CARTESIAN_POINT('',(-1.05,-1.778,0.));
#3917 = VECTOR('',#3918,1.);
#3918 = DIRECTION('',(0.707106781187,-0.707106781187,0.));
#3919 = ORIENTED_EDGE('',*,*,#3920,.T.);
#3920 = EDGE_CURVE('',#3913,#3921,#3923,.T.);
#3921 = VERTEX_POINT('',#3922);
#3922 = CARTESIAN_POINT('',(0.923,-1.905,0.));
#3923 = LINE('',#3924,#3925);
#3924 = CARTESIAN_POINT('',(-0.923,-1.905,0.));
#3925 = VECTOR('',#3926,1.);
#3926 = DIRECTION('',(1.,0.,0.));
#3927 = ORIENTED_EDGE('',*,*,#3928,.T.);
#3928 = EDGE_CURVE('',#3921,#3929,#3931,.T.);
#3929 = VERTEX_POINT('',#3930);
#3930 = CARTESIAN_POINT('',(1.05,-1.778,0.));
#3931 = LINE('',#3932,#3933);
#3932 = CARTESIAN_POINT('',(0.923,-1.905,0.));
#3933 = VECTOR('',#3934,1.);
#3934 = DIRECTION('',(0.707106781187,0.707106781187,0.));
#3935 = ORIENTED_EDGE('',*,*,#3936,.T.);
#3936 = EDGE_CURVE('',#3929,#3937,#3939,.T.);
#3937 = VERTEX_POINT('',#3938);
#3938 = CARTESIAN_POINT('',(1.05,-0.762,0.));
#3939 = LINE('',#3940,#3941);
#3940 = CARTESIAN_POINT('',(1.05,-1.778,0.));
#3941 = VECTOR('',#3942,1.);
#3942 = DIRECTION('',(0.,1.,0.));
#3943 = ORIENTED_EDGE('',*,*,#3944,.T.);
#3944 = EDGE_CURVE('',#3937,#3945,#3947,.T.);
#3945 = VERTEX_POINT('',#3946);
#3946 = CARTESIAN_POINT('',(0.923,-0.635,0.));
#3947 = LINE('',#3948,#3949);
#3948 = CARTESIAN_POINT('',(1.05,-0.762,0.));
#3949 = VECTOR('',#3950,1.);
#3950 = DIRECTION('',(-0.707106781187,0.707106781187,0.));
#3951 = ORIENTED_EDGE('',*,*,#3952,.T.);
#3952 = EDGE_CURVE('',#3945,#3953,#3955,.T.);
#3953 = VERTEX_POINT('',#3954);
#3954 = CARTESIAN_POINT('',(1.05,-0.508,0.));
#3955 = LINE('',#3956,#3957);
#3956 = CARTESIAN_POINT('',(0.923,-0.635,0.));
#3957 = VECTOR('',#3958,1.);
#3958 = DIRECTION('',(0.707106781187,0.707106781187,0.));
#3959 = ORIENTED_EDGE('',*,*,#3960,.T.);
#3960 = EDGE_CURVE('',#3953,#3961,#3963,.T.);
#3961 = VERTEX_POINT('',#3962);
#3962 = CARTESIAN_POINT('',(1.05,0.508,0.));
#3963 = LINE('',#3964,#3965);
#3964 = CARTESIAN_POINT('',(1.05,-0.508,0.));
#3965 = VECTOR('',#3966,1.);
#3966 = DIRECTION('',(0.,1.,0.));
#3967 = ORIENTED_EDGE('',*,*,#3968,.T.);
#3968 = EDGE_CURVE('',#3961,#3825,#3969,.T.);
#3969 = LINE('',#3970,#3971);
#3970 = CARTESIAN_POINT('',(1.05,0.508,0.));
#3971 = VECTOR('',#3972,1.);
#3972 = DIRECTION('',(-0.707106781187,0.707106781187,0.));
#3973 = ORIENTED_EDGE('',*,*,#3841,.T.);
#3974 = FACE_BOUND('',#3975,.F.);
#3975 = EDGE_LOOP('',(#3976,#3986,#3994,#4002));
#3976 = ORIENTED_EDGE('',*,*,#3977,.F.);
#3977 = EDGE_CURVE('',#3978,#3980,#3982,.T.);
#3978 = VERTEX_POINT('',#3979);
#3979 = CARTESIAN_POINT('',(0.2,-0.2,0.));
#3980 = VERTEX_POINT('',#3981);
#3981 = CARTESIAN_POINT('',(0.2,0.2,0.));
#3982 = LINE('',#3983,#3984);
#3983 = CARTESIAN_POINT('',(0.2,-0.4175,0.));
#3984 = VECTOR('',#3985,1.);
#3985 = DIRECTION('',(0.,1.,0.));
#3986 = ORIENTED_EDGE('',*,*,#3987,.T.);
#3987 = EDGE_CURVE('',#3978,#3988,#3990,.T.);
#3988 = VERTEX_POINT('',#3989);
#3989 = CARTESIAN_POINT('',(-0.2,-0.2,0.));
#3990 = LINE('',#3991,#3992);
#3991 = CARTESIAN_POINT('',(-0.1,-0.2,0.));
#3992 = VECTOR('',#3993,1.);
#3993 = DIRECTION('',(-1.,0.,0.));
#3994 = ORIENTED_EDGE('',*,*,#3995,.T.);
#3995 = EDGE_CURVE('',#3988,#3996,#3998,.T.);
#3996 = VERTEX_POINT('',#3997);
#3997 = CARTESIAN_POINT('',(-0.2,0.2,0.));
#3998 = LINE('',#3999,#4000);
#3999 = CARTESIAN_POINT('',(-0.2,-0.4175,0.));
#4000 = VECTOR('',#4001,1.);
#4001 = DIRECTION('',(0.,1.,0.));
#4002 = ORIENTED_EDGE('',*,*,#4003,.F.);
#4003 = EDGE_CURVE('',#3980,#3996,#4004,.T.);
#4004 = LINE('',#4005,#4006);
#4005 = CARTESIAN_POINT('',(-0.1,0.2,0.));
#4006 = VECTOR('',#4007,1.);
#4007 = DIRECTION('',(-1.,0.,0.));
#4008 = FACE_BOUND('',#4009,.F.);
#4009 = EDGE_LOOP('',(#4010,#4020,#4028,#4036));
#4010 = ORIENTED_EDGE('',*,*,#4011,.T.);
#4011 = EDGE_CURVE('',#4012,#4014,#4016,.T.);
#4012 = VERTEX_POINT('',#4013);
#4013 = CARTESIAN_POINT('',(0.2,-1.47,0.));
#4014 = VERTEX_POINT('',#4015);
#4015 = CARTESIAN_POINT('',(-0.2,-1.47,0.));
#4016 = LINE('',#4017,#4018);
#4017 = CARTESIAN_POINT('',(-0.1,-1.47,0.));
#4018 = VECTOR('',#4019,1.);
#4019 = DIRECTION('',(-1.,0.,0.));
#4020 = ORIENTED_EDGE('',*,*,#4021,.T.);
#4021 = EDGE_CURVE('',#4014,#4022,#4024,.T.);
#4022 = VERTEX_POINT('',#4023);
#4023 = CARTESIAN_POINT('',(-0.2,-1.07,0.));
#4024 = LINE('',#4025,#4026);
#4025 = CARTESIAN_POINT('',(-0.2,-1.0525,0.));
#4026 = VECTOR('',#4027,1.);
#4027 = DIRECTION('',(0.,1.,0.));
#4028 = ORIENTED_EDGE('',*,*,#4029,.F.);
#4029 = EDGE_CURVE('',#4030,#4022,#4032,.T.);
#4030 = VERTEX_POINT('',#4031);
#4031 = CARTESIAN_POINT('',(0.2,-1.07,0.));
#4032 = LINE('',#4033,#4034);
#4033 = CARTESIAN_POINT('',(-0.1,-1.07,0.));
#4034 = VECTOR('',#4035,1.);
#4035 = DIRECTION('',(-1.,0.,0.));
#4036 = ORIENTED_EDGE('',*,*,#4037,.F.);
#4037 = EDGE_CURVE('',#4012,#4030,#4038,.T.);
#4038 = LINE('',#4039,#4040);
#4039 = CARTESIAN_POINT('',(0.2,-1.0525,0.));
#4040 = VECTOR('',#4041,1.);
#4041 = DIRECTION('',(0.,1.,0.));
#4042 = PLANE('',#4043);
#4043 = AXIS2_PLACEMENT_3D('',#4044,#4045,#4046);
#4044 = CARTESIAN_POINT('',(1.207703937354E-17,-0.635,0.));
#4045 = DIRECTION('',(0.,0.,1.));
#4046 = DIRECTION('',(1.,0.,-0.));
#4047 = ADVANCED_FACE('',(#4048,#4139,#4173),#4207,.T.);
#4048 = FACE_BOUND('',#4049,.T.);
#4049 = EDGE_LOOP('',(#4050,#4051,#4052,#4060,#4068,#4076,#4084,#4092,
    #4100,#4108,#4116,#4124,#4132,#4138));
#4050 = ORIENTED_EDGE('',*,*,#3794,.T.);
#4051 = ORIENTED_EDGE('',*,*,#3856,.T.);
#4052 = ORIENTED_EDGE('',*,*,#4053,.T.);
#4053 = EDGE_CURVE('',#3857,#4054,#4056,.T.);
#4054 = VERTEX_POINT('',#4055);
#4055 = CARTESIAN_POINT('',(-0.923,-0.635,1.));
#4056 = LINE('',#4057,#4058);
#4057 = CARTESIAN_POINT('',(-1.05,-0.508,1.));
#4058 = VECTOR('',#4059,1.);
#4059 = DIRECTION('',(0.707106781187,-0.707106781187,0.));
#4060 = ORIENTED_EDGE('',*,*,#4061,.T.);
#4061 = EDGE_CURVE('',#4054,#4062,#4064,.T.);
#4062 = VERTEX_POINT('',#4063);
#4063 = CARTESIAN_POINT('',(-1.05,-0.762,1.));
#4064 = LINE('',#4065,#4066);
#4065 = CARTESIAN_POINT('',(-0.923,-0.635,1.));
#4066 = VECTOR('',#4067,1.);
#4067 = DIRECTION('',(-0.707106781187,-0.707106781187,0.));
#4068 = ORIENTED_EDGE('',*,*,#4069,.T.);
#4069 = EDGE_CURVE('',#4062,#4070,#4072,.T.);
#4070 = VERTEX_POINT('',#4071);
#4071 = CARTESIAN_POINT('',(-1.05,-1.778,1.));
#4072 = LINE('',#4073,#4074);
#4073 = CARTESIAN_POINT('',(-1.05,-0.762,1.));
#4074 = VECTOR('',#4075,1.);
#4075 = DIRECTION('',(0.,-1.,0.));
#4076 = ORIENTED_EDGE('',*,*,#4077,.T.);
#4077 = EDGE_CURVE('',#4070,#4078,#4080,.T.);
#4078 = VERTEX_POINT('',#4079);
#4079 = CARTESIAN_POINT('',(-0.923,-1.905,1.));
#4080 = LINE('',#4081,#4082);
#4081 = CARTESIAN_POINT('',(-1.05,-1.778,1.));
#4082 = VECTOR('',#4083,1.);
#4083 = DIRECTION('',(0.707106781187,-0.707106781187,0.));
#4084 = ORIENTED_EDGE('',*,*,#4085,.T.);
#4085 = EDGE_CURVE('',#4078,#4086,#4088,.T.);
#4086 = VERTEX_POINT('',#4087);
#4087 = CARTESIAN_POINT('',(0.923,-1.905,1.));
#4088 = LINE('',#4089,#4090);
#4089 = CARTESIAN_POINT('',(-0.923,-1.905,1.));
#4090 = VECTOR('',#4091,1.);
#4091 = DIRECTION('',(1.,0.,0.));
#4092 = ORIENTED_EDGE('',*,*,#4093,.T.);
#4093 = EDGE_CURVE('',#4086,#4094,#4096,.T.);
#4094 = VERTEX_POINT('',#4095);
#4095 = CARTESIAN_POINT('',(1.05,-1.778,1.));
#4096 = LINE('',#4097,#4098);
#4097 = CARTESIAN_POINT('',(0.923,-1.905,1.));
#4098 = VECTOR('',#4099,1.);
#4099 = DIRECTION('',(0.707106781187,0.707106781187,0.));
#4100 = ORIENTED_EDGE('',*,*,#4101,.T.);
#4101 = EDGE_CURVE('',#4094,#4102,#4104,.T.);
#4102 = VERTEX_POINT('',#4103);
#4103 = CARTESIAN_POINT('',(1.05,-0.762,1.));
#4104 = LINE('',#4105,#4106);
#4105 = CARTESIAN_POINT('',(1.05,-1.778,1.));
#4106 = VECTOR('',#4107,1.);
#4107 = DIRECTION('',(0.,1.,0.));
#4108 = ORIENTED_EDGE('',*,*,#4109,.T.);
#4109 = EDGE_CURVE('',#4102,#4110,#4112,.T.);
#4110 = VERTEX_POINT('',#4111);
#4111 = CARTESIAN_POINT('',(0.923,-0.635,1.));
#4112 = LINE('',#4113,#4114);
#4113 = CARTESIAN_POINT('',(1.05,-0.762,1.));
#4114 = VECTOR('',#4115,1.);
#4115 = DIRECTION('',(-0.707106781187,0.707106781187,0.));
#4116 = ORIENTED_EDGE('',*,*,#4117,.T.);
#4117 = EDGE_CURVE('',#4110,#4118,#4120,.T.);
#4118 = VERTEX_POINT('',#4119);
#4119 = CARTESIAN_POINT('',(1.05,-0.508,1.));
#4120 = LINE('',#4121,#4122);
#4121 = CARTESIAN_POINT('',(0.923,-0.635,1.));
#4122 = VECTOR('',#4123,1.);
#4123 = DIRECTION('',(0.707106781187,0.707106781187,0.));
#4124 = ORIENTED_EDGE('',*,*,#4125,.T.);
#4125 = EDGE_CURVE('',#4118,#4126,#4128,.T.);
#4126 = VERTEX_POINT('',#4127);
#4127 = CARTESIAN_POINT('',(1.05,0.508,1.));
#4128 = LINE('',#4129,#4130);
#4129 = CARTESIAN_POINT('',(1.05,-0.508,1.));
#4130 = VECTOR('',#4131,1.);
#4131 = DIRECTION('',(0.,1.,0.));
#4132 = ORIENTED_EDGE('',*,*,#4133,.T.);
#4133 = EDGE_CURVE('',#4126,#3827,#4134,.T.);
#4134 = LINE('',#4135,#4136);
#4135 = CARTESIAN_POINT('',(1.05,0.508,1.));
#4136 = VECTOR('',#4137,1.);
#4137 = DIRECTION('',(-0.707106781187,0.707106781187,0.));
#4138 = ORIENTED_EDGE('',*,*,#3834,.T.);
#4139 = FACE_BOUND('',#4140,.T.);
#4140 = EDGE_LOOP('',(#4141,#4151,#4159,#4167));
#4141 = ORIENTED_EDGE('',*,*,#4142,.F.);
#4142 = EDGE_CURVE('',#4143,#4145,#4147,.T.);
#4143 = VERTEX_POINT('',#4144);
#4144 = CARTESIAN_POINT('',(0.2,-0.2,1.));
#4145 = VERTEX_POINT('',#4146);
#4146 = CARTESIAN_POINT('',(0.2,0.2,1.));
#4147 = LINE('',#4148,#4149);
#4148 = CARTESIAN_POINT('',(0.2,-0.4175,1.));
#4149 = VECTOR('',#4150,1.);
#4150 = DIRECTION('',(0.,1.,0.));
#4151 = ORIENTED_EDGE('',*,*,#4152,.T.);
#4152 = EDGE_CURVE('',#4143,#4153,#4155,.T.);
#4153 = VERTEX_POINT('',#4154);
#4154 = CARTESIAN_POINT('',(-0.2,-0.2,1.));
#4155 = LINE('',#4156,#4157);
#4156 = CARTESIAN_POINT('',(-0.1,-0.2,1.));
#4157 = VECTOR('',#4158,1.);
#4158 = DIRECTION('',(-1.,0.,0.));
#4159 = ORIENTED_EDGE('',*,*,#4160,.T.);
#4160 = EDGE_CURVE('',#4153,#4161,#4163,.T.);
#4161 = VERTEX_POINT('',#4162);
#4162 = CARTESIAN_POINT('',(-0.2,0.2,1.));
#4163 = LINE('',#4164,#4165);
#4164 = CARTESIAN_POINT('',(-0.2,-0.4175,1.));
#4165 = VECTOR('',#4166,1.);
#4166 = DIRECTION('',(0.,1.,0.));
#4167 = ORIENTED_EDGE('',*,*,#4168,.F.);
#4168 = EDGE_CURVE('',#4145,#4161,#4169,.T.);
#4169 = LINE('',#4170,#4171);
#4170 = CARTESIAN_POINT('',(-0.1,0.2,1.));
#4171 = VECTOR('',#4172,1.);
#4172 = DIRECTION('',(-1.,0.,0.));
#4173 = FACE_BOUND('',#4174,.T.);
#4174 = EDGE_LOOP('',(#4175,#4185,#4193,#4201));
#4175 = ORIENTED_EDGE('',*,*,#4176,.T.);
#4176 = EDGE_CURVE('',#4177,#4179,#4181,.T.);
#4177 = VERTEX_POINT('',#4178);
#4178 = CARTESIAN_POINT('',(0.2,-1.47,1.));
#4179 = VERTEX_POINT('',#4180);
#4180 = CARTESIAN_POINT('',(-0.2,-1.47,1.));
#4181 = LINE('',#4182,#4183);
#4182 = CARTESIAN_POINT('',(-0.1,-1.47,1.));
#4183 = VECTOR('',#4184,1.);
#4184 = DIRECTION('',(-1.,0.,0.));
#4185 = ORIENTED_EDGE('',*,*,#4186,.T.);
#4186 = EDGE_CURVE('',#4179,#4187,#4189,.T.);
#4187 = VERTEX_POINT('',#4188);
#4188 = CARTESIAN_POINT('',(-0.2,-1.07,1.));
#4189 = LINE('',#4190,#4191);
#4190 = CARTESIAN_POINT('',(-0.2,-1.0525,1.));
#4191 = VECTOR('',#4192,1.);
#4192 = DIRECTION('',(0.,1.,0.));
#4193 = ORIENTED_EDGE('',*,*,#4194,.F.);
#4194 = EDGE_CURVE('',#4195,#4187,#4197,.T.);
#4195 = VERTEX_POINT('',#4196);
#4196 = CARTESIAN_POINT('',(0.2,-1.07,1.));
#4197 = LINE('',#4198,#4199);
#4198 = CARTESIAN_POINT('',(-0.1,-1.07,1.));
#4199 = VECTOR('',#4200,1.);
#4200 = DIRECTION('',(-1.,0.,0.));
#4201 = ORIENTED_EDGE('',*,*,#4202,.F.);
#4202 = EDGE_CURVE('',#4177,#4195,#4203,.T.);
#4203 = LINE('',#4204,#4205);
#4204 = CARTESIAN_POINT('',(0.2,-1.0525,1.));
#4205 = VECTOR('',#4206,1.);
#4206 = DIRECTION('',(0.,1.,0.));
#4207 = PLANE('',#4208);
#4208 = AXIS2_PLACEMENT_3D('',#4209,#4210,#4211);
#4209 = CARTESIAN_POINT('',(1.207703937354E-17,-0.635,1.));
#4210 = DIRECTION('',(0.,0.,1.));
#4211 = DIRECTION('',(1.,0.,-0.));
#4212 = ADVANCED_FACE('',(#4213),#4224,.F.);
#4213 = FACE_BOUND('',#4214,.F.);
#4214 = EDGE_LOOP('',(#4215,#4221,#4222,#4223));
#4215 = ORIENTED_EDGE('',*,*,#4216,.T.);
#4216 = EDGE_CURVE('',#3961,#4126,#4217,.T.);
#4217 = LINE('',#4218,#4219);
#4218 = CARTESIAN_POINT('',(1.05,0.508,0.));
#4219 = VECTOR('',#4220,1.);
#4220 = DIRECTION('',(0.,0.,1.));
#4221 = ORIENTED_EDGE('',*,*,#4133,.T.);
#4222 = ORIENTED_EDGE('',*,*,#3824,.F.);
#4223 = ORIENTED_EDGE('',*,*,#3968,.F.);
#4224 = PLANE('',#4225);
#4225 = AXIS2_PLACEMENT_3D('',#4226,#4227,#4228);
#4226 = CARTESIAN_POINT('',(1.05,0.508,0.));
#4227 = DIRECTION('',(-0.707106781187,-0.707106781187,0.));
#4228 = DIRECTION('',(-0.707106781187,0.707106781187,0.));
#4229 = ADVANCED_FACE('',(#4230),#4241,.F.);
#4230 = FACE_BOUND('',#4231,.F.);
#4231 = EDGE_LOOP('',(#4232,#4233,#4234,#4240));
#4232 = ORIENTED_EDGE('',*,*,#3864,.T.);
#4233 = ORIENTED_EDGE('',*,*,#4053,.T.);
#4234 = ORIENTED_EDGE('',*,*,#4235,.F.);
#4235 = EDGE_CURVE('',#3889,#4054,#4236,.T.);
#4236 = LINE('',#4237,#4238);
#4237 = CARTESIAN_POINT('',(-0.923,-0.635,0.));
#4238 = VECTOR('',#4239,1.);
#4239 = DIRECTION('',(0.,0.,1.));
#4240 = ORIENTED_EDGE('',*,*,#3888,.F.);
#4241 = PLANE('',#4242);
#4242 = AXIS2_PLACEMENT_3D('',#4243,#4244,#4245);
#4243 = CARTESIAN_POINT('',(-1.05,-0.508,0.));
#4244 = DIRECTION('',(0.707106781187,0.707106781187,0.));
#4245 = DIRECTION('',(0.707106781187,-0.707106781187,0.));
#4246 = ADVANCED_FACE('',(#4247),#4258,.F.);
#4247 = FACE_BOUND('',#4248,.F.);
#4248 = EDGE_LOOP('',(#4249,#4255,#4256,#4257));
#4249 = ORIENTED_EDGE('',*,*,#4250,.T.);
#4250 = EDGE_CURVE('',#3953,#4118,#4251,.T.);
#4251 = LINE('',#4252,#4253);
#4252 = CARTESIAN_POINT('',(1.05,-0.508,0.));
#4253 = VECTOR('',#4254,1.);
#4254 = DIRECTION('',(0.,0.,1.));
#4255 = ORIENTED_EDGE('',*,*,#4125,.T.);
#4256 = ORIENTED_EDGE('',*,*,#4216,.F.);
#4257 = ORIENTED_EDGE('',*,*,#3960,.F.);
#4258 = PLANE('',#4259);
#4259 = AXIS2_PLACEMENT_3D('',#4260,#4261,#4262);
#4260 = CARTESIAN_POINT('',(1.05,-0.508,0.));
#4261 = DIRECTION('',(-1.,0.,0.));
#4262 = DIRECTION('',(0.,1.,0.));
#4263 = ADVANCED_FACE('',(#4264),#4275,.F.);
#4264 = FACE_BOUND('',#4265,.F.);
#4265 = EDGE_LOOP('',(#4266,#4267,#4268,#4274));
#4266 = ORIENTED_EDGE('',*,*,#4235,.T.);
#4267 = ORIENTED_EDGE('',*,*,#4061,.T.);
#4268 = ORIENTED_EDGE('',*,*,#4269,.F.);
#4269 = EDGE_CURVE('',#3897,#4062,#4270,.T.);
#4270 = LINE('',#4271,#4272);
#4271 = CARTESIAN_POINT('',(-1.05,-0.762,0.));
#4272 = VECTOR('',#4273,1.);
#4273 = DIRECTION('',(0.,0.,1.));
#4274 = ORIENTED_EDGE('',*,*,#3896,.F.);
#4275 = PLANE('',#4276);
#4276 = AXIS2_PLACEMENT_3D('',#4277,#4278,#4279);
#4277 = CARTESIAN_POINT('',(-0.923,-0.635,0.));
#4278 = DIRECTION('',(0.707106781187,-0.707106781187,0.));
#4279 = DIRECTION('',(-0.707106781187,-0.707106781187,0.));
#4280 = ADVANCED_FACE('',(#4281),#4292,.F.);
#4281 = FACE_BOUND('',#4282,.F.);
#4282 = EDGE_LOOP('',(#4283,#4289,#4290,#4291));
#4283 = ORIENTED_EDGE('',*,*,#4284,.T.);
#4284 = EDGE_CURVE('',#3945,#4110,#4285,.T.);
#4285 = LINE('',#4286,#4287);
#4286 = CARTESIAN_POINT('',(0.923,-0.635,0.));
#4287 = VECTOR('',#4288,1.);
#4288 = DIRECTION('',(0.,0.,1.));
#4289 = ORIENTED_EDGE('',*,*,#4117,.T.);
#4290 = ORIENTED_EDGE('',*,*,#4250,.F.);
#4291 = ORIENTED_EDGE('',*,*,#3952,.F.);
#4292 = PLANE('',#4293);
#4293 = AXIS2_PLACEMENT_3D('',#4294,#4295,#4296);
#4294 = CARTESIAN_POINT('',(0.923,-0.635,0.));
#4295 = DIRECTION('',(-0.707106781187,0.707106781187,0.));
#4296 = DIRECTION('',(0.707106781187,0.707106781187,0.));
#4297 = ADVANCED_FACE('',(#4298),#4309,.F.);
#4298 = FACE_BOUND('',#4299,.F.);
#4299 = EDGE_LOOP('',(#4300,#4301,#4302,#4308));
#4300 = ORIENTED_EDGE('',*,*,#4269,.T.);
#4301 = ORIENTED_EDGE('',*,*,#4069,.T.);
#4302 = ORIENTED_EDGE('',*,*,#4303,.F.);
#4303 = EDGE_CURVE('',#3905,#4070,#4304,.T.);
#4304 = LINE('',#4305,#4306);
#4305 = CARTESIAN_POINT('',(-1.05,-1.778,0.));
#4306 = VECTOR('',#4307,1.);
#4307 = DIRECTION('',(0.,0.,1.));
#4308 = ORIENTED_EDGE('',*,*,#3904,.F.);
#4309 = PLANE('',#4310);
#4310 = AXIS2_PLACEMENT_3D('',#4311,#4312,#4313);
#4311 = CARTESIAN_POINT('',(-1.05,-0.762,0.));
#4312 = DIRECTION('',(1.,0.,0.));
#4313 = DIRECTION('',(0.,-1.,0.));
#4314 = ADVANCED_FACE('',(#4315),#4326,.F.);
#4315 = FACE_BOUND('',#4316,.F.);
#4316 = EDGE_LOOP('',(#4317,#4323,#4324,#4325));
#4317 = ORIENTED_EDGE('',*,*,#4318,.T.);
#4318 = EDGE_CURVE('',#3937,#4102,#4319,.T.);
#4319 = LINE('',#4320,#4321);
#4320 = CARTESIAN_POINT('',(1.05,-0.762,0.));
#4321 = VECTOR('',#4322,1.);
#4322 = DIRECTION('',(0.,0.,1.));
#4323 = ORIENTED_EDGE('',*,*,#4109,.T.);
#4324 = ORIENTED_EDGE('',*,*,#4284,.F.);
#4325 = ORIENTED_EDGE('',*,*,#3944,.F.);
#4326 = PLANE('',#4327);
#4327 = AXIS2_PLACEMENT_3D('',#4328,#4329,#4330);
#4328 = CARTESIAN_POINT('',(1.05,-0.762,0.));
#4329 = DIRECTION('',(-0.707106781187,-0.707106781187,0.));
#4330 = DIRECTION('',(-0.707106781187,0.707106781187,0.));
#4331 = ADVANCED_FACE('',(#4332),#4343,.F.);
#4332 = FACE_BOUND('',#4333,.F.);
#4333 = EDGE_LOOP('',(#4334,#4335,#4336,#4342));
#4334 = ORIENTED_EDGE('',*,*,#4303,.T.);
#4335 = ORIENTED_EDGE('',*,*,#4077,.T.);
#4336 = ORIENTED_EDGE('',*,*,#4337,.F.);
#4337 = EDGE_CURVE('',#3913,#4078,#4338,.T.);
#4338 = LINE('',#4339,#4340);
#4339 = CARTESIAN_POINT('',(-0.923,-1.905,0.));
#4340 = VECTOR('',#4341,1.);
#4341 = DIRECTION('',(0.,0.,1.));
#4342 = ORIENTED_EDGE('',*,*,#3912,.F.);
#4343 = PLANE('',#4344);
#4344 = AXIS2_PLACEMENT_3D('',#4345,#4346,#4347);
#4345 = CARTESIAN_POINT('',(-1.05,-1.778,0.));
#4346 = DIRECTION('',(0.707106781187,0.707106781187,0.));
#4347 = DIRECTION('',(0.707106781187,-0.707106781187,0.));
#4348 = ADVANCED_FACE('',(#4349),#4360,.F.);
#4349 = FACE_BOUND('',#4350,.F.);
#4350 = EDGE_LOOP('',(#4351,#4357,#4358,#4359));
#4351 = ORIENTED_EDGE('',*,*,#4352,.T.);
#4352 = EDGE_CURVE('',#3929,#4094,#4353,.T.);
#4353 = LINE('',#4354,#4355);
#4354 = CARTESIAN_POINT('',(1.05,-1.778,0.));
#4355 = VECTOR('',#4356,1.);
#4356 = DIRECTION('',(0.,0.,1.));
#4357 = ORIENTED_EDGE('',*,*,#4101,.T.);
#4358 = ORIENTED_EDGE('',*,*,#4318,.F.);
#4359 = ORIENTED_EDGE('',*,*,#3936,.F.);
#4360 = PLANE('',#4361);
#4361 = AXIS2_PLACEMENT_3D('',#4362,#4363,#4364);
#4362 = CARTESIAN_POINT('',(1.05,-1.778,0.));
#4363 = DIRECTION('',(-1.,0.,0.));
#4364 = DIRECTION('',(0.,1.,0.));
#4365 = ADVANCED_FACE('',(#4366),#4377,.F.);
#4366 = FACE_BOUND('',#4367,.F.);
#4367 = EDGE_LOOP('',(#4368,#4369,#4370,#4376));
#4368 = ORIENTED_EDGE('',*,*,#4337,.T.);
#4369 = ORIENTED_EDGE('',*,*,#4085,.T.);
#4370 = ORIENTED_EDGE('',*,*,#4371,.F.);
#4371 = EDGE_CURVE('',#3921,#4086,#4372,.T.);
#4372 = LINE('',#4373,#4374);
#4373 = CARTESIAN_POINT('',(0.923,-1.905,0.));
#4374 = VECTOR('',#4375,1.);
#4375 = DIRECTION('',(0.,0.,1.));
#4376 = ORIENTED_EDGE('',*,*,#3920,.F.);
#4377 = PLANE('',#4378);
#4378 = AXIS2_PLACEMENT_3D('',#4379,#4380,#4381);
#4379 = CARTESIAN_POINT('',(-0.923,-1.905,0.));
#4380 = DIRECTION('',(0.,1.,0.));
#4381 = DIRECTION('',(1.,0.,0.));
#4382 = ADVANCED_FACE('',(#4383),#4389,.F.);
#4383 = FACE_BOUND('',#4384,.F.);
#4384 = EDGE_LOOP('',(#4385,#4386,#4387,#4388));
#4385 = ORIENTED_EDGE('',*,*,#4371,.T.);
#4386 = ORIENTED_EDGE('',*,*,#4093,.T.);
#4387 = ORIENTED_EDGE('',*,*,#4352,.F.);
#4388 = ORIENTED_EDGE('',*,*,#3928,.F.);
#4389 = PLANE('',#4390);
#4390 = AXIS2_PLACEMENT_3D('',#4391,#4392,#4393);
#4391 = CARTESIAN_POINT('',(0.923,-1.905,0.));
#4392 = DIRECTION('',(-0.707106781187,0.707106781187,0.));
#4393 = DIRECTION('',(0.707106781187,0.707106781187,0.));
#4394 = ADVANCED_FACE('',(#4395),#4420,.T.);
#4395 = FACE_BOUND('',#4396,.T.);
#4396 = EDGE_LOOP('',(#4397,#4405,#4413,#4419));
#4397 = ORIENTED_EDGE('',*,*,#4398,.F.);
#4398 = EDGE_CURVE('',#4399,#3978,#4401,.T.);
#4399 = VERTEX_POINT('',#4400);
#4400 = CARTESIAN_POINT('',(0.2,-0.2,-2.2));
#4401 = LINE('',#4402,#4403);
#4402 = CARTESIAN_POINT('',(0.2,-0.2,-2.3));
#4403 = VECTOR('',#4404,1.);
#4404 = DIRECTION('',(0.,0.,1.));
#4405 = ORIENTED_EDGE('',*,*,#4406,.T.);
#4406 = EDGE_CURVE('',#4399,#4407,#4409,.T.);
#4407 = VERTEX_POINT('',#4408);
#4408 = CARTESIAN_POINT('',(0.2,0.2,-2.2));
#4409 = LINE('',#4410,#4411);
#4410 = CARTESIAN_POINT('',(0.2,-0.2,-2.2));
#4411 = VECTOR('',#4412,1.);
#4412 = DIRECTION('',(0.,1.,0.));
#4413 = ORIENTED_EDGE('',*,*,#4414,.T.);
#4414 = EDGE_CURVE('',#4407,#3980,#4415,.T.);
#4415 = LINE('',#4416,#4417);
#4416 = CARTESIAN_POINT('',(0.2,0.2,-2.3));
#4417 = VECTOR('',#4418,1.);
#4418 = DIRECTION('',(0.,0.,1.));
#4419 = ORIENTED_EDGE('',*,*,#3977,.F.);
#4420 = PLANE('',#4421);
#4421 = AXIS2_PLACEMENT_3D('',#4422,#4423,#4424);
#4422 = CARTESIAN_POINT('',(0.2,-0.2,-2.3));
#4423 = DIRECTION('',(1.,0.,0.));
#4424 = DIRECTION('',(0.,0.,1.));
#4425 = ADVANCED_FACE('',(#4426),#4444,.T.);
#4426 = FACE_BOUND('',#4427,.T.);
#4427 = EDGE_LOOP('',(#4428,#4429,#4437,#4443));
#4428 = ORIENTED_EDGE('',*,*,#4414,.F.);
#4429 = ORIENTED_EDGE('',*,*,#4430,.F.);
#4430 = EDGE_CURVE('',#4431,#4407,#4433,.T.);
#4431 = VERTEX_POINT('',#4432);
#4432 = CARTESIAN_POINT('',(-0.2,0.2,-2.2));
#4433 = LINE('',#4434,#4435);
#4434 = CARTESIAN_POINT('',(-0.2,0.2,-2.2));
#4435 = VECTOR('',#4436,1.);
#4436 = DIRECTION('',(1.,0.,0.));
#4437 = ORIENTED_EDGE('',*,*,#4438,.T.);
#4438 = EDGE_CURVE('',#4431,#3996,#4439,.T.);
#4439 = LINE('',#4440,#4441);
#4440 = CARTESIAN_POINT('',(-0.2,0.2,-2.3));
#4441 = VECTOR('',#4442,1.);
#4442 = DIRECTION('',(0.,0.,1.));
#4443 = ORIENTED_EDGE('',*,*,#4003,.F.);
#4444 = PLANE('',#4445);
#4445 = AXIS2_PLACEMENT_3D('',#4446,#4447,#4448);
#4446 = CARTESIAN_POINT('',(-0.2,0.2,-2.3));
#4447 = DIRECTION('',(0.,1.,0.));
#4448 = DIRECTION('',(0.,-0.,1.));
#4449 = ADVANCED_FACE('',(#4450),#4468,.F.);
#4450 = FACE_BOUND('',#4451,.F.);
#4451 = EDGE_LOOP('',(#4452,#4460,#4466,#4467));
#4452 = ORIENTED_EDGE('',*,*,#4453,.F.);
#4453 = EDGE_CURVE('',#4454,#3988,#4456,.T.);
#4454 = VERTEX_POINT('',#4455);
#4455 = CARTESIAN_POINT('',(-0.2,-0.2,-2.2));
#4456 = LINE('',#4457,#4458);
#4457 = CARTESIAN_POINT('',(-0.2,-0.2,-2.3));
#4458 = VECTOR('',#4459,1.);
#4459 = DIRECTION('',(0.,0.,1.));
#4460 = ORIENTED_EDGE('',*,*,#4461,.T.);
#4461 = EDGE_CURVE('',#4454,#4431,#4462,.T.);
#4462 = LINE('',#4463,#4464);
#4463 = CARTESIAN_POINT('',(-0.2,-0.2,-2.2));
#4464 = VECTOR('',#4465,1.);
#4465 = DIRECTION('',(0.,1.,0.));
#4466 = ORIENTED_EDGE('',*,*,#4438,.T.);
#4467 = ORIENTED_EDGE('',*,*,#3995,.F.);
#4468 = PLANE('',#4469);
#4469 = AXIS2_PLACEMENT_3D('',#4470,#4471,#4472);
#4470 = CARTESIAN_POINT('',(-0.2,-0.2,-2.3));
#4471 = DIRECTION('',(1.,0.,0.));
#4472 = DIRECTION('',(0.,0.,1.));
#4473 = ADVANCED_FACE('',(#4474),#4485,.F.);
#4474 = FACE_BOUND('',#4475,.F.);
#4475 = EDGE_LOOP('',(#4476,#4477,#4483,#4484));
#4476 = ORIENTED_EDGE('',*,*,#4398,.F.);
#4477 = ORIENTED_EDGE('',*,*,#4478,.F.);
#4478 = EDGE_CURVE('',#4454,#4399,#4479,.T.);
#4479 = LINE('',#4480,#4481);
#4480 = CARTESIAN_POINT('',(-0.2,-0.2,-2.2));
#4481 = VECTOR('',#4482,1.);
#4482 = DIRECTION('',(1.,0.,0.));
#4483 = ORIENTED_EDGE('',*,*,#4453,.T.);
#4484 = ORIENTED_EDGE('',*,*,#3987,.F.);
#4485 = PLANE('',#4486);
#4486 = AXIS2_PLACEMENT_3D('',#4487,#4488,#4489);
#4487 = CARTESIAN_POINT('',(-0.2,-0.2,-2.3));
#4488 = DIRECTION('',(0.,1.,0.));
#4489 = DIRECTION('',(0.,-0.,1.));
#4490 = ADVANCED_FACE('',(#4491),#4516,.F.);
#4491 = FACE_BOUND('',#4492,.F.);
#4492 = EDGE_LOOP('',(#4493,#4501,#4509,#4515));
#4493 = ORIENTED_EDGE('',*,*,#4494,.F.);
#4494 = EDGE_CURVE('',#4495,#4012,#4497,.T.);
#4495 = VERTEX_POINT('',#4496);
#4496 = CARTESIAN_POINT('',(0.2,-1.47,-2.2));
#4497 = LINE('',#4498,#4499);
#4498 = CARTESIAN_POINT('',(0.2,-1.47,-2.3));
#4499 = VECTOR('',#4500,1.);
#4500 = DIRECTION('',(0.,0.,1.));
#4501 = ORIENTED_EDGE('',*,*,#4502,.F.);
#4502 = EDGE_CURVE('',#4503,#4495,#4505,.T.);
#4503 = VERTEX_POINT('',#4504);
#4504 = CARTESIAN_POINT('',(-0.2,-1.47,-2.2));
#4505 = LINE('',#4506,#4507);
#4506 = CARTESIAN_POINT('',(-0.2,-1.47,-2.2));
#4507 = VECTOR('',#4508,1.);
#4508 = DIRECTION('',(1.,0.,0.));
#4509 = ORIENTED_EDGE('',*,*,#4510,.T.);
#4510 = EDGE_CURVE('',#4503,#4014,#4511,.T.);
#4511 = LINE('',#4512,#4513);
#4512 = CARTESIAN_POINT('',(-0.2,-1.47,-2.3));
#4513 = VECTOR('',#4514,1.);
#4514 = DIRECTION('',(0.,0.,1.));
#4515 = ORIENTED_EDGE('',*,*,#4011,.F.);
#4516 = PLANE('',#4517);
#4517 = AXIS2_PLACEMENT_3D('',#4518,#4519,#4520);
#4518 = CARTESIAN_POINT('',(-0.2,-1.47,-2.3));
#4519 = DIRECTION('',(0.,1.,0.));
#4520 = DIRECTION('',(0.,-0.,1.));
#4521 = ADVANCED_FACE('',(#4522),#4540,.T.);
#4522 = FACE_BOUND('',#4523,.T.);
#4523 = EDGE_LOOP('',(#4524,#4525,#4533,#4539));
#4524 = ORIENTED_EDGE('',*,*,#4494,.F.);
#4525 = ORIENTED_EDGE('',*,*,#4526,.T.);
#4526 = EDGE_CURVE('',#4495,#4527,#4529,.T.);
#4527 = VERTEX_POINT('',#4528);
#4528 = CARTESIAN_POINT('',(0.2,-1.07,-2.2));
#4529 = LINE('',#4530,#4531);
#4530 = CARTESIAN_POINT('',(0.2,-1.47,-2.2));
#4531 = VECTOR('',#4532,1.);
#4532 = DIRECTION('',(0.,1.,0.));
#4533 = ORIENTED_EDGE('',*,*,#4534,.T.);
#4534 = EDGE_CURVE('',#4527,#4030,#4535,.T.);
#4535 = LINE('',#4536,#4537);
#4536 = CARTESIAN_POINT('',(0.2,-1.07,-2.3));
#4537 = VECTOR('',#4538,1.);
#4538 = DIRECTION('',(0.,0.,1.));
#4539 = ORIENTED_EDGE('',*,*,#4037,.F.);
#4540 = PLANE('',#4541);
#4541 = AXIS2_PLACEMENT_3D('',#4542,#4543,#4544);
#4542 = CARTESIAN_POINT('',(0.2,-1.47,-2.3));
#4543 = DIRECTION('',(1.,0.,0.));
#4544 = DIRECTION('',(0.,0.,1.));
#4545 = ADVANCED_FACE('',(#4546),#4564,.T.);
#4546 = FACE_BOUND('',#4547,.T.);
#4547 = EDGE_LOOP('',(#4548,#4549,#4557,#4563));
#4548 = ORIENTED_EDGE('',*,*,#4534,.F.);
#4549 = ORIENTED_EDGE('',*,*,#4550,.F.);
#4550 = EDGE_CURVE('',#4551,#4527,#4553,.T.);
#4551 = VERTEX_POINT('',#4552);
#4552 = CARTESIAN_POINT('',(-0.2,-1.07,-2.2));
#4553 = LINE('',#4554,#4555);
#4554 = CARTESIAN_POINT('',(-0.2,-1.07,-2.2));
#4555 = VECTOR('',#4556,1.);
#4556 = DIRECTION('',(1.,0.,0.));
#4557 = ORIENTED_EDGE('',*,*,#4558,.T.);
#4558 = EDGE_CURVE('',#4551,#4022,#4559,.T.);
#4559 = LINE('',#4560,#4561);
#4560 = CARTESIAN_POINT('',(-0.2,-1.07,-2.3));
#4561 = VECTOR('',#4562,1.);
#4562 = DIRECTION('',(0.,0.,1.));
#4563 = ORIENTED_EDGE('',*,*,#4029,.F.);
#4564 = PLANE('',#4565);
#4565 = AXIS2_PLACEMENT_3D('',#4566,#4567,#4568);
#4566 = CARTESIAN_POINT('',(-0.2,-1.07,-2.3));
#4567 = DIRECTION('',(0.,1.,0.));
#4568 = DIRECTION('',(0.,-0.,1.));
#4569 = ADVANCED_FACE('',(#4570),#4581,.F.);
#4570 = FACE_BOUND('',#4571,.F.);
#4571 = EDGE_LOOP('',(#4572,#4573,#4579,#4580));
#4572 = ORIENTED_EDGE('',*,*,#4510,.F.);
#4573 = ORIENTED_EDGE('',*,*,#4574,.T.);
#4574 = EDGE_CURVE('',#4503,#4551,#4575,.T.);
#4575 = LINE('',#4576,#4577);
#4576 = CARTESIAN_POINT('',(-0.2,-1.47,-2.2));
#4577 = VECTOR('',#4578,1.);
#4578 = DIRECTION('',(0.,1.,0.));
#4579 = ORIENTED_EDGE('',*,*,#4558,.T.);
#4580 = ORIENTED_EDGE('',*,*,#4021,.F.);
#4581 = PLANE('',#4582);
#4582 = AXIS2_PLACEMENT_3D('',#4583,#4584,#4585);
#4583 = CARTESIAN_POINT('',(-0.2,-1.47,-2.3));
#4584 = DIRECTION('',(1.,0.,0.));
#4585 = DIRECTION('',(0.,0.,1.));
#4586 = ADVANCED_FACE('',(#4587),#4612,.T.);
#4587 = FACE_BOUND('',#4588,.T.);
#4588 = EDGE_LOOP('',(#4589,#4597,#4598,#4606));
#4589 = ORIENTED_EDGE('',*,*,#4590,.F.);
#4590 = EDGE_CURVE('',#4143,#4591,#4593,.T.);
#4591 = VERTEX_POINT('',#4592);
#4592 = CARTESIAN_POINT('',(0.2,-0.2,3.9));
#4593 = LINE('',#4594,#4595);
#4594 = CARTESIAN_POINT('',(0.2,-0.2,-2.3));
#4595 = VECTOR('',#4596,1.);
#4596 = DIRECTION('',(0.,0.,1.));
#4597 = ORIENTED_EDGE('',*,*,#4142,.T.);
#4598 = ORIENTED_EDGE('',*,*,#4599,.T.);
#4599 = EDGE_CURVE('',#4145,#4600,#4602,.T.);
#4600 = VERTEX_POINT('',#4601);
#4601 = CARTESIAN_POINT('',(0.2,0.2,3.9));
#4602 = LINE('',#4603,#4604);
#4603 = CARTESIAN_POINT('',(0.2,0.2,-2.3));
#4604 = VECTOR('',#4605,1.);
#4605 = DIRECTION('',(0.,0.,1.));
#4606 = ORIENTED_EDGE('',*,*,#4607,.F.);
#4607 = EDGE_CURVE('',#4591,#4600,#4608,.T.);
#4608 = LINE('',#4609,#4610);
#4609 = CARTESIAN_POINT('',(0.2,-0.2,3.9));
#4610 = VECTOR('',#4611,1.);
#4611 = DIRECTION('',(0.,1.,0.));
#4612 = PLANE('',#4613);
#4613 = AXIS2_PLACEMENT_3D('',#4614,#4615,#4616);
#4614 = CARTESIAN_POINT('',(0.2,-0.2,-2.3));
#4615 = DIRECTION('',(1.,0.,0.));
#4616 = DIRECTION('',(0.,0.,1.));
#4617 = ADVANCED_FACE('',(#4618),#4636,.T.);
#4618 = FACE_BOUND('',#4619,.T.);
#4619 = EDGE_LOOP('',(#4620,#4621,#4622,#4630));
#4620 = ORIENTED_EDGE('',*,*,#4599,.F.);
#4621 = ORIENTED_EDGE('',*,*,#4168,.T.);
#4622 = ORIENTED_EDGE('',*,*,#4623,.T.);
#4623 = EDGE_CURVE('',#4161,#4624,#4626,.T.);
#4624 = VERTEX_POINT('',#4625);
#4625 = CARTESIAN_POINT('',(-0.2,0.2,3.9));
#4626 = LINE('',#4627,#4628);
#4627 = CARTESIAN_POINT('',(-0.2,0.2,-2.3));
#4628 = VECTOR('',#4629,1.);
#4629 = DIRECTION('',(0.,0.,1.));
#4630 = ORIENTED_EDGE('',*,*,#4631,.T.);
#4631 = EDGE_CURVE('',#4624,#4600,#4632,.T.);
#4632 = LINE('',#4633,#4634);
#4633 = CARTESIAN_POINT('',(-0.2,0.2,3.9));
#4634 = VECTOR('',#4635,1.);
#4635 = DIRECTION('',(1.,0.,0.));
#4636 = PLANE('',#4637);
#4637 = AXIS2_PLACEMENT_3D('',#4638,#4639,#4640);
#4638 = CARTESIAN_POINT('',(-0.2,0.2,-2.3));
#4639 = DIRECTION('',(0.,1.,0.));
#4640 = DIRECTION('',(0.,-0.,1.));
#4641 = ADVANCED_FACE('',(#4642),#4660,.F.);
#4642 = FACE_BOUND('',#4643,.F.);
#4643 = EDGE_LOOP('',(#4644,#4652,#4653,#4654));
#4644 = ORIENTED_EDGE('',*,*,#4645,.F.);
#4645 = EDGE_CURVE('',#4153,#4646,#4648,.T.);
#4646 = VERTEX_POINT('',#4647);
#4647 = CARTESIAN_POINT('',(-0.2,-0.2,3.9));
#4648 = LINE('',#4649,#4650);
#4649 = CARTESIAN_POINT('',(-0.2,-0.2,-2.3));
#4650 = VECTOR('',#4651,1.);
#4651 = DIRECTION('',(0.,0.,1.));
#4652 = ORIENTED_EDGE('',*,*,#4160,.T.);
#4653 = ORIENTED_EDGE('',*,*,#4623,.T.);
#4654 = ORIENTED_EDGE('',*,*,#4655,.F.);
#4655 = EDGE_CURVE('',#4646,#4624,#4656,.T.);
#4656 = LINE('',#4657,#4658);
#4657 = CARTESIAN_POINT('',(-0.2,-0.2,3.9));
#4658 = VECTOR('',#4659,1.);
#4659 = DIRECTION('',(0.,1.,0.));
#4660 = PLANE('',#4661);
#4661 = AXIS2_PLACEMENT_3D('',#4662,#4663,#4664);
#4662 = CARTESIAN_POINT('',(-0.2,-0.2,-2.3));
#4663 = DIRECTION('',(1.,0.,0.));
#4664 = DIRECTION('',(0.,0.,1.));
#4665 = ADVANCED_FACE('',(#4666),#4677,.F.);
#4666 = FACE_BOUND('',#4667,.F.);
#4667 = EDGE_LOOP('',(#4668,#4669,#4670,#4671));
#4668 = ORIENTED_EDGE('',*,*,#4590,.F.);
#4669 = ORIENTED_EDGE('',*,*,#4152,.T.);
#4670 = ORIENTED_EDGE('',*,*,#4645,.T.);
#4671 = ORIENTED_EDGE('',*,*,#4672,.T.);
#4672 = EDGE_CURVE('',#4646,#4591,#4673,.T.);
#4673 = LINE('',#4674,#4675);
#4674 = CARTESIAN_POINT('',(-0.2,-0.2,3.9));
#4675 = VECTOR('',#4676,1.);
#4676 = DIRECTION('',(1.,0.,0.));
#4677 = PLANE('',#4678);
#4678 = AXIS2_PLACEMENT_3D('',#4679,#4680,#4681);
#4679 = CARTESIAN_POINT('',(-0.2,-0.2,-2.3));
#4680 = DIRECTION('',(0.,1.,0.));
#4681 = DIRECTION('',(0.,-0.,1.));
#4682 = ADVANCED_FACE('',(#4683),#4708,.F.);
#4683 = FACE_BOUND('',#4684,.F.);
#4684 = EDGE_LOOP('',(#4685,#4693,#4694,#4702));
#4685 = ORIENTED_EDGE('',*,*,#4686,.F.);
#4686 = EDGE_CURVE('',#4177,#4687,#4689,.T.);
#4687 = VERTEX_POINT('',#4688);
#4688 = CARTESIAN_POINT('',(0.2,-1.47,3.9));
#4689 = LINE('',#4690,#4691);
#4690 = CARTESIAN_POINT('',(0.2,-1.47,-2.3));
#4691 = VECTOR('',#4692,1.);
#4692 = DIRECTION('',(0.,0.,1.));
#4693 = ORIENTED_EDGE('',*,*,#4176,.T.);
#4694 = ORIENTED_EDGE('',*,*,#4695,.T.);
#4695 = EDGE_CURVE('',#4179,#4696,#4698,.T.);
#4696 = VERTEX_POINT('',#4697);
#4697 = CARTESIAN_POINT('',(-0.2,-1.47,3.9));
#4698 = LINE('',#4699,#4700);
#4699 = CARTESIAN_POINT('',(-0.2,-1.47,-2.3));
#4700 = VECTOR('',#4701,1.);
#4701 = DIRECTION('',(0.,0.,1.));
#4702 = ORIENTED_EDGE('',*,*,#4703,.T.);
#4703 = EDGE_CURVE('',#4696,#4687,#4704,.T.);
#4704 = LINE('',#4705,#4706);
#4705 = CARTESIAN_POINT('',(-0.2,-1.47,3.9));
#4706 = VECTOR('',#4707,1.);
#4707 = DIRECTION('',(1.,0.,0.));
#4708 = PLANE('',#4709);
#4709 = AXIS2_PLACEMENT_3D('',#4710,#4711,#4712);
#4710 = CARTESIAN_POINT('',(-0.2,-1.47,-2.3));
#4711 = DIRECTION('',(0.,1.,0.));
#4712 = DIRECTION('',(0.,-0.,1.));
#4713 = ADVANCED_FACE('',(#4714),#4732,.T.);
#4714 = FACE_BOUND('',#4715,.T.);
#4715 = EDGE_LOOP('',(#4716,#4717,#4718,#4726));
#4716 = ORIENTED_EDGE('',*,*,#4686,.F.);
#4717 = ORIENTED_EDGE('',*,*,#4202,.T.);
#4718 = ORIENTED_EDGE('',*,*,#4719,.T.);
#4719 = EDGE_CURVE('',#4195,#4720,#4722,.T.);
#4720 = VERTEX_POINT('',#4721);
#4721 = CARTESIAN_POINT('',(0.2,-1.07,3.9));
#4722 = LINE('',#4723,#4724);
#4723 = CARTESIAN_POINT('',(0.2,-1.07,-2.3));
#4724 = VECTOR('',#4725,1.);
#4725 = DIRECTION('',(0.,0.,1.));
#4726 = ORIENTED_EDGE('',*,*,#4727,.F.);
#4727 = EDGE_CURVE('',#4687,#4720,#4728,.T.);
#4728 = LINE('',#4729,#4730);
#4729 = CARTESIAN_POINT('',(0.2,-1.47,3.9));
#4730 = VECTOR('',#4731,1.);
#4731 = DIRECTION('',(0.,1.,0.));
#4732 = PLANE('',#4733);
#4733 = AXIS2_PLACEMENT_3D('',#4734,#4735,#4736);
#4734 = CARTESIAN_POINT('',(0.2,-1.47,-2.3));
#4735 = DIRECTION('',(1.,0.,0.));
#4736 = DIRECTION('',(0.,0.,1.));
#4737 = ADVANCED_FACE('',(#4738),#4756,.T.);
#4738 = FACE_BOUND('',#4739,.T.);
#4739 = EDGE_LOOP('',(#4740,#4741,#4742,#4750));
#4740 = ORIENTED_EDGE('',*,*,#4719,.F.);
#4741 = ORIENTED_EDGE('',*,*,#4194,.T.);
#4742 = ORIENTED_EDGE('',*,*,#4743,.T.);
#4743 = EDGE_CURVE('',#4187,#4744,#4746,.T.);
#4744 = VERTEX_POINT('',#4745);
#4745 = CARTESIAN_POINT('',(-0.2,-1.07,3.9));
#4746 = LINE('',#4747,#4748);
#4747 = CARTESIAN_POINT('',(-0.2,-1.07,-2.3));
#4748 = VECTOR('',#4749,1.);
#4749 = DIRECTION('',(0.,0.,1.));
#4750 = ORIENTED_EDGE('',*,*,#4751,.T.);
#4751 = EDGE_CURVE('',#4744,#4720,#4752,.T.);
#4752 = LINE('',#4753,#4754);
#4753 = CARTESIAN_POINT('',(-0.2,-1.07,3.9));
#4754 = VECTOR('',#4755,1.);
#4755 = DIRECTION('',(1.,0.,0.));
#4756 = PLANE('',#4757);
#4757 = AXIS2_PLACEMENT_3D('',#4758,#4759,#4760);
#4758 = CARTESIAN_POINT('',(-0.2,-1.07,-2.3));
#4759 = DIRECTION('',(0.,1.,0.));
#4760 = DIRECTION('',(0.,-0.,1.));
#4761 = ADVANCED_FACE('',(#4762),#4773,.F.);
#4762 = FACE_BOUND('',#4763,.F.);
#4763 = EDGE_LOOP('',(#4764,#4765,#4766,#4767));
#4764 = ORIENTED_EDGE('',*,*,#4695,.F.);
#4765 = ORIENTED_EDGE('',*,*,#4186,.T.);
#4766 = ORIENTED_EDGE('',*,*,#4743,.T.);
#4767 = ORIENTED_EDGE('',*,*,#4768,.F.);
#4768 = EDGE_CURVE('',#4696,#4744,#4769,.T.);
#4769 = LINE('',#4770,#4771);
#4770 = CARTESIAN_POINT('',(-0.2,-1.47,3.9));
#4771 = VECTOR('',#4772,1.);
#4772 = DIRECTION('',(0.,1.,0.));
#4773 = PLANE('',#4774);
#4774 = AXIS2_PLACEMENT_3D('',#4775,#4776,#4777);
#4775 = CARTESIAN_POINT('',(-0.2,-1.47,-2.3));
#4776 = DIRECTION('',(1.,0.,0.));
#4777 = DIRECTION('',(0.,0.,1.));
#4778 = ADVANCED_FACE('',(#4779),#4804,.F.);
#4779 = FACE_BOUND('',#4780,.F.);
#4780 = EDGE_LOOP('',(#4781,#4789,#4790,#4798));
#4781 = ORIENTED_EDGE('',*,*,#4782,.F.);
#4782 = EDGE_CURVE('',#4399,#4783,#4785,.T.);
#4783 = VERTEX_POINT('',#4784);
#4784 = CARTESIAN_POINT('',(0.1,-0.1,-2.3));
#4785 = LINE('',#4786,#4787);
#4786 = CARTESIAN_POINT('',(0.1,-0.1,-2.3));
#4787 = VECTOR('',#4788,1.);
#4788 = DIRECTION('',(-0.57735026919,0.57735026919,-0.57735026919));
#4789 = ORIENTED_EDGE('',*,*,#4406,.T.);
#4790 = ORIENTED_EDGE('',*,*,#4791,.T.);
#4791 = EDGE_CURVE('',#4407,#4792,#4794,.T.);
#4792 = VERTEX_POINT('',#4793);
#4793 = CARTESIAN_POINT('',(0.1,0.1,-2.3));
#4794 = LINE('',#4795,#4796);
#4795 = CARTESIAN_POINT('',(3.333333333333E-02,3.333333333333E-02,
    -2.366666666667));
#4796 = VECTOR('',#4797,1.);
#4797 = DIRECTION('',(-0.57735026919,-0.57735026919,-0.57735026919));
#4798 = ORIENTED_EDGE('',*,*,#4799,.F.);
#4799 = EDGE_CURVE('',#4783,#4792,#4800,.T.);
#4800 = LINE('',#4801,#4802);
#4801 = CARTESIAN_POINT('',(0.1,-0.2,-2.3));
#4802 = VECTOR('',#4803,1.);
#4803 = DIRECTION('',(0.,1.,0.));
#4804 = PLANE('',#4805);
#4805 = AXIS2_PLACEMENT_3D('',#4806,#4807,#4808);
#4806 = CARTESIAN_POINT('',(0.15,-0.2,-2.25));
#4807 = DIRECTION('',(-0.707106781187,1.734896939651E-18,0.707106781187)
  );
#4808 = DIRECTION('',(1.226757390687E-18,1.,-1.226757390687E-18));
#4809 = ADVANCED_FACE('',(#4810),#4828,.F.);
#4810 = FACE_BOUND('',#4811,.T.);
#4811 = EDGE_LOOP('',(#4812,#4820,#4821,#4822));
#4812 = ORIENTED_EDGE('',*,*,#4813,.F.);
#4813 = EDGE_CURVE('',#4431,#4814,#4816,.T.);
#4814 = VERTEX_POINT('',#4815);
#4815 = CARTESIAN_POINT('',(-0.1,0.1,-2.3));
#4816 = LINE('',#4817,#4818);
#4817 = CARTESIAN_POINT('',(-0.1,0.1,-2.3));
#4818 = VECTOR('',#4819,1.);
#4819 = DIRECTION('',(0.57735026919,-0.57735026919,-0.57735026919));
#4820 = ORIENTED_EDGE('',*,*,#4430,.T.);
#4821 = ORIENTED_EDGE('',*,*,#4791,.T.);
#4822 = ORIENTED_EDGE('',*,*,#4823,.F.);
#4823 = EDGE_CURVE('',#4814,#4792,#4824,.T.);
#4824 = LINE('',#4825,#4826);
#4825 = CARTESIAN_POINT('',(-0.2,0.1,-2.3));
#4826 = VECTOR('',#4827,1.);
#4827 = DIRECTION('',(1.,0.,0.));
#4828 = PLANE('',#4829);
#4829 = AXIS2_PLACEMENT_3D('',#4830,#4831,#4832);
#4830 = CARTESIAN_POINT('',(-0.2,0.15,-2.25));
#4831 = DIRECTION('',(-1.734896939651E-18,-0.707106781187,0.707106781187
    ));
#4832 = DIRECTION('',(-1.,1.226757390687E-18,-1.226757390687E-18));
#4833 = ADVANCED_FACE('',(#4834),#4852,.T.);
#4834 = FACE_BOUND('',#4835,.T.);
#4835 = EDGE_LOOP('',(#4836,#4844,#4845,#4846));
#4836 = ORIENTED_EDGE('',*,*,#4837,.F.);
#4837 = EDGE_CURVE('',#4454,#4838,#4840,.T.);
#4838 = VERTEX_POINT('',#4839);
#4839 = CARTESIAN_POINT('',(-0.1,-0.1,-2.3));
#4840 = LINE('',#4841,#4842);
#4841 = CARTESIAN_POINT('',(-0.166666666667,-0.166666666667,
    -2.233333333333));
#4842 = VECTOR('',#4843,1.);
#4843 = DIRECTION('',(0.57735026919,0.57735026919,-0.57735026919));
#4844 = ORIENTED_EDGE('',*,*,#4461,.T.);
#4845 = ORIENTED_EDGE('',*,*,#4813,.T.);
#4846 = ORIENTED_EDGE('',*,*,#4847,.F.);
#4847 = EDGE_CURVE('',#4838,#4814,#4848,.T.);
#4848 = LINE('',#4849,#4850);
#4849 = CARTESIAN_POINT('',(-0.1,-0.2,-2.3));
#4850 = VECTOR('',#4851,1.);
#4851 = DIRECTION('',(0.,1.,0.));
#4852 = PLANE('',#4853);
#4853 = AXIS2_PLACEMENT_3D('',#4854,#4855,#4856);
#4854 = CARTESIAN_POINT('',(-0.15,-0.2,-2.25));
#4855 = DIRECTION('',(-0.707106781187,-1.734896939651E-18,
    -0.707106781187));
#4856 = DIRECTION('',(-1.226757390687E-18,1.,-1.226757390687E-18));
#4857 = ADVANCED_FACE('',(#4858),#4869,.T.);
#4858 = FACE_BOUND('',#4859,.F.);
#4859 = EDGE_LOOP('',(#4860,#4861,#4862,#4863));
#4860 = ORIENTED_EDGE('',*,*,#4837,.F.);
#4861 = ORIENTED_EDGE('',*,*,#4478,.T.);
#4862 = ORIENTED_EDGE('',*,*,#4782,.T.);
#4863 = ORIENTED_EDGE('',*,*,#4864,.F.);
#4864 = EDGE_CURVE('',#4838,#4783,#4865,.T.);
#4865 = LINE('',#4866,#4867);
#4866 = CARTESIAN_POINT('',(-0.2,-0.1,-2.3));
#4867 = VECTOR('',#4868,1.);
#4868 = DIRECTION('',(1.,0.,0.));
#4869 = PLANE('',#4870);
#4870 = AXIS2_PLACEMENT_3D('',#4871,#4872,#4873);
#4871 = CARTESIAN_POINT('',(-0.2,-0.15,-2.25));
#4872 = DIRECTION('',(1.734896939651E-18,-0.707106781187,-0.707106781187
    ));
#4873 = DIRECTION('',(-1.,-1.226757390687E-18,-1.226757390687E-18));
#4874 = ADVANCED_FACE('',(#4875),#4900,.T.);
#4875 = FACE_BOUND('',#4876,.F.);
#4876 = EDGE_LOOP('',(#4877,#4885,#4886,#4894));
#4877 = ORIENTED_EDGE('',*,*,#4878,.F.);
#4878 = EDGE_CURVE('',#4503,#4879,#4881,.T.);
#4879 = VERTEX_POINT('',#4880);
#4880 = CARTESIAN_POINT('',(-0.1,-1.37,-2.3));
#4881 = LINE('',#4882,#4883);
#4882 = CARTESIAN_POINT('',(-0.166666666667,-1.436666666667,
    -2.233333333333));
#4883 = VECTOR('',#4884,1.);
#4884 = DIRECTION('',(0.57735026919,0.57735026919,-0.57735026919));
#4885 = ORIENTED_EDGE('',*,*,#4502,.T.);
#4886 = ORIENTED_EDGE('',*,*,#4887,.T.);
#4887 = EDGE_CURVE('',#4495,#4888,#4890,.T.);
#4888 = VERTEX_POINT('',#4889);
#4889 = CARTESIAN_POINT('',(0.1,-1.37,-2.3));
#4890 = LINE('',#4891,#4892);
#4891 = CARTESIAN_POINT('',(0.1,-1.37,-2.3));
#4892 = VECTOR('',#4893,1.);
#4893 = DIRECTION('',(-0.57735026919,0.57735026919,-0.57735026919));
#4894 = ORIENTED_EDGE('',*,*,#4895,.F.);
#4895 = EDGE_CURVE('',#4879,#4888,#4896,.T.);
#4896 = LINE('',#4897,#4898);
#4897 = CARTESIAN_POINT('',(-0.2,-1.37,-2.3));
#4898 = VECTOR('',#4899,1.);
#4899 = DIRECTION('',(1.,0.,0.));
#4900 = PLANE('',#4901);
#4901 = AXIS2_PLACEMENT_3D('',#4902,#4903,#4904);
#4902 = CARTESIAN_POINT('',(-0.2,-1.42,-2.25));
#4903 = DIRECTION('',(1.734896939651E-18,-0.707106781187,-0.707106781187
    ));
#4904 = DIRECTION('',(-1.,-1.226757390687E-18,-1.226757390687E-18));
#4905 = ADVANCED_FACE('',(#4906),#4924,.F.);
#4906 = FACE_BOUND('',#4907,.F.);
#4907 = EDGE_LOOP('',(#4908,#4909,#4910,#4918));
#4908 = ORIENTED_EDGE('',*,*,#4887,.F.);
#4909 = ORIENTED_EDGE('',*,*,#4526,.T.);
#4910 = ORIENTED_EDGE('',*,*,#4911,.T.);
#4911 = EDGE_CURVE('',#4527,#4912,#4914,.T.);
#4912 = VERTEX_POINT('',#4913);
#4913 = CARTESIAN_POINT('',(0.1,-1.17,-2.3));
#4914 = LINE('',#4915,#4916);
#4915 = CARTESIAN_POINT('',(3.333333333333E-02,-1.236666666667,
    -2.366666666667));
#4916 = VECTOR('',#4917,1.);
#4917 = DIRECTION('',(-0.57735026919,-0.57735026919,-0.57735026919));
#4918 = ORIENTED_EDGE('',*,*,#4919,.F.);
#4919 = EDGE_CURVE('',#4888,#4912,#4920,.T.);
#4920 = LINE('',#4921,#4922);
#4921 = CARTESIAN_POINT('',(0.1,-1.47,-2.3));
#4922 = VECTOR('',#4923,1.);
#4923 = DIRECTION('',(0.,1.,0.));
#4924 = PLANE('',#4925);
#4925 = AXIS2_PLACEMENT_3D('',#4926,#4927,#4928);
#4926 = CARTESIAN_POINT('',(0.15,-1.47,-2.25));
#4927 = DIRECTION('',(-0.707106781187,1.734896939651E-18,0.707106781187)
  );
#4928 = DIRECTION('',(1.226757390687E-18,1.,-1.226757390687E-18));
#4929 = ADVANCED_FACE('',(#4930),#4948,.F.);
#4930 = FACE_BOUND('',#4931,.T.);
#4931 = EDGE_LOOP('',(#4932,#4940,#4941,#4942));
#4932 = ORIENTED_EDGE('',*,*,#4933,.F.);
#4933 = EDGE_CURVE('',#4551,#4934,#4936,.T.);
#4934 = VERTEX_POINT('',#4935);
#4935 = CARTESIAN_POINT('',(-0.1,-1.17,-2.3));
#4936 = LINE('',#4937,#4938);
#4937 = CARTESIAN_POINT('',(-0.1,-1.17,-2.3));
#4938 = VECTOR('',#4939,1.);
#4939 = DIRECTION('',(0.57735026919,-0.57735026919,-0.57735026919));
#4940 = ORIENTED_EDGE('',*,*,#4550,.T.);
#4941 = ORIENTED_EDGE('',*,*,#4911,.T.);
#4942 = ORIENTED_EDGE('',*,*,#4943,.F.);
#4943 = EDGE_CURVE('',#4934,#4912,#4944,.T.);
#4944 = LINE('',#4945,#4946);
#4945 = CARTESIAN_POINT('',(-0.2,-1.17,-2.3));
#4946 = VECTOR('',#4947,1.);
#4947 = DIRECTION('',(1.,0.,0.));
#4948 = PLANE('',#4949);
#4949 = AXIS2_PLACEMENT_3D('',#4950,#4951,#4952);
#4950 = CARTESIAN_POINT('',(-0.2,-1.12,-2.25));
#4951 = DIRECTION('',(-1.734896939651E-18,-0.707106781187,0.707106781187
    ));
#4952 = DIRECTION('',(-1.,1.226757390687E-18,-1.226757390687E-18));
#4953 = ADVANCED_FACE('',(#4954),#4965,.T.);
#4954 = FACE_BOUND('',#4955,.T.);
#4955 = EDGE_LOOP('',(#4956,#4957,#4958,#4959));
#4956 = ORIENTED_EDGE('',*,*,#4878,.F.);
#4957 = ORIENTED_EDGE('',*,*,#4574,.T.);
#4958 = ORIENTED_EDGE('',*,*,#4933,.T.);
#4959 = ORIENTED_EDGE('',*,*,#4960,.F.);
#4960 = EDGE_CURVE('',#4879,#4934,#4961,.T.);
#4961 = LINE('',#4962,#4963);
#4962 = CARTESIAN_POINT('',(-0.1,-1.47,-2.3));
#4963 = VECTOR('',#4964,1.);
#4964 = DIRECTION('',(0.,1.,0.));
#4965 = PLANE('',#4966);
#4966 = AXIS2_PLACEMENT_3D('',#4967,#4968,#4969);
#4967 = CARTESIAN_POINT('',(-0.15,-1.47,-2.25));
#4968 = DIRECTION('',(-0.707106781187,-1.734896939651E-18,
    -0.707106781187));
#4969 = DIRECTION('',(-1.226757390687E-18,1.,-1.226757390687E-18));
#4970 = ADVANCED_FACE('',(#4971),#4996,.T.);
#4971 = FACE_BOUND('',#4972,.T.);
#4972 = EDGE_LOOP('',(#4973,#4981,#4982,#4990));
#4973 = ORIENTED_EDGE('',*,*,#4974,.F.);
#4974 = EDGE_CURVE('',#4591,#4975,#4977,.T.);
#4975 = VERTEX_POINT('',#4976);
#4976 = CARTESIAN_POINT('',(0.1,-0.1,4.));
#4977 = LINE('',#4978,#4979);
#4978 = CARTESIAN_POINT('',(0.1,-0.1,4.));
#4979 = VECTOR('',#4980,1.);
#4980 = DIRECTION('',(-0.57735026919,0.57735026919,0.57735026919));
#4981 = ORIENTED_EDGE('',*,*,#4607,.T.);
#4982 = ORIENTED_EDGE('',*,*,#4983,.T.);
#4983 = EDGE_CURVE('',#4600,#4984,#4986,.T.);
#4984 = VERTEX_POINT('',#4985);
#4985 = CARTESIAN_POINT('',(0.1,0.1,4.));
#4986 = LINE('',#4987,#4988);
#4987 = CARTESIAN_POINT('',(3.333333333333E-02,3.333333333333E-02,
    4.066666666667));
#4988 = VECTOR('',#4989,1.);
#4989 = DIRECTION('',(-0.57735026919,-0.57735026919,0.57735026919));
#4990 = ORIENTED_EDGE('',*,*,#4991,.F.);
#4991 = EDGE_CURVE('',#4975,#4984,#4992,.T.);
#4992 = LINE('',#4993,#4994);
#4993 = CARTESIAN_POINT('',(0.1,-0.2,4.));
#4994 = VECTOR('',#4995,1.);
#4995 = DIRECTION('',(0.,1.,0.));
#4996 = PLANE('',#4997);
#4997 = AXIS2_PLACEMENT_3D('',#4998,#4999,#5000);
#4998 = CARTESIAN_POINT('',(0.15,-0.2,3.95));
#4999 = DIRECTION('',(0.707106781187,-1.734896939651E-18,0.707106781187)
  );
#5000 = DIRECTION('',(1.226757390687E-18,1.,1.226757390687E-18));
#5001 = ADVANCED_FACE('',(#5002),#5020,.T.);
#5002 = FACE_BOUND('',#5003,.F.);
#5003 = EDGE_LOOP('',(#5004,#5012,#5013,#5014));
#5004 = ORIENTED_EDGE('',*,*,#5005,.F.);
#5005 = EDGE_CURVE('',#4624,#5006,#5008,.T.);
#5006 = VERTEX_POINT('',#5007);
#5007 = CARTESIAN_POINT('',(-0.1,0.1,4.));
#5008 = LINE('',#5009,#5010);
#5009 = CARTESIAN_POINT('',(-0.1,0.1,4.));
#5010 = VECTOR('',#5011,1.);
#5011 = DIRECTION('',(0.57735026919,-0.57735026919,0.57735026919));
#5012 = ORIENTED_EDGE('',*,*,#4631,.T.);
#5013 = ORIENTED_EDGE('',*,*,#4983,.T.);
#5014 = ORIENTED_EDGE('',*,*,#5015,.F.);
#5015 = EDGE_CURVE('',#5006,#4984,#5016,.T.);
#5016 = LINE('',#5017,#5018);
#5017 = CARTESIAN_POINT('',(-0.2,0.1,4.));
#5018 = VECTOR('',#5019,1.);
#5019 = DIRECTION('',(1.,0.,0.));
#5020 = PLANE('',#5021);
#5021 = AXIS2_PLACEMENT_3D('',#5022,#5023,#5024);
#5022 = CARTESIAN_POINT('',(-0.2,0.15,3.95));
#5023 = DIRECTION('',(1.734896939651E-18,0.707106781187,0.707106781187)
  );
#5024 = DIRECTION('',(-1.,1.226757390687E-18,1.226757390687E-18));
#5025 = ADVANCED_FACE('',(#5026),#5044,.F.);
#5026 = FACE_BOUND('',#5027,.F.);
#5027 = EDGE_LOOP('',(#5028,#5036,#5037,#5038));
#5028 = ORIENTED_EDGE('',*,*,#5029,.F.);
#5029 = EDGE_CURVE('',#4646,#5030,#5032,.T.);
#5030 = VERTEX_POINT('',#5031);
#5031 = CARTESIAN_POINT('',(-0.1,-0.1,4.));
#5032 = LINE('',#5033,#5034);
#5033 = CARTESIAN_POINT('',(-0.166666666667,-0.166666666667,
    3.933333333333));
#5034 = VECTOR('',#5035,1.);
#5035 = DIRECTION('',(0.57735026919,0.57735026919,0.57735026919));
#5036 = ORIENTED_EDGE('',*,*,#4655,.T.);
#5037 = ORIENTED_EDGE('',*,*,#5005,.T.);
#5038 = ORIENTED_EDGE('',*,*,#5039,.F.);
#5039 = EDGE_CURVE('',#5030,#5006,#5040,.T.);
#5040 = LINE('',#5041,#5042);
#5041 = CARTESIAN_POINT('',(-0.1,-0.2,4.));
#5042 = VECTOR('',#5043,1.);
#5043 = DIRECTION('',(0.,1.,0.));
#5044 = PLANE('',#5045);
#5045 = AXIS2_PLACEMENT_3D('',#5046,#5047,#5048);
#5046 = CARTESIAN_POINT('',(-0.15,-0.2,3.95));
#5047 = DIRECTION('',(0.707106781187,1.734896939651E-18,-0.707106781187)
  );
#5048 = DIRECTION('',(-1.226757390687E-18,1.,1.226757390687E-18));
#5049 = ADVANCED_FACE('',(#5050),#5061,.F.);
#5050 = FACE_BOUND('',#5051,.T.);
#5051 = EDGE_LOOP('',(#5052,#5053,#5054,#5055));
#5052 = ORIENTED_EDGE('',*,*,#5029,.F.);
#5053 = ORIENTED_EDGE('',*,*,#4672,.T.);
#5054 = ORIENTED_EDGE('',*,*,#4974,.T.);
#5055 = ORIENTED_EDGE('',*,*,#5056,.F.);
#5056 = EDGE_CURVE('',#5030,#4975,#5057,.T.);
#5057 = LINE('',#5058,#5059);
#5058 = CARTESIAN_POINT('',(-0.2,-0.1,4.));
#5059 = VECTOR('',#5060,1.);
#5060 = DIRECTION('',(1.,0.,0.));
#5061 = PLANE('',#5062);
#5062 = AXIS2_PLACEMENT_3D('',#5063,#5064,#5065);
#5063 = CARTESIAN_POINT('',(-0.2,-0.15,3.95));
#5064 = DIRECTION('',(-1.734896939651E-18,0.707106781187,-0.707106781187
    ));
#5065 = DIRECTION('',(-1.,-1.226757390687E-18,1.226757390687E-18));
#5066 = ADVANCED_FACE('',(#5067),#5092,.F.);
#5067 = FACE_BOUND('',#5068,.T.);
#5068 = EDGE_LOOP('',(#5069,#5077,#5078,#5086));
#5069 = ORIENTED_EDGE('',*,*,#5070,.F.);
#5070 = EDGE_CURVE('',#4696,#5071,#5073,.T.);
#5071 = VERTEX_POINT('',#5072);
#5072 = CARTESIAN_POINT('',(-0.1,-1.37,4.));
#5073 = LINE('',#5074,#5075);
#5074 = CARTESIAN_POINT('',(-0.166666666667,-1.436666666667,
    3.933333333333));
#5075 = VECTOR('',#5076,1.);
#5076 = DIRECTION('',(0.57735026919,0.57735026919,0.57735026919));
#5077 = ORIENTED_EDGE('',*,*,#4703,.T.);
#5078 = ORIENTED_EDGE('',*,*,#5079,.T.);
#5079 = EDGE_CURVE('',#4687,#5080,#5082,.T.);
#5080 = VERTEX_POINT('',#5081);
#5081 = CARTESIAN_POINT('',(0.1,-1.37,4.));
#5082 = LINE('',#5083,#5084);
#5083 = CARTESIAN_POINT('',(0.1,-1.37,4.));
#5084 = VECTOR('',#5085,1.);
#5085 = DIRECTION('',(-0.57735026919,0.57735026919,0.57735026919));
#5086 = ORIENTED_EDGE('',*,*,#5087,.F.);
#5087 = EDGE_CURVE('',#5071,#5080,#5088,.T.);
#5088 = LINE('',#5089,#5090);
#5089 = CARTESIAN_POINT('',(-0.2,-1.37,4.));
#5090 = VECTOR('',#5091,1.);
#5091 = DIRECTION('',(1.,0.,0.));
#5092 = PLANE('',#5093);
#5093 = AXIS2_PLACEMENT_3D('',#5094,#5095,#5096);
#5094 = CARTESIAN_POINT('',(-0.2,-1.42,3.95));
#5095 = DIRECTION('',(-1.734896939651E-18,0.707106781187,-0.707106781187
    ));
#5096 = DIRECTION('',(-1.,-1.226757390687E-18,1.226757390687E-18));
#5097 = ADVANCED_FACE('',(#5098),#5116,.T.);
#5098 = FACE_BOUND('',#5099,.T.);
#5099 = EDGE_LOOP('',(#5100,#5101,#5102,#5110));
#5100 = ORIENTED_EDGE('',*,*,#5079,.F.);
#5101 = ORIENTED_EDGE('',*,*,#4727,.T.);
#5102 = ORIENTED_EDGE('',*,*,#5103,.T.);
#5103 = EDGE_CURVE('',#4720,#5104,#5106,.T.);
#5104 = VERTEX_POINT('',#5105);
#5105 = CARTESIAN_POINT('',(0.1,-1.17,4.));
#5106 = LINE('',#5107,#5108);
#5107 = CARTESIAN_POINT('',(3.333333333333E-02,-1.236666666667,
    4.066666666667));
#5108 = VECTOR('',#5109,1.);
#5109 = DIRECTION('',(-0.57735026919,-0.57735026919,0.57735026919));
#5110 = ORIENTED_EDGE('',*,*,#5111,.F.);
#5111 = EDGE_CURVE('',#5080,#5104,#5112,.T.);
#5112 = LINE('',#5113,#5114);
#5113 = CARTESIAN_POINT('',(0.1,-1.47,4.));
#5114 = VECTOR('',#5115,1.);
#5115 = DIRECTION('',(0.,1.,0.));
#5116 = PLANE('',#5117);
#5117 = AXIS2_PLACEMENT_3D('',#5118,#5119,#5120);
#5118 = CARTESIAN_POINT('',(0.15,-1.47,3.95));
#5119 = DIRECTION('',(0.707106781187,-1.734896939651E-18,0.707106781187)
  );
#5120 = DIRECTION('',(1.226757390687E-18,1.,1.226757390687E-18));
#5121 = ADVANCED_FACE('',(#5122),#5140,.T.);
#5122 = FACE_BOUND('',#5123,.F.);
#5123 = EDGE_LOOP('',(#5124,#5132,#5133,#5134));
#5124 = ORIENTED_EDGE('',*,*,#5125,.F.);
#5125 = EDGE_CURVE('',#4744,#5126,#5128,.T.);
#5126 = VERTEX_POINT('',#5127);
#5127 = CARTESIAN_POINT('',(-0.1,-1.17,4.));
#5128 = LINE('',#5129,#5130);
#5129 = CARTESIAN_POINT('',(-0.1,-1.17,4.));
#5130 = VECTOR('',#5131,1.);
#5131 = DIRECTION('',(0.57735026919,-0.57735026919,0.57735026919));
#5132 = ORIENTED_EDGE('',*,*,#4751,.T.);
#5133 = ORIENTED_EDGE('',*,*,#5103,.T.);
#5134 = ORIENTED_EDGE('',*,*,#5135,.F.);
#5135 = EDGE_CURVE('',#5126,#5104,#5136,.T.);
#5136 = LINE('',#5137,#5138);
#5137 = CARTESIAN_POINT('',(-0.2,-1.17,4.));
#5138 = VECTOR('',#5139,1.);
#5139 = DIRECTION('',(1.,0.,0.));
#5140 = PLANE('',#5141);
#5141 = AXIS2_PLACEMENT_3D('',#5142,#5143,#5144);
#5142 = CARTESIAN_POINT('',(-0.2,-1.12,3.95));
#5143 = DIRECTION('',(1.734896939651E-18,0.707106781187,0.707106781187)
  );
#5144 = DIRECTION('',(-1.,1.226757390687E-18,1.226757390687E-18));
#5145 = ADVANCED_FACE('',(#5146),#5157,.F.);
#5146 = FACE_BOUND('',#5147,.F.);
#5147 = EDGE_LOOP('',(#5148,#5149,#5150,#5151));
#5148 = ORIENTED_EDGE('',*,*,#5070,.F.);
#5149 = ORIENTED_EDGE('',*,*,#4768,.T.);
#5150 = ORIENTED_EDGE('',*,*,#5125,.T.);
#5151 = ORIENTED_EDGE('',*,*,#5152,.F.);
#5152 = EDGE_CURVE('',#5071,#5126,#5153,.T.);
#5153 = LINE('',#5154,#5155);
#5154 = CARTESIAN_POINT('',(-0.1,-1.47,4.));
#5155 = VECTOR('',#5156,1.);
#5156 = DIRECTION('',(0.,1.,0.));
#5157 = PLANE('',#5158);
#5158 = AXIS2_PLACEMENT_3D('',#5159,#5160,#5161);
#5159 = CARTESIAN_POINT('',(-0.15,-1.47,3.95));
#5160 = DIRECTION('',(0.707106781187,1.734896939651E-18,-0.707106781187)
  );
#5161 = DIRECTION('',(-1.226757390687E-18,1.,1.226757390687E-18));
#5162 = ADVANCED_FACE('',(#5163),#5169,.F.);
#5163 = FACE_BOUND('',#5164,.F.);
#5164 = EDGE_LOOP('',(#5165,#5166,#5167,#5168));
#5165 = ORIENTED_EDGE('',*,*,#4864,.T.);
#5166 = ORIENTED_EDGE('',*,*,#4799,.T.);
#5167 = ORIENTED_EDGE('',*,*,#4823,.F.);
#5168 = ORIENTED_EDGE('',*,*,#4847,.F.);
#5169 = PLANE('',#5170);
#5170 = AXIS2_PLACEMENT_3D('',#5171,#5172,#5173);
#5171 = CARTESIAN_POINT('',(-0.2,-0.2,-2.3));
#5172 = DIRECTION('',(0.,0.,1.));
#5173 = DIRECTION('',(1.,0.,-0.));
#5174 = ADVANCED_FACE('',(#5175),#5181,.F.);
#5175 = FACE_BOUND('',#5176,.F.);
#5176 = EDGE_LOOP('',(#5177,#5178,#5179,#5180));
#5177 = ORIENTED_EDGE('',*,*,#4895,.T.);
#5178 = ORIENTED_EDGE('',*,*,#4919,.T.);
#5179 = ORIENTED_EDGE('',*,*,#4943,.F.);
#5180 = ORIENTED_EDGE('',*,*,#4960,.F.);
#5181 = PLANE('',#5182);
#5182 = AXIS2_PLACEMENT_3D('',#5183,#5184,#5185);
#5183 = CARTESIAN_POINT('',(-0.2,-1.47,-2.3));
#5184 = DIRECTION('',(0.,0.,1.));
#5185 = DIRECTION('',(1.,0.,-0.));
#5186 = ADVANCED_FACE('',(#5187),#5193,.T.);
#5187 = FACE_BOUND('',#5188,.T.);
#5188 = EDGE_LOOP('',(#5189,#5190,#5191,#5192));
#5189 = ORIENTED_EDGE('',*,*,#5039,.F.);
#5190 = ORIENTED_EDGE('',*,*,#5056,.T.);
#5191 = ORIENTED_EDGE('',*,*,#4991,.T.);
#5192 = ORIENTED_EDGE('',*,*,#5015,.F.);
#5193 = PLANE('',#5194);
#5194 = AXIS2_PLACEMENT_3D('',#5195,#5196,#5197);
#5195 = CARTESIAN_POINT('',(-0.2,-0.2,4.));
#5196 = DIRECTION('',(0.,0.,1.));
#5197 = DIRECTION('',(1.,0.,-0.));
#5198 = ADVANCED_FACE('',(#5199),#5205,.T.);
#5199 = FACE_BOUND('',#5200,.T.);
#5200 = EDGE_LOOP('',(#5201,#5202,#5203,#5204));
#5201 = ORIENTED_EDGE('',*,*,#5152,.F.);
#5202 = ORIENTED_EDGE('',*,*,#5087,.T.);
#5203 = ORIENTED_EDGE('',*,*,#5111,.T.);
#5204 = ORIENTED_EDGE('',*,*,#5135,.F.);
#5205 = PLANE('',#5206);
#5206 = AXIS2_PLACEMENT_3D('',#5207,#5208,#5209);
#5207 = CARTESIAN_POINT('',(-0.2,-1.47,4.));
#5208 = DIRECTION('',(0.,0.,1.));
#5209 = DIRECTION('',(1.,0.,-0.));
#5210 = ( GEOMETRIC_REPRESENTATION_CONTEXT(3) 
GLOBAL_UNCERTAINTY_ASSIGNED_CONTEXT((#5214)) 
GLOBAL_UNIT_ASSIGNED_CONTEXT((#5211,#5212,#5213)) REPRESENTATION_CONTEXT
('Context #1','3D Context with UNIT and UNCERTAINTY') );
#5211 = ( LENGTH_UNIT() NAMED_UNIT(*) SI_UNIT(.MILLI.,.METRE.) );
#5212 = ( NAMED_UNIT(*) PLANE_ANGLE_UNIT() SI_UNIT($,.RADIAN.) );
#5213 = ( NAMED_UNIT(*) SI_UNIT($,.STERADIAN.) SOLID_ANGLE_UNIT() );
#5214 = UNCERTAINTY_MEASURE_WITH_UNIT(LENGTH_MEASURE(1.E-07),#5211,
  'distance_accuracy_value','confusion accuracy');
#5215 = CONTEXT_DEPENDENT_SHAPE_REPRESENTATION(#5216,#5218);
#5216 = ( REPRESENTATION_RELATIONSHIP('','',#3777,#3754) 
REPRESENTATION_RELATIONSHIP_WITH_TRANSFORMATION(#5217) 
SHAPE_REPRESENTATION_RELATIONSHIP() );
#5217 = ITEM_DEFINED_TRANSFORMATION('','',#11,#3755);
#5218 = PRODUCT_DEFINITION_SHAPE('Placement','Placement of an item',
  #5219);
#5219 = NEXT_ASSEMBLY_USAGE_OCCURRENCE('35','=>[0:1:1:11]','',#3749,
  #3772,$);
#5220 = PRODUCT_RELATED_PRODUCT_CATEGORY('part',$,(#3774));
#5221 = CONTEXT_DEPENDENT_SHAPE_REPRESENTATION(#5222,#5224);
#5222 = ( REPRESENTATION_RELATIONSHIP('','',#1975,#10) 
REPRESENTATION_RELATIONSHIP_WITH_TRANSFORMATION(#5223) 
SHAPE_REPRESENTATION_RELATIONSHIP() );
#5223 = ITEM_DEFINED_TRANSFORMATION('','',#11,#139);
#5224 = PRODUCT_DEFINITION_SHAPE('Placement','Placement of an item',
  #5225);
#5225 = NEXT_ASSEMBLY_USAGE_OCCURRENCE('37','R6','',#5,#1970,$);
#5226 = CONTEXT_DEPENDENT_SHAPE_REPRESENTATION(#5227,#5229);
#5227 = ( REPRESENTATION_RELATIONSHIP('','',#2902,#10) 
REPRESENTATION_RELATIONSHIP_WITH_TRANSFORMATION(#5228) 
SHAPE_REPRESENTATION_RELATIONSHIP() );
#5228 = ITEM_DEFINED_TRANSFORMATION('','',#11,#143);
#5229 = PRODUCT_DEFINITION_SHAPE('Placement','Placement of an item',
  #5230);
#5230 = NEXT_ASSEMBLY_USAGE_OCCURRENCE('38','R8','',#5,#2897,$);
#5231 = CONTEXT_DEPENDENT_SHAPE_REPRESENTATION(#5232,#5234);
#5232 = ( REPRESENTATION_RELATIONSHIP('','',#168,#10) 
REPRESENTATION_RELATIONSHIP_WITH_TRANSFORMATION(#5233) 
SHAPE_REPRESENTATION_RELATIONSHIP() );
#5233 = ITEM_DEFINED_TRANSFORMATION('','',#11,#147);
#5234 = PRODUCT_DEFINITION_SHAPE('Placement','Placement of an item',
  #5235);
#5235 = NEXT_ASSEMBLY_USAGE_OCCURRENCE('39','C7','',#5,#163,$);
#5236 = SHAPE_DEFINITION_REPRESENTATION(#5237,#5243);
#5237 = PRODUCT_DEFINITION_SHAPE('','',#5238);
#5238 = PRODUCT_DEFINITION('design','',#5239,#5242);
#5239 = PRODUCT_DEFINITION_FORMATION('','',#5240);
#5240 = PRODUCT('WatchESP-unsaved-export-JSVYWL_PCB',
  'WatchESP-unsaved-export-JSVYWL_PCB','',(#5241));
#5241 = PRODUCT_CONTEXT('',#2,'mechanical');
#5242 = PRODUCT_DEFINITION_CONTEXT('part definition',#2,'design');
#5243 = ADVANCED_BREP_SHAPE_REPRESENTATION('',(#11,#5244),#12412);
#5244 = MANIFOLD_SOLID_BREP('',#5245);
#5245 = CLOSED_SHELL('',(#5246,#5288,#5319,#5350,#7328,#9306,#9323,#9340
    ,#9357,#9374,#9386,#9403,#9420,#9437,#9454,#9471,#9488,#9505,#9522,
    #9539,#9556,#9573,#9590,#9607,#9624,#9641,#9658,#9675,#9692,#9709,
    #9726,#9743,#9760,#9777,#9794,#9811,#9828,#9845,#9862,#9879,#9896,
    #9913,#9930,#9947,#9964,#9981,#9998,#10015,#10032,#10049,#10066,
    #10083,#10100,#10117,#10134,#10151,#10168,#10185,#10202,#10219,
    #10236,#10253,#10270,#10287,#10304,#10321,#10338,#10355,#10372,
    #10389,#10406,#10423,#10440,#10457,#10474,#10491,#10508,#10525,
    #10542,#10559,#10576,#10593,#10610,#10627,#10644,#10661,#10678,
    #10695,#10712,#10729,#10746,#10763,#10780,#10797,#10819,#10836,
    #10853,#10865,#10882,#10899,#10916,#10938,#10955,#10972,#10984,
    #11001,#11018,#11035,#11052,#11069,#11086,#11108,#11125,#11142,
    #11154,#11171,#11188,#11205,#11227,#11244,#11261,#11273,#11290,
    #11307,#11324,#11341,#11358,#11375,#11392,#11409,#11426,#11443,
    #11460,#11477,#11494,#11511,#11528,#11545,#11562,#11579,#11596,
    #11613,#11630,#11647,#11664,#11681,#11698,#11715,#11732,#11749,
    #11766,#11783,#11800,#11817,#11834,#11851,#11868,#11885,#11902,
    #11919,#11936,#11953,#11970,#11987,#12004,#12021,#12038,#12055,
    #12072,#12089,#12106,#12123,#12140,#12157,#12174,#12191,#12208,
    #12225,#12242,#12259,#12276,#12293,#12310,#12327,#12344,#12361,
    #12378,#12395));
#5246 = ADVANCED_FACE('',(#5247),#5283,.T.);
#5247 = FACE_BOUND('',#5248,.T.);
#5248 = EDGE_LOOP('',(#5249,#5259,#5268,#5276));
#5249 = ORIENTED_EDGE('',*,*,#5250,.T.);
#5250 = EDGE_CURVE('',#5251,#5253,#5255,.T.);
#5251 = VERTEX_POINT('',#5252);
#5252 = CARTESIAN_POINT('',(144.,-19.5,0.));
#5253 = VERTEX_POINT('',#5254);
#5254 = CARTESIAN_POINT('',(144.,-19.5,1.51));
#5255 = LINE('',#5256,#5257);
#5256 = CARTESIAN_POINT('',(144.,-19.5,0.));
#5257 = VECTOR('',#5258,1.);
#5258 = DIRECTION('',(0.,0.,1.));
#5259 = ORIENTED_EDGE('',*,*,#5260,.T.);
#5260 = EDGE_CURVE('',#5253,#5261,#5263,.T.);
#5261 = VERTEX_POINT('',#5262);
#5262 = CARTESIAN_POINT('',(147.,-22.5,1.51));
#5263 = CIRCLE('',#5264,3.000001172987);
#5264 = AXIS2_PLACEMENT_3D('',#5265,#5266,#5267);
#5265 = CARTESIAN_POINT('',(143.99999882701,-22.50000117298,1.51));
#5266 = DIRECTION('',(0.,0.,-1.));
#5267 = DIRECTION('',(3.909953710804E-07,1.,0.));
#5268 = ORIENTED_EDGE('',*,*,#5269,.F.);
#5269 = EDGE_CURVE('',#5270,#5261,#5272,.T.);
#5270 = VERTEX_POINT('',#5271);
#5271 = CARTESIAN_POINT('',(147.,-22.5,0.));
#5272 = LINE('',#5273,#5274);
#5273 = CARTESIAN_POINT('',(147.,-22.5,0.));
#5274 = VECTOR('',#5275,1.);
#5275 = DIRECTION('',(0.,0.,1.));
#5276 = ORIENTED_EDGE('',*,*,#5277,.F.);
#5277 = EDGE_CURVE('',#5251,#5270,#5278,.T.);
#5278 = CIRCLE('',#5279,3.000001172987);
#5279 = AXIS2_PLACEMENT_3D('',#5280,#5281,#5282);
#5280 = CARTESIAN_POINT('',(143.99999882701,-22.50000117298,0.));
#5281 = DIRECTION('',(0.,0.,-1.));
#5282 = DIRECTION('',(3.909953710804E-07,1.,0.));
#5283 = CYLINDRICAL_SURFACE('',#5284,3.000001172987);
#5284 = AXIS2_PLACEMENT_3D('',#5285,#5286,#5287);
#5285 = CARTESIAN_POINT('',(143.99999882701,-22.50000117298,0.));
#5286 = DIRECTION('',(0.,0.,-1.));
#5287 = DIRECTION('',(3.909953710804E-07,1.,0.));
#5288 = ADVANCED_FACE('',(#5289),#5314,.T.);
#5289 = FACE_BOUND('',#5290,.T.);
#5290 = EDGE_LOOP('',(#5291,#5301,#5307,#5308));
#5291 = ORIENTED_EDGE('',*,*,#5292,.T.);
#5292 = EDGE_CURVE('',#5293,#5295,#5297,.T.);
#5293 = VERTEX_POINT('',#5294);
#5294 = CARTESIAN_POINT('',(113.,-19.5,0.));
#5295 = VERTEX_POINT('',#5296);
#5296 = CARTESIAN_POINT('',(113.,-19.5,1.51));
#5297 = LINE('',#5298,#5299);
#5298 = CARTESIAN_POINT('',(113.,-19.5,0.));
#5299 = VECTOR('',#5300,1.);
#5300 = DIRECTION('',(0.,0.,1.));
#5301 = ORIENTED_EDGE('',*,*,#5302,.T.);
#5302 = EDGE_CURVE('',#5295,#5253,#5303,.T.);
#5303 = LINE('',#5304,#5305);
#5304 = CARTESIAN_POINT('',(113.,-19.5,1.51));
#5305 = VECTOR('',#5306,1.);
#5306 = DIRECTION('',(1.,0.,0.));
#5307 = ORIENTED_EDGE('',*,*,#5250,.F.);
#5308 = ORIENTED_EDGE('',*,*,#5309,.F.);
#5309 = EDGE_CURVE('',#5293,#5251,#5310,.T.);
#5310 = LINE('',#5311,#5312);
#5311 = CARTESIAN_POINT('',(113.,-19.5,0.));
#5312 = VECTOR('',#5313,1.);
#5313 = DIRECTION('',(1.,0.,0.));
#5314 = PLANE('',#5315);
#5315 = AXIS2_PLACEMENT_3D('',#5316,#5317,#5318);
#5316 = CARTESIAN_POINT('',(113.,-19.5,0.));
#5317 = DIRECTION('',(0.,1.,0.));
#5318 = DIRECTION('',(1.,0.,0.));
#5319 = ADVANCED_FACE('',(#5320),#5345,.T.);
#5320 = FACE_BOUND('',#5321,.T.);
#5321 = EDGE_LOOP('',(#5322,#5323,#5331,#5339));
#5322 = ORIENTED_EDGE('',*,*,#5269,.T.);
#5323 = ORIENTED_EDGE('',*,*,#5324,.T.);
#5324 = EDGE_CURVE('',#5261,#5325,#5327,.T.);
#5325 = VERTEX_POINT('',#5326);
#5326 = CARTESIAN_POINT('',(147.,-60.5,1.51));
#5327 = LINE('',#5328,#5329);
#5328 = CARTESIAN_POINT('',(147.,-22.5,1.51));
#5329 = VECTOR('',#5330,1.);
#5330 = DIRECTION('',(0.,-1.,0.));
#5331 = ORIENTED_EDGE('',*,*,#5332,.F.);
#5332 = EDGE_CURVE('',#5333,#5325,#5335,.T.);
#5333 = VERTEX_POINT('',#5334);
#5334 = CARTESIAN_POINT('',(147.,-60.5,0.));
#5335 = LINE('',#5336,#5337);
#5336 = CARTESIAN_POINT('',(147.,-60.5,0.));
#5337 = VECTOR('',#5338,1.);
#5338 = DIRECTION('',(0.,0.,1.));
#5339 = ORIENTED_EDGE('',*,*,#5340,.F.);
#5340 = EDGE_CURVE('',#5270,#5333,#5341,.T.);
#5341 = LINE('',#5342,#5343);
#5342 = CARTESIAN_POINT('',(147.,-22.5,0.));
#5343 = VECTOR('',#5344,1.);
#5344 = DIRECTION('',(0.,-1.,0.));
#5345 = PLANE('',#5346);
#5346 = AXIS2_PLACEMENT_3D('',#5347,#5348,#5349);
#5347 = CARTESIAN_POINT('',(147.,-22.5,0.));
#5348 = DIRECTION('',(1.,0.,-0.));
#5349 = DIRECTION('',(0.,-1.,0.));
#5350 = ADVANCED_FACE('',(#5351,#5397,#5408,#5419,#5430,#5441,#5452,
    #5463,#5474,#5485,#5496,#5507,#5518,#5529,#5540,#5551,#5562,#5573,
    #5584,#5595,#5606,#5617,#5628,#5639,#5650,#5661,#5672,#5683,#5694,
    #5705,#5716,#5727,#5738,#5749,#5760,#5771,#5782,#5793,#5804,#5815,
    #5826,#5837,#5848,#5859,#5870,#5881,#5892,#5903,#5914,#5925,#5936,
    #5947,#5958,#5969,#5980,#5991,#6002,#6013,#6024,#6035,#6046,#6057,
    #6068,#6079,#6090,#6101,#6112,#6123,#6134,#6145,#6156,#6167,#6178,
    #6189,#6200,#6211,#6222,#6233,#6244,#6255,#6266,#6277,#6288,#6299,
    #6310,#6346,#6357,#6368,#6379,#6415,#6426,#6437,#6448,#6459,#6470,
    #6481,#6517,#6528,#6539,#6550,#6586,#6597,#6608,#6619,#6630,#6641,
    #6652,#6663,#6674,#6685,#6696,#6707,#6718,#6729,#6740,#6751,#6762,
    #6773,#6784,#6795,#6806,#6817,#6828,#6839,#6850,#6861,#6872,#6883,
    #6894,#6905,#6916,#6927,#6938,#6949,#6960,#6971,#6982,#6993,#7004,
    #7015,#7026,#7037,#7048,#7059,#7070,#7081,#7092,#7103,#7114,#7125,
    #7136,#7147,#7158,#7169,#7180,#7191,#7202,#7213,#7224,#7235,#7246,
    #7257,#7268,#7279,#7290,#7301,#7312),#7323,.F.);
#5351 = FACE_BOUND('',#5352,.F.);
#5352 = EDGE_LOOP('',(#5353,#5354,#5355,#5364,#5372,#5381,#5389,#5396));
#5353 = ORIENTED_EDGE('',*,*,#5277,.F.);
#5354 = ORIENTED_EDGE('',*,*,#5309,.F.);
#5355 = ORIENTED_EDGE('',*,*,#5356,.F.);
#5356 = EDGE_CURVE('',#5357,#5293,#5359,.T.);
#5357 = VERTEX_POINT('',#5358);
#5358 = CARTESIAN_POINT('',(110.,-22.5,0.));
#5359 = CIRCLE('',#5360,3.000001172987);
#5360 = AXIS2_PLACEMENT_3D('',#5361,#5362,#5363);
#5361 = CARTESIAN_POINT('',(113.00000117298,-22.50000117298,0.));
#5362 = DIRECTION('',(0.,0.,-1.));
#5363 = DIRECTION('',(-1.,3.909953639749E-07,0.));
#5364 = ORIENTED_EDGE('',*,*,#5365,.F.);
#5365 = EDGE_CURVE('',#5366,#5357,#5368,.T.);
#5366 = VERTEX_POINT('',#5367);
#5367 = CARTESIAN_POINT('',(110.,-60.5,0.));
#5368 = LINE('',#5369,#5370);
#5369 = CARTESIAN_POINT('',(110.,-60.5,0.));
#5370 = VECTOR('',#5371,1.);
#5371 = DIRECTION('',(0.,1.,0.));
#5372 = ORIENTED_EDGE('',*,*,#5373,.F.);
#5373 = EDGE_CURVE('',#5374,#5366,#5376,.T.);
#5374 = VERTEX_POINT('',#5375);
#5375 = CARTESIAN_POINT('',(113.,-63.5,0.));
#5376 = CIRCLE('',#5377,3.000001172987);
#5377 = AXIS2_PLACEMENT_3D('',#5378,#5379,#5380);
#5378 = CARTESIAN_POINT('',(113.00000117298,-60.49999882701,0.));
#5379 = DIRECTION('',(0.,0.,-1.));
#5380 = DIRECTION('',(-3.909953663434E-07,-1.,-0.));
#5381 = ORIENTED_EDGE('',*,*,#5382,.F.);
#5382 = EDGE_CURVE('',#5383,#5374,#5385,.T.);
#5383 = VERTEX_POINT('',#5384);
#5384 = CARTESIAN_POINT('',(144.,-63.5,0.));
#5385 = LINE('',#5386,#5387);
#5386 = CARTESIAN_POINT('',(144.,-63.5,0.));
#5387 = VECTOR('',#5388,1.);
#5388 = DIRECTION('',(-1.,0.,0.));
#5389 = ORIENTED_EDGE('',*,*,#5390,.F.);
#5390 = EDGE_CURVE('',#5333,#5383,#5391,.T.);
#5391 = CIRCLE('',#5392,3.000001172987);
#5392 = AXIS2_PLACEMENT_3D('',#5393,#5394,#5395);
#5393 = CARTESIAN_POINT('',(143.99999882701,-60.49999882701,0.));
#5394 = DIRECTION('',(0.,0.,-1.));
#5395 = DIRECTION('',(1.,-3.909953663434E-07,0.));
#5396 = ORIENTED_EDGE('',*,*,#5340,.F.);
#5397 = FACE_BOUND('',#5398,.F.);
#5398 = EDGE_LOOP('',(#5399));
#5399 = ORIENTED_EDGE('',*,*,#5400,.T.);
#5400 = EDGE_CURVE('',#5401,#5401,#5403,.T.);
#5401 = VERTEX_POINT('',#5402);
#5402 = CARTESIAN_POINT('',(113.5,-62.2,0.));
#5403 = CIRCLE('',#5404,0.2);
#5404 = AXIS2_PLACEMENT_3D('',#5405,#5406,#5407);
#5405 = CARTESIAN_POINT('',(113.5,-62.,0.));
#5406 = DIRECTION('',(-0.,0.,-1.));
#5407 = DIRECTION('',(-0.,-1.,0.));
#5408 = FACE_BOUND('',#5409,.F.);
#5409 = EDGE_LOOP('',(#5410));
#5410 = ORIENTED_EDGE('',*,*,#5411,.T.);
#5411 = EDGE_CURVE('',#5412,#5412,#5414,.T.);
#5412 = VERTEX_POINT('',#5413);
#5413 = CARTESIAN_POINT('',(115.500895,-61.213336,0.));
#5414 = CIRCLE('',#5415,0.65);
#5415 = AXIS2_PLACEMENT_3D('',#5416,#5417,#5418);
#5416 = CARTESIAN_POINT('',(115.500895,-60.563336,0.));
#5417 = DIRECTION('',(-0.,0.,-1.));
#5418 = DIRECTION('',(-0.,-1.,0.));
#5419 = FACE_BOUND('',#5420,.F.);
#5420 = EDGE_LOOP('',(#5421));
#5421 = ORIENTED_EDGE('',*,*,#5422,.T.);
#5422 = EDGE_CURVE('',#5423,#5423,#5425,.T.);
#5423 = VERTEX_POINT('',#5424);
#5424 = CARTESIAN_POINT('',(112.950895,-59.813336,0.));
#5425 = CIRCLE('',#5426,0.5);
#5426 = AXIS2_PLACEMENT_3D('',#5427,#5428,#5429);
#5427 = CARTESIAN_POINT('',(112.950895,-59.313336,0.));
#5428 = DIRECTION('',(-0.,0.,-1.));
#5429 = DIRECTION('',(-0.,-1.,0.));
#5430 = FACE_BOUND('',#5431,.F.);
#5431 = EDGE_LOOP('',(#5432));
#5432 = ORIENTED_EDGE('',*,*,#5433,.T.);
#5433 = EDGE_CURVE('',#5434,#5434,#5436,.T.);
#5434 = VERTEX_POINT('',#5435);
#5435 = CARTESIAN_POINT('',(113.5,-57.65,0.));
#5436 = CIRCLE('',#5437,0.15);
#5437 = AXIS2_PLACEMENT_3D('',#5438,#5439,#5440);
#5438 = CARTESIAN_POINT('',(113.5,-57.5,0.));
#5439 = DIRECTION('',(-0.,0.,-1.));
#5440 = DIRECTION('',(-0.,-1.,0.));
#5441 = FACE_BOUND('',#5442,.F.);
#5442 = EDGE_LOOP('',(#5443));
#5443 = ORIENTED_EDGE('',*,*,#5444,.T.);
#5444 = EDGE_CURVE('',#5445,#5445,#5447,.T.);
#5445 = VERTEX_POINT('',#5446);
#5446 = CARTESIAN_POINT('',(119.,-61.65,0.));
#5447 = CIRCLE('',#5448,0.15);
#5448 = AXIS2_PLACEMENT_3D('',#5449,#5450,#5451);
#5449 = CARTESIAN_POINT('',(119.,-61.5,0.));
#5450 = DIRECTION('',(-0.,0.,-1.));
#5451 = DIRECTION('',(-0.,-1.,0.));
#5452 = FACE_BOUND('',#5453,.F.);
#5453 = EDGE_LOOP('',(#5454));
#5454 = ORIENTED_EDGE('',*,*,#5455,.T.);
#5455 = EDGE_CURVE('',#5456,#5456,#5458,.T.);
#5456 = VERTEX_POINT('',#5457);
#5457 = CARTESIAN_POINT('',(119.,-60.65,0.));
#5458 = CIRCLE('',#5459,0.15);
#5459 = AXIS2_PLACEMENT_3D('',#5460,#5461,#5462);
#5460 = CARTESIAN_POINT('',(119.,-60.5,0.));
#5461 = DIRECTION('',(-0.,0.,-1.));
#5462 = DIRECTION('',(-0.,-1.,0.));
#5463 = FACE_BOUND('',#5464,.F.);
#5464 = EDGE_LOOP('',(#5465));
#5465 = ORIENTED_EDGE('',*,*,#5466,.T.);
#5466 = EDGE_CURVE('',#5467,#5467,#5469,.T.);
#5467 = VERTEX_POINT('',#5468);
#5468 = CARTESIAN_POINT('',(116.35,-58.1,0.));
#5469 = CIRCLE('',#5470,1.1);
#5470 = AXIS2_PLACEMENT_3D('',#5471,#5472,#5473);
#5471 = CARTESIAN_POINT('',(116.35,-57.,0.));
#5472 = DIRECTION('',(-0.,0.,-1.));
#5473 = DIRECTION('',(-0.,-1.,0.));
#5474 = FACE_BOUND('',#5475,.F.);
#5475 = EDGE_LOOP('',(#5476));
#5476 = ORIENTED_EDGE('',*,*,#5477,.T.);
#5477 = EDGE_CURVE('',#5478,#5478,#5480,.T.);
#5478 = VERTEX_POINT('',#5479);
#5479 = CARTESIAN_POINT('',(112.950895,-55.313336,0.));
#5480 = CIRCLE('',#5481,0.5);
#5481 = AXIS2_PLACEMENT_3D('',#5482,#5483,#5484);
#5482 = CARTESIAN_POINT('',(112.950895,-54.813336,0.));
#5483 = DIRECTION('',(-0.,0.,-1.));
#5484 = DIRECTION('',(-0.,-1.,0.));
#5485 = FACE_BOUND('',#5486,.F.);
#5486 = EDGE_LOOP('',(#5487));
#5487 = ORIENTED_EDGE('',*,*,#5488,.T.);
#5488 = EDGE_CURVE('',#5489,#5489,#5491,.T.);
#5489 = VERTEX_POINT('',#5490);
#5490 = CARTESIAN_POINT('',(115.500895,-54.213336,0.));
#5491 = CIRCLE('',#5492,0.65);
#5492 = AXIS2_PLACEMENT_3D('',#5493,#5494,#5495);
#5493 = CARTESIAN_POINT('',(115.500895,-53.563336,0.));
#5494 = DIRECTION('',(-0.,0.,-1.));
#5495 = DIRECTION('',(-0.,-1.,0.));
#5496 = FACE_BOUND('',#5497,.F.);
#5497 = EDGE_LOOP('',(#5498));
#5498 = ORIENTED_EDGE('',*,*,#5499,.T.);
#5499 = EDGE_CURVE('',#5500,#5500,#5502,.T.);
#5500 = VERTEX_POINT('',#5501);
#5501 = CARTESIAN_POINT('',(119.503895,-56.328683,0.));
#5502 = CIRCLE('',#5503,0.2);
#5503 = AXIS2_PLACEMENT_3D('',#5504,#5505,#5506);
#5504 = CARTESIAN_POINT('',(119.503895,-56.128683,0.));
#5505 = DIRECTION('',(-0.,0.,-1.));
#5506 = DIRECTION('',(-0.,-1.,0.));
#5507 = FACE_BOUND('',#5508,.F.);
#5508 = EDGE_LOOP('',(#5509));
#5509 = ORIENTED_EDGE('',*,*,#5510,.T.);
#5510 = EDGE_CURVE('',#5511,#5511,#5513,.T.);
#5511 = VERTEX_POINT('',#5512);
#5512 = CARTESIAN_POINT('',(119.626185,-54.708341,0.));
#5513 = CIRCLE('',#5514,0.2);
#5514 = AXIS2_PLACEMENT_3D('',#5515,#5516,#5517);
#5515 = CARTESIAN_POINT('',(119.626185,-54.508341,0.));
#5516 = DIRECTION('',(-0.,0.,-1.));
#5517 = DIRECTION('',(7.105427357601E-14,-1.,-0.));
#5518 = FACE_BOUND('',#5519,.F.);
#5519 = EDGE_LOOP('',(#5520));
#5520 = ORIENTED_EDGE('',*,*,#5521,.T.);
#5521 = EDGE_CURVE('',#5522,#5522,#5524,.T.);
#5522 = VERTEX_POINT('',#5523);
#5523 = CARTESIAN_POINT('',(117.628651,-52.70682,0.));
#5524 = CIRCLE('',#5525,0.2);
#5525 = AXIS2_PLACEMENT_3D('',#5526,#5527,#5528);
#5526 = CARTESIAN_POINT('',(117.628651,-52.50682,0.));
#5527 = DIRECTION('',(-0.,0.,-1.));
#5528 = DIRECTION('',(7.105427357601E-14,-1.,-0.));
#5529 = FACE_BOUND('',#5530,.F.);
#5530 = EDGE_LOOP('',(#5531));
#5531 = ORIENTED_EDGE('',*,*,#5532,.T.);
#5532 = EDGE_CURVE('',#5533,#5533,#5535,.T.);
#5533 = VERTEX_POINT('',#5534);
#5534 = CARTESIAN_POINT('',(119.867599,-52.06745,0.));
#5535 = CIRCLE('',#5536,0.2);
#5536 = AXIS2_PLACEMENT_3D('',#5537,#5538,#5539);
#5537 = CARTESIAN_POINT('',(119.867599,-51.86745,0.));
#5538 = DIRECTION('',(-0.,0.,-1.));
#5539 = DIRECTION('',(-0.,-1.,0.));
#5540 = FACE_BOUND('',#5541,.F.);
#5541 = EDGE_LOOP('',(#5542));
#5542 = ORIENTED_EDGE('',*,*,#5543,.T.);
#5543 = EDGE_CURVE('',#5544,#5544,#5546,.T.);
#5544 = VERTEX_POINT('',#5545);
#5545 = CARTESIAN_POINT('',(125.648325,-61.964447,0.));
#5546 = CIRCLE('',#5547,0.2);
#5547 = AXIS2_PLACEMENT_3D('',#5548,#5549,#5550);
#5548 = CARTESIAN_POINT('',(125.648325,-61.764447,0.));
#5549 = DIRECTION('',(-0.,0.,-1.));
#5550 = DIRECTION('',(-0.,-1.,0.));
#5551 = FACE_BOUND('',#5552,.F.);
#5552 = EDGE_LOOP('',(#5553));
#5553 = ORIENTED_EDGE('',*,*,#5554,.T.);
#5554 = EDGE_CURVE('',#5555,#5555,#5557,.T.);
#5555 = VERTEX_POINT('',#5556);
#5556 = CARTESIAN_POINT('',(121.506399,-52.09155,0.));
#5557 = CIRCLE('',#5558,0.2);
#5558 = AXIS2_PLACEMENT_3D('',#5559,#5560,#5561);
#5559 = CARTESIAN_POINT('',(121.506399,-51.89155,0.));
#5560 = DIRECTION('',(-0.,0.,-1.));
#5561 = DIRECTION('',(-0.,-1.,0.));
#5562 = FACE_BOUND('',#5563,.F.);
#5563 = EDGE_LOOP('',(#5564));
#5564 = ORIENTED_EDGE('',*,*,#5565,.T.);
#5565 = EDGE_CURVE('',#5566,#5566,#5568,.T.);
#5566 = VERTEX_POINT('',#5567);
#5567 = CARTESIAN_POINT('',(125.02223,-57.047137,0.));
#5568 = CIRCLE('',#5569,0.2);
#5569 = AXIS2_PLACEMENT_3D('',#5570,#5571,#5572);
#5570 = CARTESIAN_POINT('',(125.02223,-56.847137,0.));
#5571 = DIRECTION('',(-0.,0.,-1.));
#5572 = DIRECTION('',(-7.105427357601E-14,-1.,0.));
#5573 = FACE_BOUND('',#5574,.F.);
#5574 = EDGE_LOOP('',(#5575));
#5575 = ORIENTED_EDGE('',*,*,#5576,.T.);
#5576 = EDGE_CURVE('',#5577,#5577,#5579,.T.);
#5577 = VERTEX_POINT('',#5578);
#5578 = CARTESIAN_POINT('',(125.974487,-53.833368,0.));
#5579 = CIRCLE('',#5580,0.15);
#5580 = AXIS2_PLACEMENT_3D('',#5581,#5582,#5583);
#5581 = CARTESIAN_POINT('',(125.974487,-53.683368,0.));
#5582 = DIRECTION('',(-0.,0.,-1.));
#5583 = DIRECTION('',(-9.473903143469E-14,-1.,0.));
#5584 = FACE_BOUND('',#5585,.F.);
#5585 = EDGE_LOOP('',(#5586));
#5586 = ORIENTED_EDGE('',*,*,#5587,.T.);
#5587 = EDGE_CURVE('',#5588,#5588,#5590,.T.);
#5588 = VERTEX_POINT('',#5589);
#5589 = CARTESIAN_POINT('',(128.,-53.2,0.));
#5590 = CIRCLE('',#5591,0.2);
#5591 = AXIS2_PLACEMENT_3D('',#5592,#5593,#5594);
#5592 = CARTESIAN_POINT('',(128.,-53.,0.));
#5593 = DIRECTION('',(-0.,0.,-1.));
#5594 = DIRECTION('',(-0.,-1.,0.));
#5595 = FACE_BOUND('',#5596,.F.);
#5596 = EDGE_LOOP('',(#5597));
#5597 = ORIENTED_EDGE('',*,*,#5598,.T.);
#5598 = EDGE_CURVE('',#5599,#5599,#5601,.T.);
#5599 = VERTEX_POINT('',#5600);
#5600 = CARTESIAN_POINT('',(112.977225,-50.431332,0.));
#5601 = CIRCLE('',#5602,0.5);
#5602 = AXIS2_PLACEMENT_3D('',#5603,#5604,#5605);
#5603 = CARTESIAN_POINT('',(112.977225,-49.931332,0.));
#5604 = DIRECTION('',(-0.,0.,-1.));
#5605 = DIRECTION('',(-0.,-1.,0.));
#5606 = FACE_BOUND('',#5607,.F.);
#5607 = EDGE_LOOP('',(#5608));
#5608 = ORIENTED_EDGE('',*,*,#5609,.T.);
#5609 = EDGE_CURVE('',#5610,#5610,#5612,.T.);
#5610 = VERTEX_POINT('',#5611);
#5611 = CARTESIAN_POINT('',(115.527225,-51.831332,0.));
#5612 = CIRCLE('',#5613,0.65);
#5613 = AXIS2_PLACEMENT_3D('',#5614,#5615,#5616);
#5614 = CARTESIAN_POINT('',(115.527225,-51.181332,0.));
#5615 = DIRECTION('',(-0.,0.,-1.));
#5616 = DIRECTION('',(-0.,-1.,0.));
#5617 = FACE_BOUND('',#5618,.F.);
#5618 = EDGE_LOOP('',(#5619));
#5619 = ORIENTED_EDGE('',*,*,#5620,.T.);
#5620 = EDGE_CURVE('',#5621,#5621,#5623,.T.);
#5621 = VERTEX_POINT('',#5622);
#5622 = CARTESIAN_POINT('',(112.5,-48.15,0.));
#5623 = CIRCLE('',#5624,0.15);
#5624 = AXIS2_PLACEMENT_3D('',#5625,#5626,#5627);
#5625 = CARTESIAN_POINT('',(112.5,-48.,0.));
#5626 = DIRECTION('',(-0.,0.,-1.));
#5627 = DIRECTION('',(-0.,-1.,0.));
#5628 = FACE_BOUND('',#5629,.F.);
#5629 = EDGE_LOOP('',(#5630));
#5630 = ORIENTED_EDGE('',*,*,#5631,.T.);
#5631 = EDGE_CURVE('',#5632,#5632,#5634,.T.);
#5632 = VERTEX_POINT('',#5633);
#5633 = CARTESIAN_POINT('',(114.094835,-46.801814,0.));
#5634 = CIRCLE('',#5635,0.15);
#5635 = AXIS2_PLACEMENT_3D('',#5636,#5637,#5638);
#5636 = CARTESIAN_POINT('',(114.094835,-46.651814,0.));
#5637 = DIRECTION('',(-0.,0.,-1.));
#5638 = DIRECTION('',(9.473903143467E-14,-1.,-0.));
#5639 = FACE_BOUND('',#5640,.F.);
#5640 = EDGE_LOOP('',(#5641));
#5641 = ORIENTED_EDGE('',*,*,#5642,.T.);
#5642 = EDGE_CURVE('',#5643,#5643,#5645,.T.);
#5643 = VERTEX_POINT('',#5644);
#5644 = CARTESIAN_POINT('',(118.,-50.7,0.));
#5645 = CIRCLE('',#5646,0.2);
#5646 = AXIS2_PLACEMENT_3D('',#5647,#5648,#5649);
#5647 = CARTESIAN_POINT('',(118.,-50.5,0.));
#5648 = DIRECTION('',(-0.,0.,-1.));
#5649 = DIRECTION('',(-0.,-1.,0.));
#5650 = FACE_BOUND('',#5651,.F.);
#5651 = EDGE_LOOP('',(#5652));
#5652 = ORIENTED_EDGE('',*,*,#5653,.T.);
#5653 = EDGE_CURVE('',#5654,#5654,#5656,.T.);
#5654 = VERTEX_POINT('',#5655);
#5655 = CARTESIAN_POINT('',(117.,-49.2,0.));
#5656 = CIRCLE('',#5657,0.2);
#5657 = AXIS2_PLACEMENT_3D('',#5658,#5659,#5660);
#5658 = CARTESIAN_POINT('',(117.,-49.,0.));
#5659 = DIRECTION('',(-0.,0.,-1.));
#5660 = DIRECTION('',(-0.,-1.,0.));
#5661 = FACE_BOUND('',#5662,.F.);
#5662 = EDGE_LOOP('',(#5663));
#5663 = ORIENTED_EDGE('',*,*,#5664,.T.);
#5664 = EDGE_CURVE('',#5665,#5665,#5667,.T.);
#5665 = VERTEX_POINT('',#5666);
#5666 = CARTESIAN_POINT('',(112.977225,-45.931332,0.));
#5667 = CIRCLE('',#5668,0.5);
#5668 = AXIS2_PLACEMENT_3D('',#5669,#5670,#5671);
#5669 = CARTESIAN_POINT('',(112.977225,-45.431332,0.));
#5670 = DIRECTION('',(-0.,0.,-1.));
#5671 = DIRECTION('',(-0.,-1.,0.));
#5672 = FACE_BOUND('',#5673,.F.);
#5673 = EDGE_LOOP('',(#5674));
#5674 = ORIENTED_EDGE('',*,*,#5675,.T.);
#5675 = EDGE_CURVE('',#5676,#5676,#5678,.T.);
#5676 = VERTEX_POINT('',#5677);
#5677 = CARTESIAN_POINT('',(115.527225,-44.831332,0.));
#5678 = CIRCLE('',#5679,0.65);
#5679 = AXIS2_PLACEMENT_3D('',#5680,#5681,#5682);
#5680 = CARTESIAN_POINT('',(115.527225,-44.181332,0.));
#5681 = DIRECTION('',(-0.,0.,-1.));
#5682 = DIRECTION('',(-0.,-1.,0.));
#5683 = FACE_BOUND('',#5684,.F.);
#5684 = EDGE_LOOP('',(#5685));
#5685 = ORIENTED_EDGE('',*,*,#5686,.T.);
#5686 = EDGE_CURVE('',#5687,#5687,#5689,.T.);
#5687 = VERTEX_POINT('',#5688);
#5688 = CARTESIAN_POINT('',(111.70126,-42.920678,0.));
#5689 = CIRCLE('',#5690,0.2);
#5690 = AXIS2_PLACEMENT_3D('',#5691,#5692,#5693);
#5691 = CARTESIAN_POINT('',(111.70126,-42.720678,0.));
#5692 = DIRECTION('',(-0.,0.,-1.));
#5693 = DIRECTION('',(7.105427357601E-14,-1.,-0.));
#5694 = FACE_BOUND('',#5695,.F.);
#5695 = EDGE_LOOP('',(#5696));
#5696 = ORIENTED_EDGE('',*,*,#5697,.T.);
#5697 = EDGE_CURVE('',#5698,#5698,#5700,.T.);
#5698 = VERTEX_POINT('',#5699);
#5699 = CARTESIAN_POINT('',(117.,-42.7,0.));
#5700 = CIRCLE('',#5701,0.2);
#5701 = AXIS2_PLACEMENT_3D('',#5702,#5703,#5704);
#5702 = CARTESIAN_POINT('',(117.,-42.5,0.));
#5703 = DIRECTION('',(-0.,0.,-1.));
#5704 = DIRECTION('',(-0.,-1.,0.));
#5705 = FACE_BOUND('',#5706,.F.);
#5706 = EDGE_LOOP('',(#5707));
#5707 = ORIENTED_EDGE('',*,*,#5708,.T.);
#5708 = EDGE_CURVE('',#5709,#5709,#5711,.T.);
#5709 = VERTEX_POINT('',#5710);
#5710 = CARTESIAN_POINT('',(123.4,-50.55,0.));
#5711 = CIRCLE('',#5712,1.E-01);
#5712 = AXIS2_PLACEMENT_3D('',#5713,#5714,#5715);
#5713 = CARTESIAN_POINT('',(123.4,-50.45,0.));
#5714 = DIRECTION('',(-0.,0.,-1.));
#5715 = DIRECTION('',(-0.,-1.,0.));
#5716 = FACE_BOUND('',#5717,.F.);
#5717 = EDGE_LOOP('',(#5718));
#5718 = ORIENTED_EDGE('',*,*,#5719,.T.);
#5719 = EDGE_CURVE('',#5720,#5720,#5722,.T.);
#5720 = VERTEX_POINT('',#5721);
#5721 = CARTESIAN_POINT('',(124.,-50.1,0.));
#5722 = CIRCLE('',#5723,1.E-01);
#5723 = AXIS2_PLACEMENT_3D('',#5724,#5725,#5726);
#5724 = CARTESIAN_POINT('',(124.,-50.,0.));
#5725 = DIRECTION('',(-0.,0.,-1.));
#5726 = DIRECTION('',(-0.,-1.,0.));
#5727 = FACE_BOUND('',#5728,.F.);
#5728 = EDGE_LOOP('',(#5729));
#5729 = ORIENTED_EDGE('',*,*,#5730,.T.);
#5730 = EDGE_CURVE('',#5731,#5731,#5733,.T.);
#5731 = VERTEX_POINT('',#5732);
#5732 = CARTESIAN_POINT('',(123.4,-49.65,0.));
#5733 = CIRCLE('',#5734,0.1);
#5734 = AXIS2_PLACEMENT_3D('',#5735,#5736,#5737);
#5735 = CARTESIAN_POINT('',(123.4,-49.55,0.));
#5736 = DIRECTION('',(-0.,0.,-1.));
#5737 = DIRECTION('',(-0.,-1.,0.));
#5738 = FACE_BOUND('',#5739,.F.);
#5739 = EDGE_LOOP('',(#5740));
#5740 = ORIENTED_EDGE('',*,*,#5741,.T.);
#5741 = EDGE_CURVE('',#5742,#5742,#5744,.T.);
#5742 = VERTEX_POINT('',#5743);
#5743 = CARTESIAN_POINT('',(124.6,-50.55,0.));
#5744 = CIRCLE('',#5745,0.1);
#5745 = AXIS2_PLACEMENT_3D('',#5746,#5747,#5748);
#5746 = CARTESIAN_POINT('',(124.6,-50.45,0.));
#5747 = DIRECTION('',(-0.,0.,-1.));
#5748 = DIRECTION('',(-0.,-1.,0.));
#5749 = FACE_BOUND('',#5750,.F.);
#5750 = EDGE_LOOP('',(#5751));
#5751 = ORIENTED_EDGE('',*,*,#5752,.T.);
#5752 = EDGE_CURVE('',#5753,#5753,#5755,.T.);
#5753 = VERTEX_POINT('',#5754);
#5754 = CARTESIAN_POINT('',(124.6,-49.65,0.));
#5755 = CIRCLE('',#5756,0.1);
#5756 = AXIS2_PLACEMENT_3D('',#5757,#5758,#5759);
#5757 = CARTESIAN_POINT('',(124.6,-49.55,0.));
#5758 = DIRECTION('',(-0.,0.,-1.));
#5759 = DIRECTION('',(-0.,-1.,0.));
#5760 = FACE_BOUND('',#5761,.F.);
#5761 = EDGE_LOOP('',(#5762));
#5762 = ORIENTED_EDGE('',*,*,#5763,.T.);
#5763 = EDGE_CURVE('',#5764,#5764,#5766,.T.);
#5764 = VERTEX_POINT('',#5765);
#5765 = CARTESIAN_POINT('',(125.86847,-50.155107,0.));
#5766 = CIRCLE('',#5767,0.15);
#5767 = AXIS2_PLACEMENT_3D('',#5768,#5769,#5770);
#5768 = CARTESIAN_POINT('',(125.86847,-50.005107,0.));
#5769 = DIRECTION('',(-0.,0.,-1.));
#5770 = DIRECTION('',(-0.,-1.,0.));
#5771 = FACE_BOUND('',#5772,.F.);
#5772 = EDGE_LOOP('',(#5773));
#5773 = ORIENTED_EDGE('',*,*,#5774,.T.);
#5774 = EDGE_CURVE('',#5775,#5775,#5777,.T.);
#5775 = VERTEX_POINT('',#5776);
#5776 = CARTESIAN_POINT('',(126.499999,-48.089482,0.));
#5777 = CIRCLE('',#5778,0.2);
#5778 = AXIS2_PLACEMENT_3D('',#5779,#5780,#5781);
#5779 = CARTESIAN_POINT('',(126.499999,-47.889482,0.));
#5780 = DIRECTION('',(-0.,0.,-1.));
#5781 = DIRECTION('',(-0.,-1.,0.));
#5782 = FACE_BOUND('',#5783,.F.);
#5783 = EDGE_LOOP('',(#5784));
#5784 = ORIENTED_EDGE('',*,*,#5785,.T.);
#5785 = EDGE_CURVE('',#5786,#5786,#5788,.T.);
#5786 = VERTEX_POINT('',#5787);
#5787 = CARTESIAN_POINT('',(128.,-47.045804,0.));
#5788 = CIRCLE('',#5789,0.2);
#5789 = AXIS2_PLACEMENT_3D('',#5790,#5791,#5792);
#5790 = CARTESIAN_POINT('',(128.,-46.845804,0.));
#5791 = DIRECTION('',(-0.,0.,-1.));
#5792 = DIRECTION('',(-0.,-1.,0.));
#5793 = FACE_BOUND('',#5794,.F.);
#5794 = EDGE_LOOP('',(#5795));
#5795 = ORIENTED_EDGE('',*,*,#5796,.T.);
#5796 = EDGE_CURVE('',#5797,#5797,#5799,.T.);
#5797 = VERTEX_POINT('',#5798);
#5798 = CARTESIAN_POINT('',(121.093593,-44.99,0.));
#5799 = CIRCLE('',#5800,0.15);
#5800 = AXIS2_PLACEMENT_3D('',#5801,#5802,#5803);
#5801 = CARTESIAN_POINT('',(121.093593,-44.84,0.));
#5802 = DIRECTION('',(-0.,0.,-1.));
#5803 = DIRECTION('',(-0.,-1.,0.));
#5804 = FACE_BOUND('',#5805,.F.);
#5805 = EDGE_LOOP('',(#5806));
#5806 = ORIENTED_EDGE('',*,*,#5807,.T.);
#5807 = EDGE_CURVE('',#5808,#5808,#5810,.T.);
#5808 = VERTEX_POINT('',#5809);
#5809 = CARTESIAN_POINT('',(122.77932,-44.893465,0.));
#5810 = CIRCLE('',#5811,0.2);
#5811 = AXIS2_PLACEMENT_3D('',#5812,#5813,#5814);
#5812 = CARTESIAN_POINT('',(122.77932,-44.693465,0.));
#5813 = DIRECTION('',(-0.,0.,-1.));
#5814 = DIRECTION('',(-0.,-1.,0.));
#5815 = FACE_BOUND('',#5816,.F.);
#5816 = EDGE_LOOP('',(#5817));
#5817 = ORIENTED_EDGE('',*,*,#5818,.T.);
#5818 = EDGE_CURVE('',#5819,#5819,#5821,.T.);
#5819 = VERTEX_POINT('',#5820);
#5820 = CARTESIAN_POINT('',(126.369073,-46.090049,0.));
#5821 = CIRCLE('',#5822,0.2);
#5822 = AXIS2_PLACEMENT_3D('',#5823,#5824,#5825);
#5823 = CARTESIAN_POINT('',(126.369073,-45.890049,0.));
#5824 = DIRECTION('',(-0.,0.,-1.));
#5825 = DIRECTION('',(-0.,-1.,0.));
#5826 = FACE_BOUND('',#5827,.F.);
#5827 = EDGE_LOOP('',(#5828));
#5828 = ORIENTED_EDGE('',*,*,#5829,.T.);
#5829 = EDGE_CURVE('',#5830,#5830,#5832,.T.);
#5830 = VERTEX_POINT('',#5831);
#5831 = CARTESIAN_POINT('',(124.99844,-44.893465,0.));
#5832 = CIRCLE('',#5833,0.2);
#5833 = AXIS2_PLACEMENT_3D('',#5834,#5835,#5836);
#5834 = CARTESIAN_POINT('',(124.99844,-44.693465,0.));
#5835 = DIRECTION('',(-0.,0.,-1.));
#5836 = DIRECTION('',(-0.,-1.,0.));
#5837 = FACE_BOUND('',#5838,.F.);
#5838 = EDGE_LOOP('',(#5839));
#5839 = ORIENTED_EDGE('',*,*,#5840,.T.);
#5840 = EDGE_CURVE('',#5841,#5841,#5843,.T.);
#5841 = VERTEX_POINT('',#5842);
#5842 = CARTESIAN_POINT('',(127.739706,-44.958733,0.));
#5843 = CIRCLE('',#5844,0.2);
#5844 = AXIS2_PLACEMENT_3D('',#5845,#5846,#5847);
#5845 = CARTESIAN_POINT('',(127.739706,-44.758733,0.));
#5846 = DIRECTION('',(-0.,0.,-1.));
#5847 = DIRECTION('',(-0.,-1.,0.));
#5848 = FACE_BOUND('',#5849,.F.);
#5849 = EDGE_LOOP('',(#5850));
#5850 = ORIENTED_EDGE('',*,*,#5851,.T.);
#5851 = EDGE_CURVE('',#5852,#5852,#5854,.T.);
#5852 = VERTEX_POINT('',#5853);
#5853 = CARTESIAN_POINT('',(130.818776,-61.739234,0.));
#5854 = CIRCLE('',#5855,0.2);
#5855 = AXIS2_PLACEMENT_3D('',#5856,#5857,#5858);
#5856 = CARTESIAN_POINT('',(130.818776,-61.539234,0.));
#5857 = DIRECTION('',(-0.,0.,-1.));
#5858 = DIRECTION('',(-0.,-1.,0.));
#5859 = FACE_BOUND('',#5860,.F.);
#5860 = EDGE_LOOP('',(#5861));
#5861 = ORIENTED_EDGE('',*,*,#5862,.T.);
#5862 = EDGE_CURVE('',#5863,#5863,#5865,.T.);
#5863 = VERTEX_POINT('',#5864);
#5864 = CARTESIAN_POINT('',(130.807109,-60.210987,0.));
#5865 = CIRCLE('',#5866,0.15);
#5866 = AXIS2_PLACEMENT_3D('',#5867,#5868,#5869);
#5867 = CARTESIAN_POINT('',(130.807109,-60.060987,0.));
#5868 = DIRECTION('',(-0.,0.,-1.));
#5869 = DIRECTION('',(-0.,-1.,0.));
#5870 = FACE_BOUND('',#5871,.F.);
#5871 = EDGE_LOOP('',(#5872));
#5872 = ORIENTED_EDGE('',*,*,#5873,.T.);
#5873 = EDGE_CURVE('',#5874,#5874,#5876,.T.);
#5874 = VERTEX_POINT('',#5875);
#5875 = CARTESIAN_POINT('',(134.59342,-61.700717,0.));
#5876 = CIRCLE('',#5877,0.2);
#5877 = AXIS2_PLACEMENT_3D('',#5878,#5879,#5880);
#5878 = CARTESIAN_POINT('',(134.59342,-61.500717,0.));
#5879 = DIRECTION('',(-0.,0.,-1.));
#5880 = DIRECTION('',(1.42108547152E-13,-1.,-0.));
#5881 = FACE_BOUND('',#5882,.F.);
#5882 = EDGE_LOOP('',(#5883));
#5883 = ORIENTED_EDGE('',*,*,#5884,.T.);
#5884 = EDGE_CURVE('',#5885,#5885,#5887,.T.);
#5885 = VERTEX_POINT('',#5886);
#5886 = CARTESIAN_POINT('',(135.310123,-60.010296,0.));
#5887 = CIRCLE('',#5888,0.15);
#5888 = AXIS2_PLACEMENT_3D('',#5889,#5890,#5891);
#5889 = CARTESIAN_POINT('',(135.310123,-59.860296,0.));
#5890 = DIRECTION('',(-0.,0.,-1.));
#5891 = DIRECTION('',(-0.,-1.,0.));
#5892 = FACE_BOUND('',#5893,.F.);
#5893 = EDGE_LOOP('',(#5894));
#5894 = ORIENTED_EDGE('',*,*,#5895,.T.);
#5895 = EDGE_CURVE('',#5896,#5896,#5898,.T.);
#5896 = VERTEX_POINT('',#5897);
#5897 = CARTESIAN_POINT('',(135.206923,-58.737323,0.));
#5898 = CIRCLE('',#5899,0.2);
#5899 = AXIS2_PLACEMENT_3D('',#5900,#5901,#5902);
#5900 = CARTESIAN_POINT('',(135.206923,-58.537323,0.));
#5901 = DIRECTION('',(-0.,0.,-1.));
#5902 = DIRECTION('',(-1.42108547152E-13,-1.,0.));
#5903 = FACE_BOUND('',#5904,.F.);
#5904 = EDGE_LOOP('',(#5905));
#5905 = ORIENTED_EDGE('',*,*,#5906,.T.);
#5906 = EDGE_CURVE('',#5907,#5907,#5909,.T.);
#5907 = VERTEX_POINT('',#5908);
#5908 = CARTESIAN_POINT('',(130.85468,-56.690505,0.));
#5909 = CIRCLE('',#5910,0.2);
#5910 = AXIS2_PLACEMENT_3D('',#5911,#5912,#5913);
#5911 = CARTESIAN_POINT('',(130.85468,-56.490505,0.));
#5912 = DIRECTION('',(-0.,0.,-1.));
#5913 = DIRECTION('',(-0.,-1.,0.));
#5914 = FACE_BOUND('',#5915,.F.);
#5915 = EDGE_LOOP('',(#5916));
#5916 = ORIENTED_EDGE('',*,*,#5917,.T.);
#5917 = EDGE_CURVE('',#5918,#5918,#5920,.T.);
#5918 = VERTEX_POINT('',#5919);
#5919 = CARTESIAN_POINT('',(130.955892,-53.699124,0.));
#5920 = CIRCLE('',#5921,0.2);
#5921 = AXIS2_PLACEMENT_3D('',#5922,#5923,#5924);
#5922 = CARTESIAN_POINT('',(130.955892,-53.499124,0.));
#5923 = DIRECTION('',(-0.,0.,-1.));
#5924 = DIRECTION('',(-0.,-1.,0.));
#5925 = FACE_BOUND('',#5926,.F.);
#5926 = EDGE_LOOP('',(#5927));
#5927 = ORIENTED_EDGE('',*,*,#5928,.T.);
#5928 = EDGE_CURVE('',#5929,#5929,#5931,.T.);
#5929 = VERTEX_POINT('',#5930);
#5930 = CARTESIAN_POINT('',(133.598099,-55.857333,0.));
#5931 = CIRCLE('',#5932,0.2);
#5932 = AXIS2_PLACEMENT_3D('',#5933,#5934,#5935);
#5933 = CARTESIAN_POINT('',(133.598099,-55.657333,0.));
#5934 = DIRECTION('',(-0.,0.,-1.));
#5935 = DIRECTION('',(-0.,-1.,0.));
#5936 = FACE_BOUND('',#5937,.F.);
#5937 = EDGE_LOOP('',(#5938));
#5938 = ORIENTED_EDGE('',*,*,#5939,.T.);
#5939 = EDGE_CURVE('',#5940,#5940,#5942,.T.);
#5940 = VERTEX_POINT('',#5941);
#5941 = CARTESIAN_POINT('',(133.702719,-53.660325,0.));
#5942 = CIRCLE('',#5943,0.2);
#5943 = AXIS2_PLACEMENT_3D('',#5944,#5945,#5946);
#5944 = CARTESIAN_POINT('',(133.702719,-53.460325,0.));
#5945 = DIRECTION('',(-0.,0.,-1.));
#5946 = DIRECTION('',(-0.,-1.,0.));
#5947 = FACE_BOUND('',#5948,.F.);
#5948 = EDGE_LOOP('',(#5949));
#5949 = ORIENTED_EDGE('',*,*,#5950,.T.);
#5950 = EDGE_CURVE('',#5951,#5951,#5953,.T.);
#5951 = VERTEX_POINT('',#5952);
#5952 = CARTESIAN_POINT('',(137.,-53.7,0.));
#5953 = CIRCLE('',#5954,0.2);
#5954 = AXIS2_PLACEMENT_3D('',#5955,#5956,#5957);
#5955 = CARTESIAN_POINT('',(137.,-53.5,0.));
#5956 = DIRECTION('',(-0.,0.,-1.));
#5957 = DIRECTION('',(-0.,-1.,0.));
#5958 = FACE_BOUND('',#5959,.F.);
#5959 = EDGE_LOOP('',(#5960));
#5960 = ORIENTED_EDGE('',*,*,#5961,.T.);
#5961 = EDGE_CURVE('',#5962,#5962,#5964,.T.);
#5962 = VERTEX_POINT('',#5963);
#5963 = CARTESIAN_POINT('',(141.055381,-60.627625,0.));
#5964 = CIRCLE('',#5965,0.15);
#5965 = AXIS2_PLACEMENT_3D('',#5966,#5967,#5968);
#5966 = CARTESIAN_POINT('',(141.055381,-60.477625,0.));
#5967 = DIRECTION('',(-0.,0.,-1.));
#5968 = DIRECTION('',(-0.,-1.,0.));
#5969 = FACE_BOUND('',#5970,.F.);
#5970 = EDGE_LOOP('',(#5971));
#5971 = ORIENTED_EDGE('',*,*,#5972,.T.);
#5972 = EDGE_CURVE('',#5973,#5973,#5975,.T.);
#5973 = VERTEX_POINT('',#5974);
#5974 = CARTESIAN_POINT('',(140.65,-58.1,0.));
#5975 = CIRCLE('',#5976,1.1);
#5976 = AXIS2_PLACEMENT_3D('',#5977,#5978,#5979);
#5977 = CARTESIAN_POINT('',(140.65,-57.,0.));
#5978 = DIRECTION('',(-0.,0.,-1.));
#5979 = DIRECTION('',(-0.,-1.,0.));
#5980 = FACE_BOUND('',#5981,.F.);
#5981 = EDGE_LOOP('',(#5982));
#5982 = ORIENTED_EDGE('',*,*,#5983,.T.);
#5983 = EDGE_CURVE('',#5984,#5984,#5986,.T.);
#5984 = VERTEX_POINT('',#5985);
#5985 = CARTESIAN_POINT('',(143.530929,-61.005325,0.));
#5986 = CIRCLE('',#5987,0.2);
#5987 = AXIS2_PLACEMENT_3D('',#5988,#5989,#5990);
#5988 = CARTESIAN_POINT('',(143.530929,-60.805325,0.));
#5989 = DIRECTION('',(-0.,0.,-1.));
#5990 = DIRECTION('',(-1.42108547152E-13,-1.,0.));
#5991 = FACE_BOUND('',#5992,.F.);
#5992 = EDGE_LOOP('',(#5993));
#5993 = ORIENTED_EDGE('',*,*,#5994,.T.);
#5994 = EDGE_CURVE('',#5995,#5995,#5997,.T.);
#5995 = VERTEX_POINT('',#5996);
#5996 = CARTESIAN_POINT('',(145.194508,-61.890208,0.));
#5997 = CIRCLE('',#5998,0.2);
#5998 = AXIS2_PLACEMENT_3D('',#5999,#6000,#6001);
#5999 = CARTESIAN_POINT('',(145.194508,-61.690208,0.));
#6000 = DIRECTION('',(-0.,0.,-1.));
#6001 = DIRECTION('',(1.42108547152E-13,-1.,-0.));
#6002 = FACE_BOUND('',#6003,.F.);
#6003 = EDGE_LOOP('',(#6004));
#6004 = ORIENTED_EDGE('',*,*,#6005,.T.);
#6005 = EDGE_CURVE('',#6006,#6006,#6008,.T.);
#6006 = VERTEX_POINT('',#6007);
#6007 = CARTESIAN_POINT('',(145.,-59.325,0.));
#6008 = CIRCLE('',#6009,0.325);
#6009 = AXIS2_PLACEMENT_3D('',#6010,#6011,#6012);
#6010 = CARTESIAN_POINT('',(145.,-59.,0.));
#6011 = DIRECTION('',(-0.,0.,-1.));
#6012 = DIRECTION('',(-0.,-1.,0.));
#6013 = FACE_BOUND('',#6014,.F.);
#6014 = EDGE_LOOP('',(#6015));
#6015 = ORIENTED_EDGE('',*,*,#6016,.T.);
#6016 = EDGE_CURVE('',#6017,#6017,#6019,.T.);
#6017 = VERTEX_POINT('',#6018);
#6018 = CARTESIAN_POINT('',(145.,-58.055,0.));
#6019 = CIRCLE('',#6020,0.325);
#6020 = AXIS2_PLACEMENT_3D('',#6021,#6022,#6023);
#6021 = CARTESIAN_POINT('',(145.,-57.73,0.));
#6022 = DIRECTION('',(-0.,0.,-1.));
#6023 = DIRECTION('',(-0.,-1.,0.));
#6024 = FACE_BOUND('',#6025,.F.);
#6025 = EDGE_LOOP('',(#6026));
#6026 = ORIENTED_EDGE('',*,*,#6027,.T.);
#6027 = EDGE_CURVE('',#6028,#6028,#6030,.T.);
#6028 = VERTEX_POINT('',#6029);
#6029 = CARTESIAN_POINT('',(139.208867,-54.213893,0.));
#6030 = CIRCLE('',#6031,0.2);
#6031 = AXIS2_PLACEMENT_3D('',#6032,#6033,#6034);
#6032 = CARTESIAN_POINT('',(139.208867,-54.013893,0.));
#6033 = DIRECTION('',(-0.,0.,-1.));
#6034 = DIRECTION('',(-0.,-1.,0.));
#6035 = FACE_BOUND('',#6036,.F.);
#6036 = EDGE_LOOP('',(#6037));
#6037 = ORIENTED_EDGE('',*,*,#6038,.T.);
#6038 = EDGE_CURVE('',#6039,#6039,#6041,.T.);
#6039 = VERTEX_POINT('',#6040);
#6040 = CARTESIAN_POINT('',(141.401812,-54.695884,0.));
#6041 = CIRCLE('',#6042,0.65);
#6042 = AXIS2_PLACEMENT_3D('',#6043,#6044,#6045);
#6043 = CARTESIAN_POINT('',(141.401812,-54.045884,0.));
#6044 = DIRECTION('',(-0.,0.,-1.));
#6045 = DIRECTION('',(-0.,-1.,0.));
#6046 = FACE_BOUND('',#6047,.F.);
#6047 = EDGE_LOOP('',(#6048));
#6048 = ORIENTED_EDGE('',*,*,#6049,.T.);
#6049 = EDGE_CURVE('',#6050,#6050,#6052,.T.);
#6050 = VERTEX_POINT('',#6051);
#6051 = CARTESIAN_POINT('',(143.699115,-55.19958,0.));
#6052 = CIRCLE('',#6053,0.2);
#6053 = AXIS2_PLACEMENT_3D('',#6054,#6055,#6056);
#6054 = CARTESIAN_POINT('',(143.699115,-54.99958,0.));
#6055 = DIRECTION('',(-0.,0.,-1.));
#6056 = DIRECTION('',(-0.,-1.,0.));
#6057 = FACE_BOUND('',#6058,.F.);
#6058 = EDGE_LOOP('',(#6059));
#6059 = ORIENTED_EDGE('',*,*,#6060,.T.);
#6060 = EDGE_CURVE('',#6061,#6061,#6063,.T.);
#6061 = VERTEX_POINT('',#6062);
#6062 = CARTESIAN_POINT('',(145.,-56.2,0.));
#6063 = CIRCLE('',#6064,0.2);
#6064 = AXIS2_PLACEMENT_3D('',#6065,#6066,#6067);
#6065 = CARTESIAN_POINT('',(145.,-56.,0.));
#6066 = DIRECTION('',(-0.,0.,-1.));
#6067 = DIRECTION('',(-0.,-1.,0.));
#6068 = FACE_BOUND('',#6069,.F.);
#6069 = EDGE_LOOP('',(#6070));
#6070 = ORIENTED_EDGE('',*,*,#6071,.T.);
#6071 = EDGE_CURVE('',#6072,#6072,#6074,.T.);
#6072 = VERTEX_POINT('',#6073);
#6073 = CARTESIAN_POINT('',(143.951812,-53.295884,0.));
#6074 = CIRCLE('',#6075,0.5);
#6075 = AXIS2_PLACEMENT_3D('',#6076,#6077,#6078);
#6076 = CARTESIAN_POINT('',(143.951812,-52.795884,0.));
#6077 = DIRECTION('',(-0.,0.,-1.));
#6078 = DIRECTION('',(-0.,-1.,0.));
#6079 = FACE_BOUND('',#6080,.F.);
#6080 = EDGE_LOOP('',(#6081));
#6081 = ORIENTED_EDGE('',*,*,#6082,.T.);
#6082 = EDGE_CURVE('',#6083,#6083,#6085,.T.);
#6083 = VERTEX_POINT('',#6084);
#6084 = CARTESIAN_POINT('',(145.75902,-54.2,0.));
#6085 = CIRCLE('',#6086,0.2);
#6086 = AXIS2_PLACEMENT_3D('',#6087,#6088,#6089);
#6087 = CARTESIAN_POINT('',(145.75902,-54.,0.));
#6088 = DIRECTION('',(-0.,0.,-1.));
#6089 = DIRECTION('',(-1.42108547152E-13,-1.,0.));
#6090 = FACE_BOUND('',#6091,.F.);
#6091 = EDGE_LOOP('',(#6092));
#6092 = ORIENTED_EDGE('',*,*,#6093,.T.);
#6093 = EDGE_CURVE('',#6094,#6094,#6096,.T.);
#6094 = VERTEX_POINT('',#6095);
#6095 = CARTESIAN_POINT('',(130.893745,-50.713892,0.));
#6096 = CIRCLE('',#6097,0.2);
#6097 = AXIS2_PLACEMENT_3D('',#6098,#6099,#6100);
#6098 = CARTESIAN_POINT('',(130.893745,-50.513892,0.));
#6099 = DIRECTION('',(-0.,0.,-1.));
#6100 = DIRECTION('',(-1.42108547152E-13,-1.,0.));
#6101 = FACE_BOUND('',#6102,.F.);
#6102 = EDGE_LOOP('',(#6103));
#6103 = ORIENTED_EDGE('',*,*,#6104,.T.);
#6104 = EDGE_CURVE('',#6105,#6105,#6107,.T.);
#6105 = VERTEX_POINT('',#6106);
#6106 = CARTESIAN_POINT('',(129.5,-47.015791,0.));
#6107 = CIRCLE('',#6108,0.2);
#6108 = AXIS2_PLACEMENT_3D('',#6109,#6110,#6111);
#6109 = CARTESIAN_POINT('',(129.5,-46.815791,0.));
#6110 = DIRECTION('',(-0.,0.,-1.));
#6111 = DIRECTION('',(-0.,-1.,0.));
#6112 = FACE_BOUND('',#6113,.F.);
#6113 = EDGE_LOOP('',(#6114));
#6114 = ORIENTED_EDGE('',*,*,#6115,.T.);
#6115 = EDGE_CURVE('',#6116,#6116,#6118,.T.);
#6116 = VERTEX_POINT('',#6117);
#6117 = CARTESIAN_POINT('',(132.647026,-49.051298,0.));
#6118 = CIRCLE('',#6119,0.2);
#6119 = AXIS2_PLACEMENT_3D('',#6120,#6121,#6122);
#6120 = CARTESIAN_POINT('',(132.647026,-48.851298,0.));
#6121 = DIRECTION('',(-0.,0.,-1.));
#6122 = DIRECTION('',(1.42108547152E-13,-1.,-0.));
#6123 = FACE_BOUND('',#6124,.F.);
#6124 = EDGE_LOOP('',(#6125));
#6125 = ORIENTED_EDGE('',*,*,#6126,.T.);
#6126 = EDGE_CURVE('',#6127,#6127,#6129,.T.);
#6127 = VERTEX_POINT('',#6128);
#6128 = CARTESIAN_POINT('',(133.723643,-51.421469,0.));
#6129 = CIRCLE('',#6130,0.2);
#6130 = AXIS2_PLACEMENT_3D('',#6131,#6132,#6133);
#6131 = CARTESIAN_POINT('',(133.723643,-51.221469,0.));
#6132 = DIRECTION('',(-0.,0.,-1.));
#6133 = DIRECTION('',(1.42108547152E-13,-1.,-0.));
#6134 = FACE_BOUND('',#6135,.F.);
#6135 = EDGE_LOOP('',(#6136));
#6136 = ORIENTED_EDGE('',*,*,#6137,.T.);
#6137 = EDGE_CURVE('',#6138,#6138,#6140,.T.);
#6138 = VERTEX_POINT('',#6139);
#6139 = CARTESIAN_POINT('',(134.652995,-49.206216,0.));
#6140 = CIRCLE('',#6141,0.2);
#6141 = AXIS2_PLACEMENT_3D('',#6142,#6143,#6144);
#6142 = CARTESIAN_POINT('',(134.652995,-49.006216,0.));
#6143 = DIRECTION('',(-0.,0.,-1.));
#6144 = DIRECTION('',(1.42108547152E-13,-1.,-0.));
#6145 = FACE_BOUND('',#6146,.F.);
#6146 = EDGE_LOOP('',(#6147));
#6147 = ORIENTED_EDGE('',*,*,#6148,.T.);
#6148 = EDGE_CURVE('',#6149,#6149,#6151,.T.);
#6149 = VERTEX_POINT('',#6150);
#6150 = CARTESIAN_POINT('',(131.808999,-46.058976,0.));
#6151 = CIRCLE('',#6152,0.2);
#6152 = AXIS2_PLACEMENT_3D('',#6153,#6154,#6155);
#6153 = CARTESIAN_POINT('',(131.808999,-45.858976,0.));
#6154 = DIRECTION('',(-0.,0.,-1.));
#6155 = DIRECTION('',(-0.,-1.,0.));
#6156 = FACE_BOUND('',#6157,.F.);
#6157 = EDGE_LOOP('',(#6158));
#6158 = ORIENTED_EDGE('',*,*,#6159,.T.);
#6159 = EDGE_CURVE('',#6160,#6160,#6162,.T.);
#6160 = VERTEX_POINT('',#6161);
#6161 = CARTESIAN_POINT('',(133.5,-46.15,0.));
#6162 = CIRCLE('',#6163,0.15);
#6163 = AXIS2_PLACEMENT_3D('',#6164,#6165,#6166);
#6164 = CARTESIAN_POINT('',(133.5,-46.,0.));
#6165 = DIRECTION('',(-0.,0.,-1.));
#6166 = DIRECTION('',(-0.,-1.,0.));
#6167 = FACE_BOUND('',#6168,.F.);
#6168 = EDGE_LOOP('',(#6169));
#6169 = ORIENTED_EDGE('',*,*,#6170,.T.);
#6170 = EDGE_CURVE('',#6171,#6171,#6173,.T.);
#6171 = VERTEX_POINT('',#6172);
#6172 = CARTESIAN_POINT('',(135.5,-43.2,0.));
#6173 = CIRCLE('',#6174,0.2);
#6174 = AXIS2_PLACEMENT_3D('',#6175,#6176,#6177);
#6175 = CARTESIAN_POINT('',(135.5,-43.,0.));
#6176 = DIRECTION('',(-0.,0.,-1.));
#6177 = DIRECTION('',(-0.,-1.,0.));
#6178 = FACE_BOUND('',#6179,.F.);
#6179 = EDGE_LOOP('',(#6180));
#6180 = ORIENTED_EDGE('',*,*,#6181,.T.);
#6181 = EDGE_CURVE('',#6182,#6182,#6184,.T.);
#6182 = VERTEX_POINT('',#6183);
#6183 = CARTESIAN_POINT('',(140.00864,-51.551588,0.));
#6184 = CIRCLE('',#6185,0.2);
#6185 = AXIS2_PLACEMENT_3D('',#6186,#6187,#6188);
#6186 = CARTESIAN_POINT('',(140.00864,-51.351588,0.));
#6187 = DIRECTION('',(-0.,0.,-1.));
#6188 = DIRECTION('',(-0.,-1.,0.));
#6189 = FACE_BOUND('',#6190,.F.);
#6190 = EDGE_LOOP('',(#6191));
#6191 = ORIENTED_EDGE('',*,*,#6192,.T.);
#6192 = EDGE_CURVE('',#6193,#6193,#6195,.T.);
#6193 = VERTEX_POINT('',#6194);
#6194 = CARTESIAN_POINT('',(139.18602,-48.00518,0.));
#6195 = CIRCLE('',#6196,0.2);
#6196 = AXIS2_PLACEMENT_3D('',#6197,#6198,#6199);
#6197 = CARTESIAN_POINT('',(139.18602,-47.80518,0.));
#6198 = DIRECTION('',(-0.,0.,-1.));
#6199 = DIRECTION('',(1.42108547152E-13,-1.,-0.));
#6200 = FACE_BOUND('',#6201,.F.);
#6201 = EDGE_LOOP('',(#6202));
#6202 = ORIENTED_EDGE('',*,*,#6203,.T.);
#6203 = EDGE_CURVE('',#6204,#6204,#6206,.T.);
#6204 = VERTEX_POINT('',#6205);
#6205 = CARTESIAN_POINT('',(137.751484,-46.929271,0.));
#6206 = CIRCLE('',#6207,0.2);
#6207 = AXIS2_PLACEMENT_3D('',#6208,#6209,#6210);
#6208 = CARTESIAN_POINT('',(137.751484,-46.729271,0.));
#6209 = DIRECTION('',(-0.,0.,-1.));
#6210 = DIRECTION('',(-0.,-1.,0.));
#6211 = FACE_BOUND('',#6212,.F.);
#6212 = EDGE_LOOP('',(#6213));
#6213 = ORIENTED_EDGE('',*,*,#6214,.T.);
#6214 = EDGE_CURVE('',#6215,#6215,#6217,.T.);
#6215 = VERTEX_POINT('',#6216);
#6216 = CARTESIAN_POINT('',(141.401812,-47.695884,0.));
#6217 = CIRCLE('',#6218,0.65);
#6218 = AXIS2_PLACEMENT_3D('',#6219,#6220,#6221);
#6219 = CARTESIAN_POINT('',(141.401812,-47.045884,0.));
#6220 = DIRECTION('',(-0.,0.,-1.));
#6221 = DIRECTION('',(-0.,-1.,0.));
#6222 = FACE_BOUND('',#6223,.F.);
#6223 = EDGE_LOOP('',(#6224));
#6224 = ORIENTED_EDGE('',*,*,#6225,.T.);
#6225 = EDGE_CURVE('',#6226,#6226,#6228,.T.);
#6226 = VERTEX_POINT('',#6227);
#6227 = CARTESIAN_POINT('',(142.02622,-49.359674,0.));
#6228 = CIRCLE('',#6229,0.2);
#6229 = AXIS2_PLACEMENT_3D('',#6230,#6231,#6232);
#6230 = CARTESIAN_POINT('',(142.02622,-49.159674,0.));
#6231 = DIRECTION('',(-0.,0.,-1.));
#6232 = DIRECTION('',(-1.42108547152E-13,-1.,0.));
#6233 = FACE_BOUND('',#6234,.F.);
#6234 = EDGE_LOOP('',(#6235));
#6235 = ORIENTED_EDGE('',*,*,#6236,.T.);
#6236 = EDGE_CURVE('',#6237,#6237,#6239,.T.);
#6237 = VERTEX_POINT('',#6238);
#6238 = CARTESIAN_POINT('',(143.403776,-50.551074,0.));
#6239 = CIRCLE('',#6240,0.2);
#6240 = AXIS2_PLACEMENT_3D('',#6241,#6242,#6243);
#6241 = CARTESIAN_POINT('',(143.403776,-50.351074,0.));
#6242 = DIRECTION('',(-0.,0.,-1.));
#6243 = DIRECTION('',(-0.,-1.,0.));
#6244 = FACE_BOUND('',#6245,.F.);
#6245 = EDGE_LOOP('',(#6246));
#6246 = ORIENTED_EDGE('',*,*,#6247,.T.);
#6247 = EDGE_CURVE('',#6248,#6248,#6250,.T.);
#6248 = VERTEX_POINT('',#6249);
#6249 = CARTESIAN_POINT('',(143.951812,-48.795884,0.));
#6250 = CIRCLE('',#6251,0.5);
#6251 = AXIS2_PLACEMENT_3D('',#6252,#6253,#6254);
#6252 = CARTESIAN_POINT('',(143.951812,-48.295884,0.));
#6253 = DIRECTION('',(-0.,0.,-1.));
#6254 = DIRECTION('',(-0.,-1.,0.));
#6255 = FACE_BOUND('',#6256,.F.);
#6256 = EDGE_LOOP('',(#6257));
#6257 = ORIENTED_EDGE('',*,*,#6258,.T.);
#6258 = EDGE_CURVE('',#6259,#6259,#6261,.T.);
#6259 = VERTEX_POINT('',#6260);
#6260 = CARTESIAN_POINT('',(143.5,-46.65,0.));
#6261 = CIRCLE('',#6262,0.15);
#6262 = AXIS2_PLACEMENT_3D('',#6263,#6264,#6265);
#6263 = CARTESIAN_POINT('',(143.5,-46.5,0.));
#6264 = DIRECTION('',(-0.,0.,-1.));
#6265 = DIRECTION('',(-0.,-1.,0.));
#6266 = FACE_BOUND('',#6267,.F.);
#6267 = EDGE_LOOP('',(#6268));
#6268 = ORIENTED_EDGE('',*,*,#6269,.T.);
#6269 = EDGE_CURVE('',#6270,#6270,#6272,.T.);
#6270 = VERTEX_POINT('',#6271);
#6271 = CARTESIAN_POINT('',(138.876998,-44.699086,0.));
#6272 = CIRCLE('',#6273,0.2);
#6273 = AXIS2_PLACEMENT_3D('',#6274,#6275,#6276);
#6274 = CARTESIAN_POINT('',(138.876998,-44.499086,0.));
#6275 = DIRECTION('',(-0.,0.,-1.));
#6276 = DIRECTION('',(-1.42108547152E-13,-1.,0.));
#6277 = FACE_BOUND('',#6278,.F.);
#6278 = EDGE_LOOP('',(#6279));
#6279 = ORIENTED_EDGE('',*,*,#6280,.T.);
#6280 = EDGE_CURVE('',#6281,#6281,#6283,.T.);
#6281 = VERTEX_POINT('',#6282);
#6282 = CARTESIAN_POINT('',(141.401812,-45.242942,0.));
#6283 = CIRCLE('',#6284,0.65);
#6284 = AXIS2_PLACEMENT_3D('',#6285,#6286,#6287);
#6285 = CARTESIAN_POINT('',(141.401812,-44.592942,0.));
#6286 = DIRECTION('',(-0.,0.,-1.));
#6287 = DIRECTION('',(-0.,-1.,0.));
#6288 = FACE_BOUND('',#6289,.F.);
#6289 = EDGE_LOOP('',(#6290));
#6290 = ORIENTED_EDGE('',*,*,#6291,.T.);
#6291 = EDGE_CURVE('',#6292,#6292,#6294,.T.);
#6292 = VERTEX_POINT('',#6293);
#6293 = CARTESIAN_POINT('',(143.951812,-43.842942,0.));
#6294 = CIRCLE('',#6295,0.5);
#6295 = AXIS2_PLACEMENT_3D('',#6296,#6297,#6298);
#6296 = CARTESIAN_POINT('',(143.951812,-43.342942,0.));
#6297 = DIRECTION('',(-0.,0.,-1.));
#6298 = DIRECTION('',(-0.,-1.,0.));
#6299 = FACE_BOUND('',#6300,.F.);
#6300 = EDGE_LOOP('',(#6301));
#6301 = ORIENTED_EDGE('',*,*,#6302,.T.);
#6302 = EDGE_CURVE('',#6303,#6303,#6305,.T.);
#6303 = VERTEX_POINT('',#6304);
#6304 = CARTESIAN_POINT('',(145.881173,-43.561369,0.));
#6305 = CIRCLE('',#6306,0.2);
#6306 = AXIS2_PLACEMENT_3D('',#6307,#6308,#6309);
#6307 = CARTESIAN_POINT('',(145.881173,-43.361369,0.));
#6308 = DIRECTION('',(-0.,0.,-1.));
#6309 = DIRECTION('',(-0.,-1.,0.));
#6310 = FACE_BOUND('',#6311,.F.);
#6311 = EDGE_LOOP('',(#6312,#6323,#6331,#6340));
#6312 = ORIENTED_EDGE('',*,*,#6313,.T.);
#6313 = EDGE_CURVE('',#6314,#6316,#6318,.T.);
#6314 = VERTEX_POINT('',#6315);
#6315 = CARTESIAN_POINT('',(111.669939,-41.219752,0.));
#6316 = VERTEX_POINT('',#6317);
#6317 = CARTESIAN_POINT('',(111.669939,-40.619752,0.));
#6318 = CIRCLE('',#6319,0.3);
#6319 = AXIS2_PLACEMENT_3D('',#6320,#6321,#6322);
#6320 = CARTESIAN_POINT('',(111.669939,-40.919752,0.));
#6321 = DIRECTION('',(-0.,0.,-1.));
#6322 = DIRECTION('',(0.,1.,0.));
#6323 = ORIENTED_EDGE('',*,*,#6324,.T.);
#6324 = EDGE_CURVE('',#6316,#6325,#6327,.T.);
#6325 = VERTEX_POINT('',#6326);
#6326 = CARTESIAN_POINT('',(112.469939,-40.619752,0.));
#6327 = LINE('',#6328,#6329);
#6328 = CARTESIAN_POINT('',(56.2349695,-40.619752,0.));
#6329 = VECTOR('',#6330,1.);
#6330 = DIRECTION('',(1.,0.,-0.));
#6331 = ORIENTED_EDGE('',*,*,#6332,.T.);
#6332 = EDGE_CURVE('',#6325,#6333,#6335,.T.);
#6333 = VERTEX_POINT('',#6334);
#6334 = CARTESIAN_POINT('',(112.469939,-41.219752,0.));
#6335 = CIRCLE('',#6336,0.3);
#6336 = AXIS2_PLACEMENT_3D('',#6337,#6338,#6339);
#6337 = CARTESIAN_POINT('',(112.469939,-40.919752,0.));
#6338 = DIRECTION('',(-0.,0.,-1.));
#6339 = DIRECTION('',(4.736951571734E-14,-1.,-0.));
#6340 = ORIENTED_EDGE('',*,*,#6341,.T.);
#6341 = EDGE_CURVE('',#6333,#6314,#6342,.T.);
#6342 = LINE('',#6343,#6344);
#6343 = CARTESIAN_POINT('',(55.8349695,-41.219752,0.));
#6344 = VECTOR('',#6345,1.);
#6345 = DIRECTION('',(-1.,0.,0.));
#6346 = FACE_BOUND('',#6347,.F.);
#6347 = EDGE_LOOP('',(#6348));
#6348 = ORIENTED_EDGE('',*,*,#6349,.T.);
#6349 = EDGE_CURVE('',#6350,#6350,#6352,.T.);
#6350 = VERTEX_POINT('',#6351);
#6351 = CARTESIAN_POINT('',(114.294756,-39.966675,0.));
#6352 = CIRCLE('',#6353,0.2);
#6353 = AXIS2_PLACEMENT_3D('',#6354,#6355,#6356);
#6354 = CARTESIAN_POINT('',(114.294756,-39.766675,0.));
#6355 = DIRECTION('',(-0.,0.,-1.));
#6356 = DIRECTION('',(-0.,-1.,0.));
#6357 = FACE_BOUND('',#6358,.F.);
#6358 = EDGE_LOOP('',(#6359));
#6359 = ORIENTED_EDGE('',*,*,#6360,.T.);
#6360 = EDGE_CURVE('',#6361,#6361,#6363,.T.);
#6361 = VERTEX_POINT('',#6362);
#6362 = CARTESIAN_POINT('',(112.5,-38.2,0.));
#6363 = CIRCLE('',#6364,0.2);
#6364 = AXIS2_PLACEMENT_3D('',#6365,#6366,#6367);
#6365 = CARTESIAN_POINT('',(112.5,-38.,0.));
#6366 = DIRECTION('',(-0.,0.,-1.));
#6367 = DIRECTION('',(-0.,-1.,0.));
#6368 = FACE_BOUND('',#6369,.F.);
#6369 = EDGE_LOOP('',(#6370));
#6370 = ORIENTED_EDGE('',*,*,#6371,.T.);
#6371 = EDGE_CURVE('',#6372,#6372,#6374,.T.);
#6372 = VERTEX_POINT('',#6373);
#6373 = CARTESIAN_POINT('',(114.5,-38.2,0.));
#6374 = CIRCLE('',#6375,0.2);
#6375 = AXIS2_PLACEMENT_3D('',#6376,#6377,#6378);
#6376 = CARTESIAN_POINT('',(114.5,-38.,0.));
#6377 = DIRECTION('',(-0.,0.,-1.));
#6378 = DIRECTION('',(-0.,-1.,0.));
#6379 = FACE_BOUND('',#6380,.F.);
#6380 = EDGE_LOOP('',(#6381,#6392,#6400,#6409));
#6381 = ORIENTED_EDGE('',*,*,#6382,.T.);
#6382 = EDGE_CURVE('',#6383,#6385,#6387,.T.);
#6383 = VERTEX_POINT('',#6384);
#6384 = CARTESIAN_POINT('',(115.689939,-41.219752,0.));
#6385 = VERTEX_POINT('',#6386);
#6386 = CARTESIAN_POINT('',(115.689939,-40.619752,0.));
#6387 = CIRCLE('',#6388,0.3);
#6388 = AXIS2_PLACEMENT_3D('',#6389,#6390,#6391);
#6389 = CARTESIAN_POINT('',(115.689939,-40.919752,0.));
#6390 = DIRECTION('',(-0.,0.,-1.));
#6391 = DIRECTION('',(-4.736951571734E-14,1.,0.));
#6392 = ORIENTED_EDGE('',*,*,#6393,.T.);
#6393 = EDGE_CURVE('',#6385,#6394,#6396,.T.);
#6394 = VERTEX_POINT('',#6395);
#6395 = CARTESIAN_POINT('',(116.789939,-40.619752,0.));
#6396 = LINE('',#6397,#6398);
#6397 = CARTESIAN_POINT('',(58.3949695,-40.619752,0.));
#6398 = VECTOR('',#6399,1.);
#6399 = DIRECTION('',(1.,0.,-0.));
#6400 = ORIENTED_EDGE('',*,*,#6401,.T.);
#6401 = EDGE_CURVE('',#6394,#6402,#6404,.T.);
#6402 = VERTEX_POINT('',#6403);
#6403 = CARTESIAN_POINT('',(116.789939,-41.219752,0.));
#6404 = CIRCLE('',#6405,0.3);
#6405 = AXIS2_PLACEMENT_3D('',#6406,#6407,#6408);
#6406 = CARTESIAN_POINT('',(116.789939,-40.919752,0.));
#6407 = DIRECTION('',(-0.,0.,-1.));
#6408 = DIRECTION('',(-0.,-1.,0.));
#6409 = ORIENTED_EDGE('',*,*,#6410,.T.);
#6410 = EDGE_CURVE('',#6402,#6383,#6411,.T.);
#6411 = LINE('',#6412,#6413);
#6412 = CARTESIAN_POINT('',(57.8449695,-41.219752,0.));
#6413 = VECTOR('',#6414,1.);
#6414 = DIRECTION('',(-1.,0.,0.));
#6415 = FACE_BOUND('',#6416,.F.);
#6416 = EDGE_LOOP('',(#6417));
#6417 = ORIENTED_EDGE('',*,*,#6418,.T.);
#6418 = EDGE_CURVE('',#6419,#6419,#6421,.T.);
#6419 = VERTEX_POINT('',#6420);
#6420 = CARTESIAN_POINT('',(115.749939,-39.784752,0.));
#6421 = CIRCLE('',#6422,0.3);
#6422 = AXIS2_PLACEMENT_3D('',#6423,#6424,#6425);
#6423 = CARTESIAN_POINT('',(115.749939,-39.484752,0.));
#6424 = DIRECTION('',(-0.,0.,-1.));
#6425 = DIRECTION('',(-0.,-1.,0.));
#6426 = FACE_BOUND('',#6427,.F.);
#6427 = EDGE_LOOP('',(#6428));
#6428 = ORIENTED_EDGE('',*,*,#6429,.T.);
#6429 = EDGE_CURVE('',#6430,#6430,#6432,.T.);
#6430 = VERTEX_POINT('',#6431);
#6431 = CARTESIAN_POINT('',(116.816747,-39.975242,0.));
#6432 = CIRCLE('',#6433,0.15);
#6433 = AXIS2_PLACEMENT_3D('',#6434,#6435,#6436);
#6434 = CARTESIAN_POINT('',(116.816747,-39.825242,0.));
#6435 = DIRECTION('',(-0.,0.,-1.));
#6436 = DIRECTION('',(9.473903143467E-14,-1.,-0.));
#6437 = FACE_BOUND('',#6438,.F.);
#6438 = EDGE_LOOP('',(#6439));
#6439 = ORIENTED_EDGE('',*,*,#6440,.T.);
#6440 = EDGE_CURVE('',#6441,#6441,#6443,.T.);
#6441 = VERTEX_POINT('',#6442);
#6442 = CARTESIAN_POINT('',(119.,-39.65,0.));
#6443 = CIRCLE('',#6444,0.15);
#6444 = AXIS2_PLACEMENT_3D('',#6445,#6446,#6447);
#6445 = CARTESIAN_POINT('',(119.,-39.5,0.));
#6446 = DIRECTION('',(-0.,0.,-1.));
#6447 = DIRECTION('',(-0.,-1.,0.));
#6448 = FACE_BOUND('',#6449,.F.);
#6449 = EDGE_LOOP('',(#6450));
#6450 = ORIENTED_EDGE('',*,*,#6451,.T.);
#6451 = EDGE_CURVE('',#6452,#6452,#6454,.T.);
#6452 = VERTEX_POINT('',#6453);
#6453 = CARTESIAN_POINT('',(118.524655,-37.468916,0.));
#6454 = CIRCLE('',#6455,0.15);
#6455 = AXIS2_PLACEMENT_3D('',#6456,#6457,#6458);
#6456 = CARTESIAN_POINT('',(118.524655,-37.318916,0.));
#6457 = DIRECTION('',(-0.,0.,-1.));
#6458 = DIRECTION('',(-0.,-1.,0.));
#6459 = FACE_BOUND('',#6460,.F.);
#6460 = EDGE_LOOP('',(#6461));
#6461 = ORIENTED_EDGE('',*,*,#6462,.T.);
#6462 = EDGE_CURVE('',#6463,#6463,#6465,.T.);
#6463 = VERTEX_POINT('',#6464);
#6464 = CARTESIAN_POINT('',(118.52583,-36.280045,0.));
#6465 = CIRCLE('',#6466,0.15);
#6466 = AXIS2_PLACEMENT_3D('',#6467,#6468,#6469);
#6467 = CARTESIAN_POINT('',(118.52583,-36.130045,0.));
#6468 = DIRECTION('',(-0.,0.,-1.));
#6469 = DIRECTION('',(-0.,-1.,0.));
#6470 = FACE_BOUND('',#6471,.F.);
#6471 = EDGE_LOOP('',(#6472));
#6472 = ORIENTED_EDGE('',*,*,#6473,.T.);
#6473 = EDGE_CURVE('',#6474,#6474,#6476,.T.);
#6474 = VERTEX_POINT('',#6475);
#6475 = CARTESIAN_POINT('',(111.642958,-33.946687,0.));
#6476 = CIRCLE('',#6477,0.2);
#6477 = AXIS2_PLACEMENT_3D('',#6478,#6479,#6480);
#6478 = CARTESIAN_POINT('',(111.642958,-33.746687,0.));
#6479 = DIRECTION('',(-0.,0.,-1.));
#6480 = DIRECTION('',(-0.,-1.,0.));
#6481 = FACE_BOUND('',#6482,.F.);
#6482 = EDGE_LOOP('',(#6483,#6494,#6502,#6511));
#6483 = ORIENTED_EDGE('',*,*,#6484,.T.);
#6484 = EDGE_CURVE('',#6485,#6487,#6489,.T.);
#6485 = VERTEX_POINT('',#6486);
#6486 = CARTESIAN_POINT('',(111.669939,-32.569752,0.));
#6487 = VERTEX_POINT('',#6488);
#6488 = CARTESIAN_POINT('',(111.669939,-31.969752,0.));
#6489 = CIRCLE('',#6490,0.3);
#6490 = AXIS2_PLACEMENT_3D('',#6491,#6492,#6493);
#6491 = CARTESIAN_POINT('',(111.669939,-32.269752,0.));
#6492 = DIRECTION('',(-0.,0.,-1.));
#6493 = DIRECTION('',(0.,1.,0.));
#6494 = ORIENTED_EDGE('',*,*,#6495,.T.);
#6495 = EDGE_CURVE('',#6487,#6496,#6498,.T.);
#6496 = VERTEX_POINT('',#6497);
#6497 = CARTESIAN_POINT('',(112.469939,-31.969752,0.));
#6498 = LINE('',#6499,#6500);
#6499 = CARTESIAN_POINT('',(56.2349695,-31.969752,0.));
#6500 = VECTOR('',#6501,1.);
#6501 = DIRECTION('',(1.,0.,-0.));
#6502 = ORIENTED_EDGE('',*,*,#6503,.T.);
#6503 = EDGE_CURVE('',#6496,#6504,#6506,.T.);
#6504 = VERTEX_POINT('',#6505);
#6505 = CARTESIAN_POINT('',(112.469939,-32.569752,0.));
#6506 = CIRCLE('',#6507,0.3);
#6507 = AXIS2_PLACEMENT_3D('',#6508,#6509,#6510);
#6508 = CARTESIAN_POINT('',(112.469939,-32.269752,0.));
#6509 = DIRECTION('',(-0.,0.,-1.));
#6510 = DIRECTION('',(4.736951571734E-14,-1.,-0.));
#6511 = ORIENTED_EDGE('',*,*,#6512,.T.);
#6512 = EDGE_CURVE('',#6504,#6485,#6513,.T.);
#6513 = LINE('',#6514,#6515);
#6514 = CARTESIAN_POINT('',(55.8349695,-32.569752,0.));
#6515 = VECTOR('',#6516,1.);
#6516 = DIRECTION('',(-1.,0.,0.));
#6517 = FACE_BOUND('',#6518,.F.);
#6518 = EDGE_LOOP('',(#6519));
#6519 = ORIENTED_EDGE('',*,*,#6520,.T.);
#6520 = EDGE_CURVE('',#6521,#6521,#6523,.T.);
#6521 = VERTEX_POINT('',#6522);
#6522 = CARTESIAN_POINT('',(115.749939,-34.004752,0.));
#6523 = CIRCLE('',#6524,0.3);
#6524 = AXIS2_PLACEMENT_3D('',#6525,#6526,#6527);
#6525 = CARTESIAN_POINT('',(115.749939,-33.704752,0.));
#6526 = DIRECTION('',(-0.,0.,-1.));
#6527 = DIRECTION('',(-0.,-1.,0.));
#6528 = FACE_BOUND('',#6529,.F.);
#6529 = EDGE_LOOP('',(#6530));
#6530 = ORIENTED_EDGE('',*,*,#6531,.T.);
#6531 = EDGE_CURVE('',#6532,#6532,#6534,.T.);
#6532 = VERTEX_POINT('',#6533);
#6533 = CARTESIAN_POINT('',(116.835253,-34.34539,0.));
#6534 = CIRCLE('',#6535,0.15);
#6535 = AXIS2_PLACEMENT_3D('',#6536,#6537,#6538);
#6536 = CARTESIAN_POINT('',(116.835253,-34.19539,0.));
#6537 = DIRECTION('',(-0.,0.,-1.));
#6538 = DIRECTION('',(-0.,-1.,0.));
#6539 = FACE_BOUND('',#6540,.F.);
#6540 = EDGE_LOOP('',(#6541));
#6541 = ORIENTED_EDGE('',*,*,#6542,.T.);
#6542 = EDGE_CURVE('',#6543,#6543,#6545,.T.);
#6543 = VERTEX_POINT('',#6544);
#6544 = CARTESIAN_POINT('',(116.835604,-33.527821,0.));
#6545 = CIRCLE('',#6546,0.15);
#6546 = AXIS2_PLACEMENT_3D('',#6547,#6548,#6549);
#6547 = CARTESIAN_POINT('',(116.835604,-33.377821,0.));
#6548 = DIRECTION('',(-0.,0.,-1.));
#6549 = DIRECTION('',(9.473903143467E-14,-1.,-0.));
#6550 = FACE_BOUND('',#6551,.F.);
#6551 = EDGE_LOOP('',(#6552,#6563,#6571,#6580));
#6552 = ORIENTED_EDGE('',*,*,#6553,.T.);
#6553 = EDGE_CURVE('',#6554,#6556,#6558,.T.);
#6554 = VERTEX_POINT('',#6555);
#6555 = CARTESIAN_POINT('',(115.689939,-32.569752,0.));
#6556 = VERTEX_POINT('',#6557);
#6557 = CARTESIAN_POINT('',(115.689939,-31.969752,0.));
#6558 = CIRCLE('',#6559,0.3);
#6559 = AXIS2_PLACEMENT_3D('',#6560,#6561,#6562);
#6560 = CARTESIAN_POINT('',(115.689939,-32.269752,0.));
#6561 = DIRECTION('',(-0.,0.,-1.));
#6562 = DIRECTION('',(-4.736951571734E-14,1.,0.));
#6563 = ORIENTED_EDGE('',*,*,#6564,.T.);
#6564 = EDGE_CURVE('',#6556,#6565,#6567,.T.);
#6565 = VERTEX_POINT('',#6566);
#6566 = CARTESIAN_POINT('',(116.789939,-31.969752,0.));
#6567 = LINE('',#6568,#6569);
#6568 = CARTESIAN_POINT('',(58.3949695,-31.969752,0.));
#6569 = VECTOR('',#6570,1.);
#6570 = DIRECTION('',(1.,0.,-0.));
#6571 = ORIENTED_EDGE('',*,*,#6572,.T.);
#6572 = EDGE_CURVE('',#6565,#6573,#6575,.T.);
#6573 = VERTEX_POINT('',#6574);
#6574 = CARTESIAN_POINT('',(116.789939,-32.569752,0.));
#6575 = CIRCLE('',#6576,0.3);
#6576 = AXIS2_PLACEMENT_3D('',#6577,#6578,#6579);
#6577 = CARTESIAN_POINT('',(116.789939,-32.269752,0.));
#6578 = DIRECTION('',(-0.,0.,-1.));
#6579 = DIRECTION('',(-0.,-1.,0.));
#6580 = ORIENTED_EDGE('',*,*,#6581,.T.);
#6581 = EDGE_CURVE('',#6573,#6554,#6582,.T.);
#6582 = LINE('',#6583,#6584);
#6583 = CARTESIAN_POINT('',(57.8449695,-32.569752,0.));
#6584 = VECTOR('',#6585,1.);
#6585 = DIRECTION('',(-1.,0.,0.));
#6586 = FACE_BOUND('',#6587,.F.);
#6587 = EDGE_LOOP('',(#6588));
#6588 = ORIENTED_EDGE('',*,*,#6589,.T.);
#6589 = EDGE_CURVE('',#6590,#6590,#6592,.T.);
#6590 = VERTEX_POINT('',#6591);
#6591 = CARTESIAN_POINT('',(118.193565,-32.440218,0.));
#6592 = CIRCLE('',#6593,0.15);
#6593 = AXIS2_PLACEMENT_3D('',#6594,#6595,#6596);
#6594 = CARTESIAN_POINT('',(118.193565,-32.290218,0.));
#6595 = DIRECTION('',(-0.,0.,-1.));
#6596 = DIRECTION('',(-0.,-1.,0.));
#6597 = FACE_BOUND('',#6598,.F.);
#6598 = EDGE_LOOP('',(#6599));
#6599 = ORIENTED_EDGE('',*,*,#6600,.T.);
#6600 = EDGE_CURVE('',#6601,#6601,#6603,.T.);
#6601 = VERTEX_POINT('',#6602);
#6602 = CARTESIAN_POINT('',(128.133234,-40.632272,0.));
#6603 = CIRCLE('',#6604,0.2);
#6604 = AXIS2_PLACEMENT_3D('',#6605,#6606,#6607);
#6605 = CARTESIAN_POINT('',(128.133234,-40.432272,0.));
#6606 = DIRECTION('',(-0.,0.,-1.));
#6607 = DIRECTION('',(-1.42108547152E-13,-1.,0.));
#6608 = FACE_BOUND('',#6609,.F.);
#6609 = EDGE_LOOP('',(#6610));
#6610 = ORIENTED_EDGE('',*,*,#6611,.T.);
#6611 = EDGE_CURVE('',#6612,#6612,#6614,.T.);
#6612 = VERTEX_POINT('',#6613);
#6613 = CARTESIAN_POINT('',(127.144637,-36.3,0.));
#6614 = CIRCLE('',#6615,0.2);
#6615 = AXIS2_PLACEMENT_3D('',#6616,#6617,#6618);
#6616 = CARTESIAN_POINT('',(127.144637,-36.1,0.));
#6617 = DIRECTION('',(-0.,0.,-1.));
#6618 = DIRECTION('',(-0.,-1.,0.));
#6619 = FACE_BOUND('',#6620,.F.);
#6620 = EDGE_LOOP('',(#6621));
#6621 = ORIENTED_EDGE('',*,*,#6622,.T.);
#6622 = EDGE_CURVE('',#6623,#6623,#6625,.T.);
#6623 = VERTEX_POINT('',#6624);
#6624 = CARTESIAN_POINT('',(121.649212,-34.378249,0.));
#6625 = CIRCLE('',#6626,0.15);
#6626 = AXIS2_PLACEMENT_3D('',#6627,#6628,#6629);
#6627 = CARTESIAN_POINT('',(121.649212,-34.228249,0.));
#6628 = DIRECTION('',(-0.,0.,-1.));
#6629 = DIRECTION('',(-0.,-1.,0.));
#6630 = FACE_BOUND('',#6631,.F.);
#6631 = EDGE_LOOP('',(#6632));
#6632 = ORIENTED_EDGE('',*,*,#6633,.T.);
#6633 = EDGE_CURVE('',#6634,#6634,#6636,.T.);
#6634 = VERTEX_POINT('',#6635);
#6635 = CARTESIAN_POINT('',(123.971015,-31.850295,0.));
#6636 = CIRCLE('',#6637,0.2);
#6637 = AXIS2_PLACEMENT_3D('',#6638,#6639,#6640);
#6638 = CARTESIAN_POINT('',(123.971015,-31.650295,0.));
#6639 = DIRECTION('',(-0.,0.,-1.));
#6640 = DIRECTION('',(-0.,-1.,0.));
#6641 = FACE_BOUND('',#6642,.F.);
#6642 = EDGE_LOOP('',(#6643));
#6643 = ORIENTED_EDGE('',*,*,#6644,.T.);
#6644 = EDGE_CURVE('',#6645,#6645,#6647,.T.);
#6645 = VERTEX_POINT('',#6646);
#6646 = CARTESIAN_POINT('',(126.,-31.2,0.));
#6647 = CIRCLE('',#6648,0.2);
#6648 = AXIS2_PLACEMENT_3D('',#6649,#6650,#6651);
#6649 = CARTESIAN_POINT('',(126.,-31.,0.));
#6650 = DIRECTION('',(-0.,0.,-1.));
#6651 = DIRECTION('',(-0.,-1.,0.));
#6652 = FACE_BOUND('',#6653,.F.);
#6653 = EDGE_LOOP('',(#6654));
#6654 = ORIENTED_EDGE('',*,*,#6655,.T.);
#6655 = EDGE_CURVE('',#6656,#6656,#6658,.T.);
#6656 = VERTEX_POINT('',#6657);
#6657 = CARTESIAN_POINT('',(127.81692,-32.2,0.));
#6658 = CIRCLE('',#6659,0.2);
#6659 = AXIS2_PLACEMENT_3D('',#6660,#6661,#6662);
#6660 = CARTESIAN_POINT('',(127.81692,-32.,0.));
#6661 = DIRECTION('',(-0.,0.,-1.));
#6662 = DIRECTION('',(-0.,-1.,0.));
#6663 = FACE_BOUND('',#6664,.F.);
#6664 = EDGE_LOOP('',(#6665));
#6665 = ORIENTED_EDGE('',*,*,#6666,.T.);
#6666 = EDGE_CURVE('',#6667,#6667,#6669,.T.);
#6667 = VERTEX_POINT('',#6668);
#6668 = CARTESIAN_POINT('',(117.314335,-30.643356,0.));
#6669 = CIRCLE('',#6670,0.2);
#6670 = AXIS2_PLACEMENT_3D('',#6671,#6672,#6673);
#6671 = CARTESIAN_POINT('',(117.314335,-30.443356,0.));
#6672 = DIRECTION('',(-0.,0.,-1.));
#6673 = DIRECTION('',(-0.,-1.,0.));
#6674 = FACE_BOUND('',#6675,.F.);
#6675 = EDGE_LOOP('',(#6676));
#6676 = ORIENTED_EDGE('',*,*,#6677,.T.);
#6677 = EDGE_CURVE('',#6678,#6678,#6680,.T.);
#6678 = VERTEX_POINT('',#6679);
#6679 = CARTESIAN_POINT('',(117.338461,-28.592657,0.));
#6680 = CIRCLE('',#6681,0.2);
#6681 = AXIS2_PLACEMENT_3D('',#6682,#6683,#6684);
#6682 = CARTESIAN_POINT('',(117.338461,-28.392657,0.));
#6683 = DIRECTION('',(-0.,0.,-1.));
#6684 = DIRECTION('',(-0.,-1.,0.));
#6685 = FACE_BOUND('',#6686,.F.);
#6686 = EDGE_LOOP('',(#6687));
#6687 = ORIENTED_EDGE('',*,*,#6688,.T.);
#6688 = EDGE_CURVE('',#6689,#6689,#6691,.T.);
#6689 = VERTEX_POINT('',#6690);
#6690 = CARTESIAN_POINT('',(119.751048,-27.57937,0.));
#6691 = CIRCLE('',#6692,0.2);
#6692 = AXIS2_PLACEMENT_3D('',#6693,#6694,#6695);
#6693 = CARTESIAN_POINT('',(119.751048,-27.37937,0.));
#6694 = DIRECTION('',(-0.,0.,-1.));
#6695 = DIRECTION('',(-0.,-1.,0.));
#6696 = FACE_BOUND('',#6697,.F.);
#6697 = EDGE_LOOP('',(#6698));
#6698 = ORIENTED_EDGE('',*,*,#6699,.T.);
#6699 = EDGE_CURVE('',#6700,#6700,#6702,.T.);
#6700 = VERTEX_POINT('',#6701);
#6701 = CARTESIAN_POINT('',(111.355244,-21.330769,0.));
#6702 = CIRCLE('',#6703,0.2);
#6703 = AXIS2_PLACEMENT_3D('',#6704,#6705,#6706);
#6704 = CARTESIAN_POINT('',(111.355244,-21.130769,0.));
#6705 = DIRECTION('',(-0.,0.,-1.));
#6706 = DIRECTION('',(-0.,-1.,0.));
#6707 = FACE_BOUND('',#6708,.F.);
#6708 = EDGE_LOOP('',(#6709));
#6709 = ORIENTED_EDGE('',*,*,#6710,.T.);
#6710 = EDGE_CURVE('',#6711,#6711,#6713,.T.);
#6711 = VERTEX_POINT('',#6712);
#6712 = CARTESIAN_POINT('',(113.116433,-20.896503,0.));
#6713 = CIRCLE('',#6714,0.2);
#6714 = AXIS2_PLACEMENT_3D('',#6715,#6716,#6717);
#6715 = CARTESIAN_POINT('',(113.116433,-20.696503,0.));
#6716 = DIRECTION('',(-0.,0.,-1.));
#6717 = DIRECTION('',(-0.,-1.,0.));
#6718 = FACE_BOUND('',#6719,.F.);
#6719 = EDGE_LOOP('',(#6720));
#6720 = ORIENTED_EDGE('',*,*,#6721,.T.);
#6721 = EDGE_CURVE('',#6722,#6722,#6724,.T.);
#6722 = VERTEX_POINT('',#6723);
#6723 = CARTESIAN_POINT('',(116.35,-26.3,0.));
#6724 = CIRCLE('',#6725,1.1);
#6725 = AXIS2_PLACEMENT_3D('',#6726,#6727,#6728);
#6726 = CARTESIAN_POINT('',(116.35,-25.2,0.));
#6727 = DIRECTION('',(-0.,0.,-1.));
#6728 = DIRECTION('',(-0.,-1.,0.));
#6729 = FACE_BOUND('',#6730,.F.);
#6730 = EDGE_LOOP('',(#6731));
#6731 = ORIENTED_EDGE('',*,*,#6732,.T.);
#6732 = EDGE_CURVE('',#6733,#6733,#6735,.T.);
#6733 = VERTEX_POINT('',#6734);
#6734 = CARTESIAN_POINT('',(117.483216,-21.161888,0.));
#6735 = CIRCLE('',#6736,0.2);
#6736 = AXIS2_PLACEMENT_3D('',#6737,#6738,#6739);
#6737 = CARTESIAN_POINT('',(117.483216,-20.961888,0.));
#6738 = DIRECTION('',(-0.,0.,-1.));
#6739 = DIRECTION('',(-0.,-1.,0.));
#6740 = FACE_BOUND('',#6741,.F.);
#6741 = EDGE_LOOP('',(#6742));
#6742 = ORIENTED_EDGE('',*,*,#6743,.T.);
#6743 = EDGE_CURVE('',#6744,#6744,#6746,.T.);
#6744 = VERTEX_POINT('',#6745);
#6745 = CARTESIAN_POINT('',(120.134353,-30.002934,0.));
#6746 = CIRCLE('',#6747,0.15);
#6747 = AXIS2_PLACEMENT_3D('',#6748,#6749,#6750);
#6748 = CARTESIAN_POINT('',(120.134353,-29.852934,0.));
#6749 = DIRECTION('',(-0.,0.,-1.));
#6750 = DIRECTION('',(-0.,-1.,0.));
#6751 = FACE_BOUND('',#6752,.F.);
#6752 = EDGE_LOOP('',(#6753));
#6753 = ORIENTED_EDGE('',*,*,#6754,.T.);
#6754 = EDGE_CURVE('',#6755,#6755,#6757,.T.);
#6755 = VERTEX_POINT('',#6756);
#6756 = CARTESIAN_POINT('',(121.639847,-28.249347,0.));
#6757 = CIRCLE('',#6758,0.15);
#6758 = AXIS2_PLACEMENT_3D('',#6759,#6760,#6761);
#6759 = CARTESIAN_POINT('',(121.639847,-28.099347,0.));
#6760 = DIRECTION('',(-0.,0.,-1.));
#6761 = DIRECTION('',(-0.,-1.,0.));
#6762 = FACE_BOUND('',#6763,.F.);
#6763 = EDGE_LOOP('',(#6764));
#6764 = ORIENTED_EDGE('',*,*,#6765,.T.);
#6765 = EDGE_CURVE('',#6766,#6766,#6768,.T.);
#6766 = VERTEX_POINT('',#6767);
#6767 = CARTESIAN_POINT('',(124.021113,-29.971605,0.));
#6768 = CIRCLE('',#6769,0.2);
#6769 = AXIS2_PLACEMENT_3D('',#6770,#6771,#6772);
#6770 = CARTESIAN_POINT('',(124.021113,-29.771605,0.));
#6771 = DIRECTION('',(-0.,0.,-1.));
#6772 = DIRECTION('',(-0.,-1.,0.));
#6773 = FACE_BOUND('',#6774,.F.);
#6774 = EDGE_LOOP('',(#6775));
#6775 = ORIENTED_EDGE('',*,*,#6776,.T.);
#6776 = EDGE_CURVE('',#6777,#6777,#6779,.T.);
#6777 = VERTEX_POINT('',#6778);
#6778 = CARTESIAN_POINT('',(121.639847,-27.400271,0.));
#6779 = CIRCLE('',#6780,0.15);
#6780 = AXIS2_PLACEMENT_3D('',#6781,#6782,#6783);
#6781 = CARTESIAN_POINT('',(121.639847,-27.250271,0.));
#6782 = DIRECTION('',(-0.,0.,-1.));
#6783 = DIRECTION('',(-0.,-1.,0.));
#6784 = FACE_BOUND('',#6785,.F.);
#6785 = EDGE_LOOP('',(#6786));
#6786 = ORIENTED_EDGE('',*,*,#6787,.T.);
#6787 = EDGE_CURVE('',#6788,#6788,#6790,.T.);
#6788 = VERTEX_POINT('',#6789);
#6789 = CARTESIAN_POINT('',(124.021113,-28.042817,0.));
#6790 = CIRCLE('',#6791,0.2);
#6791 = AXIS2_PLACEMENT_3D('',#6792,#6793,#6794);
#6792 = CARTESIAN_POINT('',(124.021113,-27.842817,0.));
#6793 = DIRECTION('',(-0.,0.,-1.));
#6794 = DIRECTION('',(-0.,-1.,0.));
#6795 = FACE_BOUND('',#6796,.F.);
#6796 = EDGE_LOOP('',(#6797));
#6797 = ORIENTED_EDGE('',*,*,#6798,.T.);
#6798 = EDGE_CURVE('',#6799,#6799,#6801,.T.);
#6799 = VERTEX_POINT('',#6800);
#6800 = CARTESIAN_POINT('',(124.,-26.2,0.));
#6801 = CIRCLE('',#6802,0.2);
#6802 = AXIS2_PLACEMENT_3D('',#6803,#6804,#6805);
#6803 = CARTESIAN_POINT('',(124.,-26.,0.));
#6804 = DIRECTION('',(-0.,0.,-1.));
#6805 = DIRECTION('',(-0.,-1.,0.));
#6806 = FACE_BOUND('',#6807,.F.);
#6807 = EDGE_LOOP('',(#6808));
#6808 = ORIENTED_EDGE('',*,*,#6809,.T.);
#6809 = EDGE_CURVE('',#6810,#6810,#6812,.T.);
#6810 = VERTEX_POINT('',#6811);
#6811 = CARTESIAN_POINT('',(124.046162,-24.410684,0.));
#6812 = CIRCLE('',#6813,0.2);
#6813 = AXIS2_PLACEMENT_3D('',#6814,#6815,#6816);
#6814 = CARTESIAN_POINT('',(124.046162,-24.210684,0.));
#6815 = DIRECTION('',(-0.,0.,-1.));
#6816 = DIRECTION('',(-7.105427357601E-14,-1.,0.));
#6817 = FACE_BOUND('',#6818,.F.);
#6818 = EDGE_LOOP('',(#6819));
#6819 = ORIENTED_EDGE('',*,*,#6820,.T.);
#6820 = EDGE_CURVE('',#6821,#6821,#6823,.T.);
#6821 = VERTEX_POINT('',#6822);
#6822 = CARTESIAN_POINT('',(123.101115,-22.748704,0.));
#6823 = CIRCLE('',#6824,0.2);
#6824 = AXIS2_PLACEMENT_3D('',#6825,#6826,#6827);
#6825 = CARTESIAN_POINT('',(123.101115,-22.548704,0.));
#6826 = DIRECTION('',(-0.,0.,-1.));
#6827 = DIRECTION('',(-0.,-1.,0.));
#6828 = FACE_BOUND('',#6829,.F.);
#6829 = EDGE_LOOP('',(#6830));
#6830 = ORIENTED_EDGE('',*,*,#6831,.T.);
#6831 = EDGE_CURVE('',#6832,#6832,#6834,.T.);
#6832 = VERTEX_POINT('',#6833);
#6833 = CARTESIAN_POINT('',(123.541312,-21.596424,0.));
#6834 = CIRCLE('',#6835,0.2);
#6835 = AXIS2_PLACEMENT_3D('',#6836,#6837,#6838);
#6836 = CARTESIAN_POINT('',(123.541312,-21.396424,0.));
#6837 = DIRECTION('',(-0.,0.,-1.));
#6838 = DIRECTION('',(-0.,-1.,0.));
#6839 = FACE_BOUND('',#6840,.F.);
#6840 = EDGE_LOOP('',(#6841));
#6841 = ORIENTED_EDGE('',*,*,#6842,.T.);
#6842 = EDGE_CURVE('',#6843,#6843,#6845,.T.);
#6843 = VERTEX_POINT('',#6844);
#6844 = CARTESIAN_POINT('',(124.836008,-22.852279,0.));
#6845 = CIRCLE('',#6846,0.2);
#6846 = AXIS2_PLACEMENT_3D('',#6847,#6848,#6849);
#6847 = CARTESIAN_POINT('',(124.836008,-22.652279,0.));
#6848 = DIRECTION('',(-0.,0.,-1.));
#6849 = DIRECTION('',(7.105427357601E-14,-1.,-0.));
#6850 = FACE_BOUND('',#6851,.F.);
#6851 = EDGE_LOOP('',(#6852));
#6852 = ORIENTED_EDGE('',*,*,#6853,.T.);
#6853 = EDGE_CURVE('',#6854,#6854,#6856,.T.);
#6854 = VERTEX_POINT('',#6855);
#6855 = CARTESIAN_POINT('',(125.250311,-21.609371,0.));
#6856 = CIRCLE('',#6857,0.2);
#6857 = AXIS2_PLACEMENT_3D('',#6858,#6859,#6860);
#6858 = CARTESIAN_POINT('',(125.250311,-21.409371,0.));
#6859 = DIRECTION('',(-0.,0.,-1.));
#6860 = DIRECTION('',(-0.,-1.,0.));
#6861 = FACE_BOUND('',#6862,.F.);
#6862 = EDGE_LOOP('',(#6863));
#6863 = ORIENTED_EDGE('',*,*,#6864,.T.);
#6864 = EDGE_CURVE('',#6865,#6865,#6867,.T.);
#6865 = VERTEX_POINT('',#6866);
#6866 = CARTESIAN_POINT('',(126.726265,-22.852279,0.));
#6867 = CIRCLE('',#6868,0.2);
#6868 = AXIS2_PLACEMENT_3D('',#6869,#6870,#6871);
#6869 = CARTESIAN_POINT('',(126.726265,-22.652279,0.));
#6870 = DIRECTION('',(-0.,0.,-1.));
#6871 = DIRECTION('',(-0.,-1.,0.));
#6872 = FACE_BOUND('',#6873,.F.);
#6873 = EDGE_LOOP('',(#6874));
#6874 = ORIENTED_EDGE('',*,*,#6875,.T.);
#6875 = EDGE_CURVE('',#6876,#6876,#6878,.T.);
#6876 = VERTEX_POINT('',#6877);
#6877 = CARTESIAN_POINT('',(128.448212,-22.89112,0.));
#6878 = CIRCLE('',#6879,0.2);
#6879 = AXIS2_PLACEMENT_3D('',#6880,#6881,#6882);
#6880 = CARTESIAN_POINT('',(128.448212,-22.69112,0.));
#6881 = DIRECTION('',(-0.,0.,-1.));
#6882 = DIRECTION('',(-0.,-1.,0.));
#6883 = FACE_BOUND('',#6884,.F.);
#6884 = EDGE_LOOP('',(#6885));
#6885 = ORIENTED_EDGE('',*,*,#6886,.T.);
#6886 = EDGE_CURVE('',#6887,#6887,#6889,.T.);
#6887 = VERTEX_POINT('',#6888);
#6888 = CARTESIAN_POINT('',(126.946364,-21.583477,0.));
#6889 = CIRCLE('',#6890,0.2);
#6890 = AXIS2_PLACEMENT_3D('',#6891,#6892,#6893);
#6891 = CARTESIAN_POINT('',(126.946364,-21.383477,0.));
#6892 = DIRECTION('',(-0.,0.,-1.));
#6893 = DIRECTION('',(-0.,-1.,0.));
#6894 = FACE_BOUND('',#6895,.F.);
#6895 = EDGE_LOOP('',(#6896));
#6896 = ORIENTED_EDGE('',*,*,#6897,.T.);
#6897 = EDGE_CURVE('',#6898,#6898,#6900,.T.);
#6898 = VERTEX_POINT('',#6899);
#6899 = CARTESIAN_POINT('',(128.642416,-21.557583,0.));
#6900 = CIRCLE('',#6901,0.2);
#6901 = AXIS2_PLACEMENT_3D('',#6902,#6903,#6904);
#6902 = CARTESIAN_POINT('',(128.642416,-21.357583,0.));
#6903 = DIRECTION('',(-0.,0.,-1.));
#6904 = DIRECTION('',(-0.,-1.,0.));
#6905 = FACE_BOUND('',#6906,.F.);
#6906 = EDGE_LOOP('',(#6907));
#6907 = ORIENTED_EDGE('',*,*,#6908,.T.);
#6908 = EDGE_CURVE('',#6909,#6909,#6911,.T.);
#6909 = VERTEX_POINT('',#6910);
#6910 = CARTESIAN_POINT('',(131.,-38.7,0.));
#6911 = CIRCLE('',#6912,0.2);
#6912 = AXIS2_PLACEMENT_3D('',#6913,#6914,#6915);
#6913 = CARTESIAN_POINT('',(131.,-38.5,0.));
#6914 = DIRECTION('',(-0.,0.,-1.));
#6915 = DIRECTION('',(-0.,-1.,0.));
#6916 = FACE_BOUND('',#6917,.F.);
#6917 = EDGE_LOOP('',(#6918));
#6918 = ORIENTED_EDGE('',*,*,#6919,.T.);
#6919 = EDGE_CURVE('',#6920,#6920,#6922,.T.);
#6920 = VERTEX_POINT('',#6921);
#6921 = CARTESIAN_POINT('',(136.663391,-36.383518,0.));
#6922 = CIRCLE('',#6923,0.15);
#6923 = AXIS2_PLACEMENT_3D('',#6924,#6925,#6926);
#6924 = CARTESIAN_POINT('',(136.663391,-36.233518,0.));
#6925 = DIRECTION('',(-0.,0.,-1.));
#6926 = DIRECTION('',(-0.,-1.,0.));
#6927 = FACE_BOUND('',#6928,.F.);
#6928 = EDGE_LOOP('',(#6929));
#6929 = ORIENTED_EDGE('',*,*,#6930,.T.);
#6930 = EDGE_CURVE('',#6931,#6931,#6933,.T.);
#6931 = VERTEX_POINT('',#6932);
#6932 = CARTESIAN_POINT('',(128.662762,-34.408679,0.));
#6933 = CIRCLE('',#6934,0.15);
#6934 = AXIS2_PLACEMENT_3D('',#6935,#6936,#6937);
#6935 = CARTESIAN_POINT('',(128.662762,-34.258679,0.));
#6936 = DIRECTION('',(-0.,0.,-1.));
#6937 = DIRECTION('',(-0.,-1.,0.));
#6938 = FACE_BOUND('',#6939,.F.);
#6939 = EDGE_LOOP('',(#6940));
#6940 = ORIENTED_EDGE('',*,*,#6941,.T.);
#6941 = EDGE_CURVE('',#6942,#6942,#6944,.T.);
#6942 = VERTEX_POINT('',#6943);
#6943 = CARTESIAN_POINT('',(129.525851,-34.408679,0.));
#6944 = CIRCLE('',#6945,0.15);
#6945 = AXIS2_PLACEMENT_3D('',#6946,#6947,#6948);
#6946 = CARTESIAN_POINT('',(129.525851,-34.258679,0.));
#6947 = DIRECTION('',(-0.,0.,-1.));
#6948 = DIRECTION('',(-0.,-1.,0.));
#6949 = FACE_BOUND('',#6950,.F.);
#6950 = EDGE_LOOP('',(#6951));
#6951 = ORIENTED_EDGE('',*,*,#6952,.T.);
#6952 = EDGE_CURVE('',#6953,#6953,#6955,.T.);
#6953 = VERTEX_POINT('',#6954);
#6954 = CARTESIAN_POINT('',(129.982822,-32.902361,0.));
#6955 = CIRCLE('',#6956,0.2);
#6956 = AXIS2_PLACEMENT_3D('',#6957,#6958,#6959);
#6957 = CARTESIAN_POINT('',(129.982822,-32.702361,0.));
#6958 = DIRECTION('',(-0.,0.,-1.));
#6959 = DIRECTION('',(-0.,-1.,0.));
#6960 = FACE_BOUND('',#6961,.F.);
#6961 = EDGE_LOOP('',(#6962));
#6962 = ORIENTED_EDGE('',*,*,#6963,.T.);
#6963 = EDGE_CURVE('',#6964,#6964,#6966,.T.);
#6964 = VERTEX_POINT('',#6965);
#6965 = CARTESIAN_POINT('',(137.,-35.,0.));
#6966 = CIRCLE('',#6967,0.2);
#6967 = AXIS2_PLACEMENT_3D('',#6968,#6969,#6970);
#6968 = CARTESIAN_POINT('',(137.,-34.8,0.));
#6969 = DIRECTION('',(-0.,0.,-1.));
#6970 = DIRECTION('',(-0.,-1.,0.));
#6971 = FACE_BOUND('',#6972,.F.);
#6972 = EDGE_LOOP('',(#6973));
#6973 = ORIENTED_EDGE('',*,*,#6974,.T.);
#6974 = EDGE_CURVE('',#6975,#6975,#6977,.T.);
#6975 = VERTEX_POINT('',#6976);
#6976 = CARTESIAN_POINT('',(133.439611,-32.902361,0.));
#6977 = CIRCLE('',#6978,0.2);
#6978 = AXIS2_PLACEMENT_3D('',#6979,#6980,#6981);
#6979 = CARTESIAN_POINT('',(133.439611,-32.702361,0.));
#6980 = DIRECTION('',(-0.,0.,-1.));
#6981 = DIRECTION('',(-0.,-1.,0.));
#6982 = FACE_BOUND('',#6983,.F.);
#6983 = EDGE_LOOP('',(#6984));
#6984 = ORIENTED_EDGE('',*,*,#6985,.T.);
#6985 = EDGE_CURVE('',#6986,#6986,#6988,.T.);
#6986 = VERTEX_POINT('',#6987);
#6987 = CARTESIAN_POINT('',(135.679855,-33.343645,0.));
#6988 = CIRCLE('',#6989,0.15);
#6989 = AXIS2_PLACEMENT_3D('',#6990,#6991,#6992);
#6990 = CARTESIAN_POINT('',(135.679855,-33.193645,0.));
#6991 = DIRECTION('',(-0.,0.,-1.));
#6992 = DIRECTION('',(-0.,-1.,0.));
#6993 = FACE_BOUND('',#6994,.F.);
#6994 = EDGE_LOOP('',(#6995));
#6995 = ORIENTED_EDGE('',*,*,#6996,.T.);
#6996 = EDGE_CURVE('',#6997,#6997,#6999,.T.);
#6997 = VERTEX_POINT('',#6998);
#6998 = CARTESIAN_POINT('',(135.666516,-32.503267,0.));
#6999 = CIRCLE('',#7000,0.15);
#7000 = AXIS2_PLACEMENT_3D('',#7001,#7002,#7003);
#7001 = CARTESIAN_POINT('',(135.666516,-32.353267,0.));
#7002 = DIRECTION('',(-0.,0.,-1.));
#7003 = DIRECTION('',(-0.,-1.,0.));
#7004 = FACE_BOUND('',#7005,.F.);
#7005 = EDGE_LOOP('',(#7006));
#7006 = ORIENTED_EDGE('',*,*,#7007,.T.);
#7007 = EDGE_CURVE('',#7008,#7008,#7010,.T.);
#7008 = VERTEX_POINT('',#7009);
#7009 = CARTESIAN_POINT('',(141.401812,-38.242942,0.));
#7010 = CIRCLE('',#7011,0.65);
#7011 = AXIS2_PLACEMENT_3D('',#7012,#7013,#7014);
#7012 = CARTESIAN_POINT('',(141.401812,-37.592942,0.));
#7013 = DIRECTION('',(-0.,0.,-1.));
#7014 = DIRECTION('',(-0.,-1.,0.));
#7015 = FACE_BOUND('',#7016,.F.);
#7016 = EDGE_LOOP('',(#7017));
#7017 = ORIENTED_EDGE('',*,*,#7018,.T.);
#7018 = EDGE_CURVE('',#7019,#7019,#7021,.T.);
#7019 = VERTEX_POINT('',#7020);
#7020 = CARTESIAN_POINT('',(142.5,-39.65,0.));
#7021 = CIRCLE('',#7022,0.15);
#7022 = AXIS2_PLACEMENT_3D('',#7023,#7024,#7025);
#7023 = CARTESIAN_POINT('',(142.5,-39.5,0.));
#7024 = DIRECTION('',(-0.,0.,-1.));
#7025 = DIRECTION('',(-0.,-1.,0.));
#7026 = FACE_BOUND('',#7027,.F.);
#7027 = EDGE_LOOP('',(#7028));
#7028 = ORIENTED_EDGE('',*,*,#7029,.T.);
#7029 = EDGE_CURVE('',#7030,#7030,#7032,.T.);
#7030 = VERTEX_POINT('',#7031);
#7031 = CARTESIAN_POINT('',(143.951812,-39.342942,0.));
#7032 = CIRCLE('',#7033,0.5);
#7033 = AXIS2_PLACEMENT_3D('',#7034,#7035,#7036);
#7034 = CARTESIAN_POINT('',(143.951812,-38.842942,0.));
#7035 = DIRECTION('',(-0.,0.,-1.));
#7036 = DIRECTION('',(-0.,-1.,0.));
#7037 = FACE_BOUND('',#7038,.F.);
#7038 = EDGE_LOOP('',(#7039));
#7039 = ORIENTED_EDGE('',*,*,#7040,.T.);
#7040 = EDGE_CURVE('',#7041,#7041,#7043,.T.);
#7041 = VERTEX_POINT('',#7042);
#7042 = CARTESIAN_POINT('',(141.401812,-35.79,0.));
#7043 = CIRCLE('',#7044,0.65);
#7044 = AXIS2_PLACEMENT_3D('',#7045,#7046,#7047);
#7045 = CARTESIAN_POINT('',(141.401812,-35.14,0.));
#7046 = DIRECTION('',(-0.,0.,-1.));
#7047 = DIRECTION('',(-0.,-1.,0.));
#7048 = FACE_BOUND('',#7049,.F.);
#7049 = EDGE_LOOP('',(#7050));
#7050 = ORIENTED_EDGE('',*,*,#7051,.T.);
#7051 = EDGE_CURVE('',#7052,#7052,#7054,.T.);
#7052 = VERTEX_POINT('',#7053);
#7053 = CARTESIAN_POINT('',(141.499018,-32.534478,0.));
#7054 = CIRCLE('',#7055,0.2);
#7055 = AXIS2_PLACEMENT_3D('',#7056,#7057,#7058);
#7056 = CARTESIAN_POINT('',(141.499018,-32.334478,0.));
#7057 = DIRECTION('',(-0.,0.,-1.));
#7058 = DIRECTION('',(1.42108547152E-13,-1.,-0.));
#7059 = FACE_BOUND('',#7060,.F.);
#7060 = EDGE_LOOP('',(#7061));
#7061 = ORIENTED_EDGE('',*,*,#7062,.T.);
#7062 = EDGE_CURVE('',#7063,#7063,#7065,.T.);
#7063 = VERTEX_POINT('',#7064);
#7064 = CARTESIAN_POINT('',(140.364351,-31.546758,0.));
#7065 = CIRCLE('',#7066,0.2);
#7066 = AXIS2_PLACEMENT_3D('',#7067,#7068,#7069);
#7067 = CARTESIAN_POINT('',(140.364351,-31.346758,0.));
#7068 = DIRECTION('',(-0.,0.,-1.));
#7069 = DIRECTION('',(-0.,-1.,0.));
#7070 = FACE_BOUND('',#7071,.F.);
#7071 = EDGE_LOOP('',(#7072));
#7072 = ORIENTED_EDGE('',*,*,#7073,.T.);
#7073 = EDGE_CURVE('',#7074,#7074,#7076,.T.);
#7074 = VERTEX_POINT('',#7075);
#7075 = CARTESIAN_POINT('',(143.951812,-34.39,0.));
#7076 = CIRCLE('',#7077,0.5);
#7077 = AXIS2_PLACEMENT_3D('',#7078,#7079,#7080);
#7078 = CARTESIAN_POINT('',(143.951812,-33.89,0.));
#7079 = DIRECTION('',(-0.,0.,-1.));
#7080 = DIRECTION('',(-0.,-1.,0.));
#7081 = FACE_BOUND('',#7082,.F.);
#7082 = EDGE_LOOP('',(#7083));
#7083 = ORIENTED_EDGE('',*,*,#7084,.T.);
#7084 = EDGE_CURVE('',#7085,#7085,#7087,.T.);
#7085 = VERTEX_POINT('',#7086);
#7086 = CARTESIAN_POINT('',(145.881064,-33.787888,0.));
#7087 = CIRCLE('',#7088,0.2);
#7088 = AXIS2_PLACEMENT_3D('',#7089,#7090,#7091);
#7089 = CARTESIAN_POINT('',(145.881064,-33.587888,0.));
#7090 = DIRECTION('',(-0.,0.,-1.));
#7091 = DIRECTION('',(1.42108547152E-13,-1.,-0.));
#7092 = FACE_BOUND('',#7093,.F.);
#7093 = EDGE_LOOP('',(#7094));
#7094 = ORIENTED_EDGE('',*,*,#7095,.T.);
#7095 = EDGE_CURVE('',#7096,#7096,#7098,.T.);
#7096 = VERTEX_POINT('',#7097);
#7097 = CARTESIAN_POINT('',(145.938988,-32.250284,0.));
#7098 = CIRCLE('',#7099,0.2);
#7099 = AXIS2_PLACEMENT_3D('',#7100,#7101,#7102);
#7100 = CARTESIAN_POINT('',(145.938988,-32.050284,0.));
#7101 = DIRECTION('',(-0.,0.,-1.));
#7102 = DIRECTION('',(-0.,-1.,0.));
#7103 = FACE_BOUND('',#7104,.F.);
#7104 = EDGE_LOOP('',(#7105));
#7105 = ORIENTED_EDGE('',*,*,#7106,.T.);
#7106 = EDGE_CURVE('',#7107,#7107,#7109,.T.);
#7107 = VERTEX_POINT('',#7108);
#7108 = CARTESIAN_POINT('',(145.186433,-30.94795,0.));
#7109 = CIRCLE('',#7110,0.2);
#7110 = AXIS2_PLACEMENT_3D('',#7111,#7112,#7113);
#7111 = CARTESIAN_POINT('',(145.186433,-30.74795,0.));
#7112 = DIRECTION('',(-0.,0.,-1.));
#7113 = DIRECTION('',(-1.42108547152E-13,-1.,0.));
#7114 = FACE_BOUND('',#7115,.F.);
#7115 = EDGE_LOOP('',(#7116));
#7116 = ORIENTED_EDGE('',*,*,#7117,.T.);
#7117 = EDGE_CURVE('',#7118,#7118,#7120,.T.);
#7118 = VERTEX_POINT('',#7119);
#7119 = CARTESIAN_POINT('',(132.5,-30.2,0.));
#7120 = CIRCLE('',#7121,0.2);
#7121 = AXIS2_PLACEMENT_3D('',#7122,#7123,#7124);
#7122 = CARTESIAN_POINT('',(132.5,-30.,0.));
#7123 = DIRECTION('',(-0.,0.,-1.));
#7124 = DIRECTION('',(-0.,-1.,0.));
#7125 = FACE_BOUND('',#7126,.F.);
#7126 = EDGE_LOOP('',(#7127));
#7127 = ORIENTED_EDGE('',*,*,#7128,.T.);
#7128 = EDGE_CURVE('',#7129,#7129,#7131,.T.);
#7129 = VERTEX_POINT('',#7130);
#7130 = CARTESIAN_POINT('',(133.,-28.7,0.));
#7131 = CIRCLE('',#7132,0.2);
#7132 = AXIS2_PLACEMENT_3D('',#7133,#7134,#7135);
#7133 = CARTESIAN_POINT('',(133.,-28.5,0.));
#7134 = DIRECTION('',(-0.,0.,-1.));
#7135 = DIRECTION('',(-0.,-1.,0.));
#7136 = FACE_BOUND('',#7137,.F.);
#7137 = EDGE_LOOP('',(#7138));
#7138 = ORIENTED_EDGE('',*,*,#7139,.T.);
#7139 = EDGE_CURVE('',#7140,#7140,#7142,.T.);
#7140 = VERTEX_POINT('',#7141);
#7141 = CARTESIAN_POINT('',(133.,-27.2,0.));
#7142 = CIRCLE('',#7143,0.2);
#7143 = AXIS2_PLACEMENT_3D('',#7144,#7145,#7146);
#7144 = CARTESIAN_POINT('',(133.,-27.,0.));
#7145 = DIRECTION('',(-0.,0.,-1.));
#7146 = DIRECTION('',(-0.,-1.,0.));
#7147 = FACE_BOUND('',#7148,.F.);
#7148 = EDGE_LOOP('',(#7149));
#7149 = ORIENTED_EDGE('',*,*,#7150,.T.);
#7150 = EDGE_CURVE('',#7151,#7151,#7153,.T.);
#7151 = VERTEX_POINT('',#7152);
#7152 = CARTESIAN_POINT('',(133.,-25.7,0.));
#7153 = CIRCLE('',#7154,0.2);
#7154 = AXIS2_PLACEMENT_3D('',#7155,#7156,#7157);
#7155 = CARTESIAN_POINT('',(133.,-25.5,0.));
#7156 = DIRECTION('',(-0.,0.,-1.));
#7157 = DIRECTION('',(-0.,-1.,0.));
#7158 = FACE_BOUND('',#7159,.F.);
#7159 = EDGE_LOOP('',(#7160));
#7160 = ORIENTED_EDGE('',*,*,#7161,.T.);
#7161 = EDGE_CURVE('',#7162,#7162,#7164,.T.);
#7162 = VERTEX_POINT('',#7163);
#7163 = CARTESIAN_POINT('',(133.,-24.2,0.));
#7164 = CIRCLE('',#7165,0.2);
#7165 = AXIS2_PLACEMENT_3D('',#7166,#7167,#7168);
#7166 = CARTESIAN_POINT('',(133.,-24.,0.));
#7167 = DIRECTION('',(-0.,0.,-1.));
#7168 = DIRECTION('',(-0.,-1.,0.));
#7169 = FACE_BOUND('',#7170,.F.);
#7170 = EDGE_LOOP('',(#7171));
#7171 = ORIENTED_EDGE('',*,*,#7172,.T.);
#7172 = EDGE_CURVE('',#7173,#7173,#7175,.T.);
#7173 = VERTEX_POINT('',#7174);
#7174 = CARTESIAN_POINT('',(130.092476,-22.904067,0.));
#7175 = CIRCLE('',#7176,0.2);
#7176 = AXIS2_PLACEMENT_3D('',#7177,#7178,#7179);
#7177 = CARTESIAN_POINT('',(130.092476,-22.704067,0.));
#7178 = DIRECTION('',(-0.,0.,-1.));
#7179 = DIRECTION('',(1.42108547152E-13,-1.,-0.));
#7180 = FACE_BOUND('',#7181,.F.);
#7181 = EDGE_LOOP('',(#7182));
#7182 = ORIENTED_EDGE('',*,*,#7183,.T.);
#7183 = EDGE_CURVE('',#7184,#7184,#7186,.T.);
#7184 = VERTEX_POINT('',#7185);
#7185 = CARTESIAN_POINT('',(130.303413,-21.49189,0.));
#7186 = CIRCLE('',#7187,0.2);
#7187 = AXIS2_PLACEMENT_3D('',#7188,#7189,#7190);
#7188 = CARTESIAN_POINT('',(130.303413,-21.29189,0.));
#7189 = DIRECTION('',(-0.,0.,-1.));
#7190 = DIRECTION('',(1.42108547152E-13,-1.,-0.));
#7191 = FACE_BOUND('',#7192,.F.);
#7192 = EDGE_LOOP('',(#7193));
#7193 = ORIENTED_EDGE('',*,*,#7194,.T.);
#7194 = EDGE_CURVE('',#7195,#7195,#7197,.T.);
#7195 = VERTEX_POINT('',#7196);
#7196 = CARTESIAN_POINT('',(131.892104,-22.89112,0.));
#7197 = CIRCLE('',#7198,0.2);
#7198 = AXIS2_PLACEMENT_3D('',#7199,#7200,#7201);
#7199 = CARTESIAN_POINT('',(131.892104,-22.69112,0.));
#7200 = DIRECTION('',(-0.,0.,-1.));
#7201 = DIRECTION('',(-1.42108547152E-13,-1.,0.));
#7202 = FACE_BOUND('',#7203,.F.);
#7203 = EDGE_LOOP('',(#7204));
#7204 = ORIENTED_EDGE('',*,*,#7205,.T.);
#7205 = EDGE_CURVE('',#7206,#7206,#7208,.T.);
#7206 = VERTEX_POINT('',#7207);
#7207 = CARTESIAN_POINT('',(132.046089,-21.478688,0.));
#7208 = CIRCLE('',#7209,0.2);
#7209 = AXIS2_PLACEMENT_3D('',#7210,#7211,#7212);
#7210 = CARTESIAN_POINT('',(132.046089,-21.278688,0.));
#7211 = DIRECTION('',(-0.,0.,-1.));
#7212 = DIRECTION('',(-0.,-1.,0.));
#7213 = FACE_BOUND('',#7214,.F.);
#7214 = EDGE_LOOP('',(#7215));
#7215 = ORIENTED_EDGE('',*,*,#7216,.T.);
#7216 = EDGE_CURVE('',#7217,#7217,#7219,.T.);
#7217 = VERTEX_POINT('',#7218);
#7218 = CARTESIAN_POINT('',(134.,-23.2,0.));
#7219 = CIRCLE('',#7220,0.2);
#7220 = AXIS2_PLACEMENT_3D('',#7221,#7222,#7223);
#7221 = CARTESIAN_POINT('',(134.,-23.,0.));
#7222 = DIRECTION('',(-0.,0.,-1.));
#7223 = DIRECTION('',(-0.,-1.,0.));
#7224 = FACE_BOUND('',#7225,.F.);
#7225 = EDGE_LOOP('',(#7226));
#7226 = ORIENTED_EDGE('',*,*,#7227,.T.);
#7227 = EDGE_CURVE('',#7228,#7228,#7230,.T.);
#7228 = VERTEX_POINT('',#7229);
#7229 = CARTESIAN_POINT('',(133.74916,-21.478688,0.));
#7230 = CIRCLE('',#7231,0.2);
#7231 = AXIS2_PLACEMENT_3D('',#7232,#7233,#7234);
#7232 = CARTESIAN_POINT('',(133.74916,-21.278688,0.));
#7233 = DIRECTION('',(-0.,0.,-1.));
#7234 = DIRECTION('',(-1.42108547152E-13,-1.,0.));
#7235 = FACE_BOUND('',#7236,.F.);
#7236 = EDGE_LOOP('',(#7237));
#7237 = ORIENTED_EDGE('',*,*,#7238,.T.);
#7238 = EDGE_CURVE('',#7239,#7239,#7241,.T.);
#7239 = VERTEX_POINT('',#7240);
#7240 = CARTESIAN_POINT('',(137.260369,-20.586849,0.));
#7241 = CIRCLE('',#7242,0.2);
#7242 = AXIS2_PLACEMENT_3D('',#7243,#7244,#7245);
#7243 = CARTESIAN_POINT('',(137.260369,-20.386849,0.));
#7244 = DIRECTION('',(-0.,0.,-1.));
#7245 = DIRECTION('',(-0.,-1.,0.));
#7246 = FACE_BOUND('',#7247,.F.);
#7247 = EDGE_LOOP('',(#7248));
#7248 = ORIENTED_EDGE('',*,*,#7249,.T.);
#7249 = EDGE_CURVE('',#7250,#7250,#7252,.T.);
#7250 = VERTEX_POINT('',#7251);
#7251 = CARTESIAN_POINT('',(141.401812,-28.79,0.));
#7252 = CIRCLE('',#7253,0.65);
#7253 = AXIS2_PLACEMENT_3D('',#7254,#7255,#7256);
#7254 = CARTESIAN_POINT('',(141.401812,-28.14,0.));
#7255 = DIRECTION('',(-0.,0.,-1.));
#7256 = DIRECTION('',(-0.,-1.,0.));
#7257 = FACE_BOUND('',#7258,.F.);
#7258 = EDGE_LOOP('',(#7259));
#7259 = ORIENTED_EDGE('',*,*,#7260,.T.);
#7260 = EDGE_CURVE('',#7261,#7261,#7263,.T.);
#7261 = VERTEX_POINT('',#7262);
#7262 = CARTESIAN_POINT('',(143.951812,-29.89,0.));
#7263 = CIRCLE('',#7264,0.5);
#7264 = AXIS2_PLACEMENT_3D('',#7265,#7266,#7267);
#7265 = CARTESIAN_POINT('',(143.951812,-29.39,0.));
#7266 = DIRECTION('',(-0.,0.,-1.));
#7267 = DIRECTION('',(-0.,-1.,0.));
#7268 = FACE_BOUND('',#7269,.F.);
#7269 = EDGE_LOOP('',(#7270));
#7270 = ORIENTED_EDGE('',*,*,#7271,.T.);
#7271 = EDGE_CURVE('',#7272,#7272,#7274,.T.);
#7272 = VERTEX_POINT('',#7273);
#7273 = CARTESIAN_POINT('',(140.65,-26.3,0.));
#7274 = CIRCLE('',#7275,1.1);
#7275 = AXIS2_PLACEMENT_3D('',#7276,#7277,#7278);
#7276 = CARTESIAN_POINT('',(140.65,-25.2,0.));
#7277 = DIRECTION('',(-0.,0.,-1.));
#7278 = DIRECTION('',(-0.,-1.,0.));
#7279 = FACE_BOUND('',#7280,.F.);
#7280 = EDGE_LOOP('',(#7281));
#7281 = ORIENTED_EDGE('',*,*,#7282,.T.);
#7282 = EDGE_CURVE('',#7283,#7283,#7285,.T.);
#7283 = VERTEX_POINT('',#7284);
#7284 = CARTESIAN_POINT('',(137.85307,-22.305921,0.));
#7285 = CIRCLE('',#7286,0.2);
#7286 = AXIS2_PLACEMENT_3D('',#7287,#7288,#7289);
#7287 = CARTESIAN_POINT('',(137.85307,-22.105921,0.));
#7288 = DIRECTION('',(-0.,0.,-1.));
#7289 = DIRECTION('',(-0.,-1.,0.));
#7290 = FACE_BOUND('',#7291,.F.);
#7291 = EDGE_LOOP('',(#7292));
#7292 = ORIENTED_EDGE('',*,*,#7293,.T.);
#7293 = EDGE_CURVE('',#7294,#7294,#7296,.T.);
#7294 = VERTEX_POINT('',#7295);
#7295 = CARTESIAN_POINT('',(141.586795,-21.352629,0.));
#7296 = CIRCLE('',#7297,0.2);
#7297 = AXIS2_PLACEMENT_3D('',#7298,#7299,#7300);
#7298 = CARTESIAN_POINT('',(141.586795,-21.152629,0.));
#7299 = DIRECTION('',(-0.,0.,-1.));
#7300 = DIRECTION('',(-0.,-1.,0.));
#7301 = FACE_BOUND('',#7302,.F.);
#7302 = EDGE_LOOP('',(#7303));
#7303 = ORIENTED_EDGE('',*,*,#7304,.T.);
#7304 = EDGE_CURVE('',#7305,#7305,#7307,.T.);
#7305 = VERTEX_POINT('',#7306);
#7306 = CARTESIAN_POINT('',(143.378172,-20.887984,0.));
#7307 = CIRCLE('',#7308,0.2);
#7308 = AXIS2_PLACEMENT_3D('',#7309,#7310,#7311);
#7309 = CARTESIAN_POINT('',(143.378172,-20.687984,0.));
#7310 = DIRECTION('',(-0.,0.,-1.));
#7311 = DIRECTION('',(-0.,-1.,0.));
#7312 = FACE_BOUND('',#7313,.F.);
#7313 = EDGE_LOOP('',(#7314));
#7314 = ORIENTED_EDGE('',*,*,#7315,.T.);
#7315 = EDGE_CURVE('',#7316,#7316,#7318,.T.);
#7316 = VERTEX_POINT('',#7317);
#7317 = CARTESIAN_POINT('',(145.,-21.2,0.));
#7318 = CIRCLE('',#7319,0.2);
#7319 = AXIS2_PLACEMENT_3D('',#7320,#7321,#7322);
#7320 = CARTESIAN_POINT('',(145.,-21.,0.));
#7321 = DIRECTION('',(-0.,0.,-1.));
#7322 = DIRECTION('',(-0.,-1.,0.));
#7323 = PLANE('',#7324);
#7324 = AXIS2_PLACEMENT_3D('',#7325,#7326,#7327);
#7325 = CARTESIAN_POINT('',(0.,0.,0.));
#7326 = DIRECTION('',(0.,0.,1.));
#7327 = DIRECTION('',(1.,0.,-0.));
#7328 = ADVANCED_FACE('',(#7329,#7375,#7386,#7397,#7408,#7419,#7430,
    #7441,#7452,#7463,#7474,#7485,#7496,#7507,#7518,#7529,#7540,#7551,
    #7562,#7573,#7584,#7595,#7606,#7617,#7628,#7639,#7650,#7661,#7672,
    #7683,#7694,#7705,#7716,#7727,#7738,#7749,#7760,#7771,#7782,#7793,
    #7804,#7815,#7826,#7837,#7848,#7859,#7870,#7881,#7892,#7903,#7914,
    #7925,#7936,#7947,#7958,#7969,#7980,#7991,#8002,#8013,#8024,#8035,
    #8046,#8057,#8068,#8079,#8090,#8101,#8112,#8123,#8134,#8145,#8156,
    #8167,#8178,#8189,#8200,#8211,#8222,#8233,#8244,#8255,#8266,#8277,
    #8288,#8324,#8335,#8346,#8357,#8393,#8404,#8415,#8426,#8437,#8448,
    #8459,#8495,#8506,#8517,#8528,#8564,#8575,#8586,#8597,#8608,#8619,
    #8630,#8641,#8652,#8663,#8674,#8685,#8696,#8707,#8718,#8729,#8740,
    #8751,#8762,#8773,#8784,#8795,#8806,#8817,#8828,#8839,#8850,#8861,
    #8872,#8883,#8894,#8905,#8916,#8927,#8938,#8949,#8960,#8971,#8982,
    #8993,#9004,#9015,#9026,#9037,#9048,#9059,#9070,#9081,#9092,#9103,
    #9114,#9125,#9136,#9147,#9158,#9169,#9180,#9191,#9202,#9213,#9224,
    #9235,#9246,#9257,#9268,#9279,#9290),#9301,.T.);
#7329 = FACE_BOUND('',#7330,.T.);
#7330 = EDGE_LOOP('',(#7331,#7332,#7333,#7342,#7350,#7359,#7367,#7374));
#7331 = ORIENTED_EDGE('',*,*,#5260,.F.);
#7332 = ORIENTED_EDGE('',*,*,#5302,.F.);
#7333 = ORIENTED_EDGE('',*,*,#7334,.F.);
#7334 = EDGE_CURVE('',#7335,#5295,#7337,.T.);
#7335 = VERTEX_POINT('',#7336);
#7336 = CARTESIAN_POINT('',(110.,-22.5,1.51));
#7337 = CIRCLE('',#7338,3.000001172987);
#7338 = AXIS2_PLACEMENT_3D('',#7339,#7340,#7341);
#7339 = CARTESIAN_POINT('',(113.00000117298,-22.50000117298,1.51));
#7340 = DIRECTION('',(0.,0.,-1.));
#7341 = DIRECTION('',(-1.,3.909953639749E-07,0.));
#7342 = ORIENTED_EDGE('',*,*,#7343,.F.);
#7343 = EDGE_CURVE('',#7344,#7335,#7346,.T.);
#7344 = VERTEX_POINT('',#7345);
#7345 = CARTESIAN_POINT('',(110.,-60.5,1.51));
#7346 = LINE('',#7347,#7348);
#7347 = CARTESIAN_POINT('',(110.,-60.5,1.51));
#7348 = VECTOR('',#7349,1.);
#7349 = DIRECTION('',(0.,1.,0.));
#7350 = ORIENTED_EDGE('',*,*,#7351,.F.);
#7351 = EDGE_CURVE('',#7352,#7344,#7354,.T.);
#7352 = VERTEX_POINT('',#7353);
#7353 = CARTESIAN_POINT('',(113.,-63.5,1.51));
#7354 = CIRCLE('',#7355,3.000001172987);
#7355 = AXIS2_PLACEMENT_3D('',#7356,#7357,#7358);
#7356 = CARTESIAN_POINT('',(113.00000117298,-60.49999882701,1.51));
#7357 = DIRECTION('',(0.,0.,-1.));
#7358 = DIRECTION('',(-3.909953663434E-07,-1.,-0.));
#7359 = ORIENTED_EDGE('',*,*,#7360,.F.);
#7360 = EDGE_CURVE('',#7361,#7352,#7363,.T.);
#7361 = VERTEX_POINT('',#7362);
#7362 = CARTESIAN_POINT('',(144.,-63.5,1.51));
#7363 = LINE('',#7364,#7365);
#7364 = CARTESIAN_POINT('',(144.,-63.5,1.51));
#7365 = VECTOR('',#7366,1.);
#7366 = DIRECTION('',(-1.,0.,0.));
#7367 = ORIENTED_EDGE('',*,*,#7368,.F.);
#7368 = EDGE_CURVE('',#5325,#7361,#7369,.T.);
#7369 = CIRCLE('',#7370,3.000001172987);
#7370 = AXIS2_PLACEMENT_3D('',#7371,#7372,#7373);
#7371 = CARTESIAN_POINT('',(143.99999882701,-60.49999882701,1.51));
#7372 = DIRECTION('',(0.,0.,-1.));
#7373 = DIRECTION('',(1.,-3.909953663434E-07,0.));
#7374 = ORIENTED_EDGE('',*,*,#5324,.F.);
#7375 = FACE_BOUND('',#7376,.T.);
#7376 = EDGE_LOOP('',(#7377));
#7377 = ORIENTED_EDGE('',*,*,#7378,.T.);
#7378 = EDGE_CURVE('',#7379,#7379,#7381,.T.);
#7379 = VERTEX_POINT('',#7380);
#7380 = CARTESIAN_POINT('',(113.5,-62.2,1.51));
#7381 = CIRCLE('',#7382,0.2);
#7382 = AXIS2_PLACEMENT_3D('',#7383,#7384,#7385);
#7383 = CARTESIAN_POINT('',(113.5,-62.,1.51));
#7384 = DIRECTION('',(-0.,0.,-1.));
#7385 = DIRECTION('',(-0.,-1.,0.));
#7386 = FACE_BOUND('',#7387,.T.);
#7387 = EDGE_LOOP('',(#7388));
#7388 = ORIENTED_EDGE('',*,*,#7389,.T.);
#7389 = EDGE_CURVE('',#7390,#7390,#7392,.T.);
#7390 = VERTEX_POINT('',#7391);
#7391 = CARTESIAN_POINT('',(115.500895,-61.213336,1.51));
#7392 = CIRCLE('',#7393,0.65);
#7393 = AXIS2_PLACEMENT_3D('',#7394,#7395,#7396);
#7394 = CARTESIAN_POINT('',(115.500895,-60.563336,1.51));
#7395 = DIRECTION('',(-0.,0.,-1.));
#7396 = DIRECTION('',(-0.,-1.,0.));
#7397 = FACE_BOUND('',#7398,.T.);
#7398 = EDGE_LOOP('',(#7399));
#7399 = ORIENTED_EDGE('',*,*,#7400,.T.);
#7400 = EDGE_CURVE('',#7401,#7401,#7403,.T.);
#7401 = VERTEX_POINT('',#7402);
#7402 = CARTESIAN_POINT('',(112.950895,-59.813336,1.51));
#7403 = CIRCLE('',#7404,0.5);
#7404 = AXIS2_PLACEMENT_3D('',#7405,#7406,#7407);
#7405 = CARTESIAN_POINT('',(112.950895,-59.313336,1.51));
#7406 = DIRECTION('',(-0.,0.,-1.));
#7407 = DIRECTION('',(-0.,-1.,0.));
#7408 = FACE_BOUND('',#7409,.T.);
#7409 = EDGE_LOOP('',(#7410));
#7410 = ORIENTED_EDGE('',*,*,#7411,.T.);
#7411 = EDGE_CURVE('',#7412,#7412,#7414,.T.);
#7412 = VERTEX_POINT('',#7413);
#7413 = CARTESIAN_POINT('',(113.5,-57.65,1.51));
#7414 = CIRCLE('',#7415,0.15);
#7415 = AXIS2_PLACEMENT_3D('',#7416,#7417,#7418);
#7416 = CARTESIAN_POINT('',(113.5,-57.5,1.51));
#7417 = DIRECTION('',(-0.,0.,-1.));
#7418 = DIRECTION('',(-0.,-1.,0.));
#7419 = FACE_BOUND('',#7420,.T.);
#7420 = EDGE_LOOP('',(#7421));
#7421 = ORIENTED_EDGE('',*,*,#7422,.T.);
#7422 = EDGE_CURVE('',#7423,#7423,#7425,.T.);
#7423 = VERTEX_POINT('',#7424);
#7424 = CARTESIAN_POINT('',(119.,-61.65,1.51));
#7425 = CIRCLE('',#7426,0.15);
#7426 = AXIS2_PLACEMENT_3D('',#7427,#7428,#7429);
#7427 = CARTESIAN_POINT('',(119.,-61.5,1.51));
#7428 = DIRECTION('',(-0.,0.,-1.));
#7429 = DIRECTION('',(-0.,-1.,0.));
#7430 = FACE_BOUND('',#7431,.T.);
#7431 = EDGE_LOOP('',(#7432));
#7432 = ORIENTED_EDGE('',*,*,#7433,.T.);
#7433 = EDGE_CURVE('',#7434,#7434,#7436,.T.);
#7434 = VERTEX_POINT('',#7435);
#7435 = CARTESIAN_POINT('',(119.,-60.65,1.51));
#7436 = CIRCLE('',#7437,0.15);
#7437 = AXIS2_PLACEMENT_3D('',#7438,#7439,#7440);
#7438 = CARTESIAN_POINT('',(119.,-60.5,1.51));
#7439 = DIRECTION('',(-0.,0.,-1.));
#7440 = DIRECTION('',(-0.,-1.,0.));
#7441 = FACE_BOUND('',#7442,.T.);
#7442 = EDGE_LOOP('',(#7443));
#7443 = ORIENTED_EDGE('',*,*,#7444,.T.);
#7444 = EDGE_CURVE('',#7445,#7445,#7447,.T.);
#7445 = VERTEX_POINT('',#7446);
#7446 = CARTESIAN_POINT('',(116.35,-58.1,1.51));
#7447 = CIRCLE('',#7448,1.1);
#7448 = AXIS2_PLACEMENT_3D('',#7449,#7450,#7451);
#7449 = CARTESIAN_POINT('',(116.35,-57.,1.51));
#7450 = DIRECTION('',(-0.,0.,-1.));
#7451 = DIRECTION('',(-0.,-1.,0.));
#7452 = FACE_BOUND('',#7453,.T.);
#7453 = EDGE_LOOP('',(#7454));
#7454 = ORIENTED_EDGE('',*,*,#7455,.T.);
#7455 = EDGE_CURVE('',#7456,#7456,#7458,.T.);
#7456 = VERTEX_POINT('',#7457);
#7457 = CARTESIAN_POINT('',(112.950895,-55.313336,1.51));
#7458 = CIRCLE('',#7459,0.5);
#7459 = AXIS2_PLACEMENT_3D('',#7460,#7461,#7462);
#7460 = CARTESIAN_POINT('',(112.950895,-54.813336,1.51));
#7461 = DIRECTION('',(-0.,0.,-1.));
#7462 = DIRECTION('',(-0.,-1.,0.));
#7463 = FACE_BOUND('',#7464,.T.);
#7464 = EDGE_LOOP('',(#7465));
#7465 = ORIENTED_EDGE('',*,*,#7466,.T.);
#7466 = EDGE_CURVE('',#7467,#7467,#7469,.T.);
#7467 = VERTEX_POINT('',#7468);
#7468 = CARTESIAN_POINT('',(115.500895,-54.213336,1.51));
#7469 = CIRCLE('',#7470,0.65);
#7470 = AXIS2_PLACEMENT_3D('',#7471,#7472,#7473);
#7471 = CARTESIAN_POINT('',(115.500895,-53.563336,1.51));
#7472 = DIRECTION('',(-0.,0.,-1.));
#7473 = DIRECTION('',(-0.,-1.,0.));
#7474 = FACE_BOUND('',#7475,.T.);
#7475 = EDGE_LOOP('',(#7476));
#7476 = ORIENTED_EDGE('',*,*,#7477,.T.);
#7477 = EDGE_CURVE('',#7478,#7478,#7480,.T.);
#7478 = VERTEX_POINT('',#7479);
#7479 = CARTESIAN_POINT('',(119.503895,-56.328683,1.51));
#7480 = CIRCLE('',#7481,0.2);
#7481 = AXIS2_PLACEMENT_3D('',#7482,#7483,#7484);
#7482 = CARTESIAN_POINT('',(119.503895,-56.128683,1.51));
#7483 = DIRECTION('',(-0.,0.,-1.));
#7484 = DIRECTION('',(-0.,-1.,0.));
#7485 = FACE_BOUND('',#7486,.T.);
#7486 = EDGE_LOOP('',(#7487));
#7487 = ORIENTED_EDGE('',*,*,#7488,.T.);
#7488 = EDGE_CURVE('',#7489,#7489,#7491,.T.);
#7489 = VERTEX_POINT('',#7490);
#7490 = CARTESIAN_POINT('',(119.626185,-54.708341,1.51));
#7491 = CIRCLE('',#7492,0.2);
#7492 = AXIS2_PLACEMENT_3D('',#7493,#7494,#7495);
#7493 = CARTESIAN_POINT('',(119.626185,-54.508341,1.51));
#7494 = DIRECTION('',(-0.,0.,-1.));
#7495 = DIRECTION('',(7.105427357601E-14,-1.,-0.));
#7496 = FACE_BOUND('',#7497,.T.);
#7497 = EDGE_LOOP('',(#7498));
#7498 = ORIENTED_EDGE('',*,*,#7499,.T.);
#7499 = EDGE_CURVE('',#7500,#7500,#7502,.T.);
#7500 = VERTEX_POINT('',#7501);
#7501 = CARTESIAN_POINT('',(117.628651,-52.70682,1.51));
#7502 = CIRCLE('',#7503,0.2);
#7503 = AXIS2_PLACEMENT_3D('',#7504,#7505,#7506);
#7504 = CARTESIAN_POINT('',(117.628651,-52.50682,1.51));
#7505 = DIRECTION('',(-0.,0.,-1.));
#7506 = DIRECTION('',(7.105427357601E-14,-1.,-0.));
#7507 = FACE_BOUND('',#7508,.T.);
#7508 = EDGE_LOOP('',(#7509));
#7509 = ORIENTED_EDGE('',*,*,#7510,.T.);
#7510 = EDGE_CURVE('',#7511,#7511,#7513,.T.);
#7511 = VERTEX_POINT('',#7512);
#7512 = CARTESIAN_POINT('',(119.867599,-52.06745,1.51));
#7513 = CIRCLE('',#7514,0.2);
#7514 = AXIS2_PLACEMENT_3D('',#7515,#7516,#7517);
#7515 = CARTESIAN_POINT('',(119.867599,-51.86745,1.51));
#7516 = DIRECTION('',(-0.,0.,-1.));
#7517 = DIRECTION('',(-0.,-1.,0.));
#7518 = FACE_BOUND('',#7519,.T.);
#7519 = EDGE_LOOP('',(#7520));
#7520 = ORIENTED_EDGE('',*,*,#7521,.T.);
#7521 = EDGE_CURVE('',#7522,#7522,#7524,.T.);
#7522 = VERTEX_POINT('',#7523);
#7523 = CARTESIAN_POINT('',(125.648325,-61.964447,1.51));
#7524 = CIRCLE('',#7525,0.2);
#7525 = AXIS2_PLACEMENT_3D('',#7526,#7527,#7528);
#7526 = CARTESIAN_POINT('',(125.648325,-61.764447,1.51));
#7527 = DIRECTION('',(-0.,0.,-1.));
#7528 = DIRECTION('',(-0.,-1.,0.));
#7529 = FACE_BOUND('',#7530,.T.);
#7530 = EDGE_LOOP('',(#7531));
#7531 = ORIENTED_EDGE('',*,*,#7532,.T.);
#7532 = EDGE_CURVE('',#7533,#7533,#7535,.T.);
#7533 = VERTEX_POINT('',#7534);
#7534 = CARTESIAN_POINT('',(121.506399,-52.09155,1.51));
#7535 = CIRCLE('',#7536,0.2);
#7536 = AXIS2_PLACEMENT_3D('',#7537,#7538,#7539);
#7537 = CARTESIAN_POINT('',(121.506399,-51.89155,1.51));
#7538 = DIRECTION('',(-0.,0.,-1.));
#7539 = DIRECTION('',(-0.,-1.,0.));
#7540 = FACE_BOUND('',#7541,.T.);
#7541 = EDGE_LOOP('',(#7542));
#7542 = ORIENTED_EDGE('',*,*,#7543,.T.);
#7543 = EDGE_CURVE('',#7544,#7544,#7546,.T.);
#7544 = VERTEX_POINT('',#7545);
#7545 = CARTESIAN_POINT('',(125.02223,-57.047137,1.51));
#7546 = CIRCLE('',#7547,0.2);
#7547 = AXIS2_PLACEMENT_3D('',#7548,#7549,#7550);
#7548 = CARTESIAN_POINT('',(125.02223,-56.847137,1.51));
#7549 = DIRECTION('',(-0.,0.,-1.));
#7550 = DIRECTION('',(-7.105427357601E-14,-1.,0.));
#7551 = FACE_BOUND('',#7552,.T.);
#7552 = EDGE_LOOP('',(#7553));
#7553 = ORIENTED_EDGE('',*,*,#7554,.T.);
#7554 = EDGE_CURVE('',#7555,#7555,#7557,.T.);
#7555 = VERTEX_POINT('',#7556);
#7556 = CARTESIAN_POINT('',(125.974487,-53.833368,1.51));
#7557 = CIRCLE('',#7558,0.15);
#7558 = AXIS2_PLACEMENT_3D('',#7559,#7560,#7561);
#7559 = CARTESIAN_POINT('',(125.974487,-53.683368,1.51));
#7560 = DIRECTION('',(-0.,0.,-1.));
#7561 = DIRECTION('',(-9.473903143469E-14,-1.,0.));
#7562 = FACE_BOUND('',#7563,.T.);
#7563 = EDGE_LOOP('',(#7564));
#7564 = ORIENTED_EDGE('',*,*,#7565,.T.);
#7565 = EDGE_CURVE('',#7566,#7566,#7568,.T.);
#7566 = VERTEX_POINT('',#7567);
#7567 = CARTESIAN_POINT('',(128.,-53.2,1.51));
#7568 = CIRCLE('',#7569,0.2);
#7569 = AXIS2_PLACEMENT_3D('',#7570,#7571,#7572);
#7570 = CARTESIAN_POINT('',(128.,-53.,1.51));
#7571 = DIRECTION('',(-0.,0.,-1.));
#7572 = DIRECTION('',(-0.,-1.,0.));
#7573 = FACE_BOUND('',#7574,.T.);
#7574 = EDGE_LOOP('',(#7575));
#7575 = ORIENTED_EDGE('',*,*,#7576,.T.);
#7576 = EDGE_CURVE('',#7577,#7577,#7579,.T.);
#7577 = VERTEX_POINT('',#7578);
#7578 = CARTESIAN_POINT('',(112.977225,-50.431332,1.51));
#7579 = CIRCLE('',#7580,0.5);
#7580 = AXIS2_PLACEMENT_3D('',#7581,#7582,#7583);
#7581 = CARTESIAN_POINT('',(112.977225,-49.931332,1.51));
#7582 = DIRECTION('',(-0.,0.,-1.));
#7583 = DIRECTION('',(-0.,-1.,0.));
#7584 = FACE_BOUND('',#7585,.T.);
#7585 = EDGE_LOOP('',(#7586));
#7586 = ORIENTED_EDGE('',*,*,#7587,.T.);
#7587 = EDGE_CURVE('',#7588,#7588,#7590,.T.);
#7588 = VERTEX_POINT('',#7589);
#7589 = CARTESIAN_POINT('',(115.527225,-51.831332,1.51));
#7590 = CIRCLE('',#7591,0.65);
#7591 = AXIS2_PLACEMENT_3D('',#7592,#7593,#7594);
#7592 = CARTESIAN_POINT('',(115.527225,-51.181332,1.51));
#7593 = DIRECTION('',(-0.,0.,-1.));
#7594 = DIRECTION('',(-0.,-1.,0.));
#7595 = FACE_BOUND('',#7596,.T.);
#7596 = EDGE_LOOP('',(#7597));
#7597 = ORIENTED_EDGE('',*,*,#7598,.T.);
#7598 = EDGE_CURVE('',#7599,#7599,#7601,.T.);
#7599 = VERTEX_POINT('',#7600);
#7600 = CARTESIAN_POINT('',(112.5,-48.15,1.51));
#7601 = CIRCLE('',#7602,0.15);
#7602 = AXIS2_PLACEMENT_3D('',#7603,#7604,#7605);
#7603 = CARTESIAN_POINT('',(112.5,-48.,1.51));
#7604 = DIRECTION('',(-0.,0.,-1.));
#7605 = DIRECTION('',(-0.,-1.,0.));
#7606 = FACE_BOUND('',#7607,.T.);
#7607 = EDGE_LOOP('',(#7608));
#7608 = ORIENTED_EDGE('',*,*,#7609,.T.);
#7609 = EDGE_CURVE('',#7610,#7610,#7612,.T.);
#7610 = VERTEX_POINT('',#7611);
#7611 = CARTESIAN_POINT('',(114.094835,-46.801814,1.51));
#7612 = CIRCLE('',#7613,0.15);
#7613 = AXIS2_PLACEMENT_3D('',#7614,#7615,#7616);
#7614 = CARTESIAN_POINT('',(114.094835,-46.651814,1.51));
#7615 = DIRECTION('',(-0.,0.,-1.));
#7616 = DIRECTION('',(9.473903143467E-14,-1.,-0.));
#7617 = FACE_BOUND('',#7618,.T.);
#7618 = EDGE_LOOP('',(#7619));
#7619 = ORIENTED_EDGE('',*,*,#7620,.T.);
#7620 = EDGE_CURVE('',#7621,#7621,#7623,.T.);
#7621 = VERTEX_POINT('',#7622);
#7622 = CARTESIAN_POINT('',(118.,-50.7,1.51));
#7623 = CIRCLE('',#7624,0.2);
#7624 = AXIS2_PLACEMENT_3D('',#7625,#7626,#7627);
#7625 = CARTESIAN_POINT('',(118.,-50.5,1.51));
#7626 = DIRECTION('',(-0.,0.,-1.));
#7627 = DIRECTION('',(-0.,-1.,0.));
#7628 = FACE_BOUND('',#7629,.T.);
#7629 = EDGE_LOOP('',(#7630));
#7630 = ORIENTED_EDGE('',*,*,#7631,.T.);
#7631 = EDGE_CURVE('',#7632,#7632,#7634,.T.);
#7632 = VERTEX_POINT('',#7633);
#7633 = CARTESIAN_POINT('',(117.,-49.2,1.51));
#7634 = CIRCLE('',#7635,0.2);
#7635 = AXIS2_PLACEMENT_3D('',#7636,#7637,#7638);
#7636 = CARTESIAN_POINT('',(117.,-49.,1.51));
#7637 = DIRECTION('',(-0.,0.,-1.));
#7638 = DIRECTION('',(-0.,-1.,0.));
#7639 = FACE_BOUND('',#7640,.T.);
#7640 = EDGE_LOOP('',(#7641));
#7641 = ORIENTED_EDGE('',*,*,#7642,.T.);
#7642 = EDGE_CURVE('',#7643,#7643,#7645,.T.);
#7643 = VERTEX_POINT('',#7644);
#7644 = CARTESIAN_POINT('',(112.977225,-45.931332,1.51));
#7645 = CIRCLE('',#7646,0.5);
#7646 = AXIS2_PLACEMENT_3D('',#7647,#7648,#7649);
#7647 = CARTESIAN_POINT('',(112.977225,-45.431332,1.51));
#7648 = DIRECTION('',(-0.,0.,-1.));
#7649 = DIRECTION('',(-0.,-1.,0.));
#7650 = FACE_BOUND('',#7651,.T.);
#7651 = EDGE_LOOP('',(#7652));
#7652 = ORIENTED_EDGE('',*,*,#7653,.T.);
#7653 = EDGE_CURVE('',#7654,#7654,#7656,.T.);
#7654 = VERTEX_POINT('',#7655);
#7655 = CARTESIAN_POINT('',(115.527225,-44.831332,1.51));
#7656 = CIRCLE('',#7657,0.65);
#7657 = AXIS2_PLACEMENT_3D('',#7658,#7659,#7660);
#7658 = CARTESIAN_POINT('',(115.527225,-44.181332,1.51));
#7659 = DIRECTION('',(-0.,0.,-1.));
#7660 = DIRECTION('',(-0.,-1.,0.));
#7661 = FACE_BOUND('',#7662,.T.);
#7662 = EDGE_LOOP('',(#7663));
#7663 = ORIENTED_EDGE('',*,*,#7664,.T.);
#7664 = EDGE_CURVE('',#7665,#7665,#7667,.T.);
#7665 = VERTEX_POINT('',#7666);
#7666 = CARTESIAN_POINT('',(111.70126,-42.920678,1.51));
#7667 = CIRCLE('',#7668,0.2);
#7668 = AXIS2_PLACEMENT_3D('',#7669,#7670,#7671);
#7669 = CARTESIAN_POINT('',(111.70126,-42.720678,1.51));
#7670 = DIRECTION('',(-0.,0.,-1.));
#7671 = DIRECTION('',(7.105427357601E-14,-1.,-0.));
#7672 = FACE_BOUND('',#7673,.T.);
#7673 = EDGE_LOOP('',(#7674));
#7674 = ORIENTED_EDGE('',*,*,#7675,.T.);
#7675 = EDGE_CURVE('',#7676,#7676,#7678,.T.);
#7676 = VERTEX_POINT('',#7677);
#7677 = CARTESIAN_POINT('',(117.,-42.7,1.51));
#7678 = CIRCLE('',#7679,0.2);
#7679 = AXIS2_PLACEMENT_3D('',#7680,#7681,#7682);
#7680 = CARTESIAN_POINT('',(117.,-42.5,1.51));
#7681 = DIRECTION('',(-0.,0.,-1.));
#7682 = DIRECTION('',(-0.,-1.,0.));
#7683 = FACE_BOUND('',#7684,.T.);
#7684 = EDGE_LOOP('',(#7685));
#7685 = ORIENTED_EDGE('',*,*,#7686,.T.);
#7686 = EDGE_CURVE('',#7687,#7687,#7689,.T.);
#7687 = VERTEX_POINT('',#7688);
#7688 = CARTESIAN_POINT('',(123.4,-50.55,1.51));
#7689 = CIRCLE('',#7690,1.E-01);
#7690 = AXIS2_PLACEMENT_3D('',#7691,#7692,#7693);
#7691 = CARTESIAN_POINT('',(123.4,-50.45,1.51));
#7692 = DIRECTION('',(-0.,0.,-1.));
#7693 = DIRECTION('',(-0.,-1.,0.));
#7694 = FACE_BOUND('',#7695,.T.);
#7695 = EDGE_LOOP('',(#7696));
#7696 = ORIENTED_EDGE('',*,*,#7697,.T.);
#7697 = EDGE_CURVE('',#7698,#7698,#7700,.T.);
#7698 = VERTEX_POINT('',#7699);
#7699 = CARTESIAN_POINT('',(124.,-50.1,1.51));
#7700 = CIRCLE('',#7701,1.E-01);
#7701 = AXIS2_PLACEMENT_3D('',#7702,#7703,#7704);
#7702 = CARTESIAN_POINT('',(124.,-50.,1.51));
#7703 = DIRECTION('',(-0.,0.,-1.));
#7704 = DIRECTION('',(-0.,-1.,0.));
#7705 = FACE_BOUND('',#7706,.T.);
#7706 = EDGE_LOOP('',(#7707));
#7707 = ORIENTED_EDGE('',*,*,#7708,.T.);
#7708 = EDGE_CURVE('',#7709,#7709,#7711,.T.);
#7709 = VERTEX_POINT('',#7710);
#7710 = CARTESIAN_POINT('',(123.4,-49.65,1.51));
#7711 = CIRCLE('',#7712,0.1);
#7712 = AXIS2_PLACEMENT_3D('',#7713,#7714,#7715);
#7713 = CARTESIAN_POINT('',(123.4,-49.55,1.51));
#7714 = DIRECTION('',(-0.,0.,-1.));
#7715 = DIRECTION('',(-0.,-1.,0.));
#7716 = FACE_BOUND('',#7717,.T.);
#7717 = EDGE_LOOP('',(#7718));
#7718 = ORIENTED_EDGE('',*,*,#7719,.T.);
#7719 = EDGE_CURVE('',#7720,#7720,#7722,.T.);
#7720 = VERTEX_POINT('',#7721);
#7721 = CARTESIAN_POINT('',(124.6,-50.55,1.51));
#7722 = CIRCLE('',#7723,0.1);
#7723 = AXIS2_PLACEMENT_3D('',#7724,#7725,#7726);
#7724 = CARTESIAN_POINT('',(124.6,-50.45,1.51));
#7725 = DIRECTION('',(-0.,0.,-1.));
#7726 = DIRECTION('',(-0.,-1.,0.));
#7727 = FACE_BOUND('',#7728,.T.);
#7728 = EDGE_LOOP('',(#7729));
#7729 = ORIENTED_EDGE('',*,*,#7730,.T.);
#7730 = EDGE_CURVE('',#7731,#7731,#7733,.T.);
#7731 = VERTEX_POINT('',#7732);
#7732 = CARTESIAN_POINT('',(124.6,-49.65,1.51));
#7733 = CIRCLE('',#7734,0.1);
#7734 = AXIS2_PLACEMENT_3D('',#7735,#7736,#7737);
#7735 = CARTESIAN_POINT('',(124.6,-49.55,1.51));
#7736 = DIRECTION('',(-0.,0.,-1.));
#7737 = DIRECTION('',(-0.,-1.,0.));
#7738 = FACE_BOUND('',#7739,.T.);
#7739 = EDGE_LOOP('',(#7740));
#7740 = ORIENTED_EDGE('',*,*,#7741,.T.);
#7741 = EDGE_CURVE('',#7742,#7742,#7744,.T.);
#7742 = VERTEX_POINT('',#7743);
#7743 = CARTESIAN_POINT('',(125.86847,-50.155107,1.51));
#7744 = CIRCLE('',#7745,0.15);
#7745 = AXIS2_PLACEMENT_3D('',#7746,#7747,#7748);
#7746 = CARTESIAN_POINT('',(125.86847,-50.005107,1.51));
#7747 = DIRECTION('',(-0.,0.,-1.));
#7748 = DIRECTION('',(-0.,-1.,0.));
#7749 = FACE_BOUND('',#7750,.T.);
#7750 = EDGE_LOOP('',(#7751));
#7751 = ORIENTED_EDGE('',*,*,#7752,.T.);
#7752 = EDGE_CURVE('',#7753,#7753,#7755,.T.);
#7753 = VERTEX_POINT('',#7754);
#7754 = CARTESIAN_POINT('',(126.499999,-48.089482,1.51));
#7755 = CIRCLE('',#7756,0.2);
#7756 = AXIS2_PLACEMENT_3D('',#7757,#7758,#7759);
#7757 = CARTESIAN_POINT('',(126.499999,-47.889482,1.51));
#7758 = DIRECTION('',(-0.,0.,-1.));
#7759 = DIRECTION('',(-0.,-1.,0.));
#7760 = FACE_BOUND('',#7761,.T.);
#7761 = EDGE_LOOP('',(#7762));
#7762 = ORIENTED_EDGE('',*,*,#7763,.T.);
#7763 = EDGE_CURVE('',#7764,#7764,#7766,.T.);
#7764 = VERTEX_POINT('',#7765);
#7765 = CARTESIAN_POINT('',(128.,-47.045804,1.51));
#7766 = CIRCLE('',#7767,0.2);
#7767 = AXIS2_PLACEMENT_3D('',#7768,#7769,#7770);
#7768 = CARTESIAN_POINT('',(128.,-46.845804,1.51));
#7769 = DIRECTION('',(-0.,0.,-1.));
#7770 = DIRECTION('',(-0.,-1.,0.));
#7771 = FACE_BOUND('',#7772,.T.);
#7772 = EDGE_LOOP('',(#7773));
#7773 = ORIENTED_EDGE('',*,*,#7774,.T.);
#7774 = EDGE_CURVE('',#7775,#7775,#7777,.T.);
#7775 = VERTEX_POINT('',#7776);
#7776 = CARTESIAN_POINT('',(121.093593,-44.99,1.51));
#7777 = CIRCLE('',#7778,0.15);
#7778 = AXIS2_PLACEMENT_3D('',#7779,#7780,#7781);
#7779 = CARTESIAN_POINT('',(121.093593,-44.84,1.51));
#7780 = DIRECTION('',(-0.,0.,-1.));
#7781 = DIRECTION('',(-0.,-1.,0.));
#7782 = FACE_BOUND('',#7783,.T.);
#7783 = EDGE_LOOP('',(#7784));
#7784 = ORIENTED_EDGE('',*,*,#7785,.T.);
#7785 = EDGE_CURVE('',#7786,#7786,#7788,.T.);
#7786 = VERTEX_POINT('',#7787);
#7787 = CARTESIAN_POINT('',(122.77932,-44.893465,1.51));
#7788 = CIRCLE('',#7789,0.2);
#7789 = AXIS2_PLACEMENT_3D('',#7790,#7791,#7792);
#7790 = CARTESIAN_POINT('',(122.77932,-44.693465,1.51));
#7791 = DIRECTION('',(-0.,0.,-1.));
#7792 = DIRECTION('',(-0.,-1.,0.));
#7793 = FACE_BOUND('',#7794,.T.);
#7794 = EDGE_LOOP('',(#7795));
#7795 = ORIENTED_EDGE('',*,*,#7796,.T.);
#7796 = EDGE_CURVE('',#7797,#7797,#7799,.T.);
#7797 = VERTEX_POINT('',#7798);
#7798 = CARTESIAN_POINT('',(126.369073,-46.090049,1.51));
#7799 = CIRCLE('',#7800,0.2);
#7800 = AXIS2_PLACEMENT_3D('',#7801,#7802,#7803);
#7801 = CARTESIAN_POINT('',(126.369073,-45.890049,1.51));
#7802 = DIRECTION('',(-0.,0.,-1.));
#7803 = DIRECTION('',(-0.,-1.,0.));
#7804 = FACE_BOUND('',#7805,.T.);
#7805 = EDGE_LOOP('',(#7806));
#7806 = ORIENTED_EDGE('',*,*,#7807,.T.);
#7807 = EDGE_CURVE('',#7808,#7808,#7810,.T.);
#7808 = VERTEX_POINT('',#7809);
#7809 = CARTESIAN_POINT('',(124.99844,-44.893465,1.51));
#7810 = CIRCLE('',#7811,0.2);
#7811 = AXIS2_PLACEMENT_3D('',#7812,#7813,#7814);
#7812 = CARTESIAN_POINT('',(124.99844,-44.693465,1.51));
#7813 = DIRECTION('',(-0.,0.,-1.));
#7814 = DIRECTION('',(-0.,-1.,0.));
#7815 = FACE_BOUND('',#7816,.T.);
#7816 = EDGE_LOOP('',(#7817));
#7817 = ORIENTED_EDGE('',*,*,#7818,.T.);
#7818 = EDGE_CURVE('',#7819,#7819,#7821,.T.);
#7819 = VERTEX_POINT('',#7820);
#7820 = CARTESIAN_POINT('',(127.739706,-44.958733,1.51));
#7821 = CIRCLE('',#7822,0.2);
#7822 = AXIS2_PLACEMENT_3D('',#7823,#7824,#7825);
#7823 = CARTESIAN_POINT('',(127.739706,-44.758733,1.51));
#7824 = DIRECTION('',(-0.,0.,-1.));
#7825 = DIRECTION('',(-0.,-1.,0.));
#7826 = FACE_BOUND('',#7827,.T.);
#7827 = EDGE_LOOP('',(#7828));
#7828 = ORIENTED_EDGE('',*,*,#7829,.T.);
#7829 = EDGE_CURVE('',#7830,#7830,#7832,.T.);
#7830 = VERTEX_POINT('',#7831);
#7831 = CARTESIAN_POINT('',(130.818776,-61.739234,1.51));
#7832 = CIRCLE('',#7833,0.2);
#7833 = AXIS2_PLACEMENT_3D('',#7834,#7835,#7836);
#7834 = CARTESIAN_POINT('',(130.818776,-61.539234,1.51));
#7835 = DIRECTION('',(-0.,0.,-1.));
#7836 = DIRECTION('',(-0.,-1.,0.));
#7837 = FACE_BOUND('',#7838,.T.);
#7838 = EDGE_LOOP('',(#7839));
#7839 = ORIENTED_EDGE('',*,*,#7840,.T.);
#7840 = EDGE_CURVE('',#7841,#7841,#7843,.T.);
#7841 = VERTEX_POINT('',#7842);
#7842 = CARTESIAN_POINT('',(130.807109,-60.210987,1.51));
#7843 = CIRCLE('',#7844,0.15);
#7844 = AXIS2_PLACEMENT_3D('',#7845,#7846,#7847);
#7845 = CARTESIAN_POINT('',(130.807109,-60.060987,1.51));
#7846 = DIRECTION('',(-0.,0.,-1.));
#7847 = DIRECTION('',(-0.,-1.,0.));
#7848 = FACE_BOUND('',#7849,.T.);
#7849 = EDGE_LOOP('',(#7850));
#7850 = ORIENTED_EDGE('',*,*,#7851,.T.);
#7851 = EDGE_CURVE('',#7852,#7852,#7854,.T.);
#7852 = VERTEX_POINT('',#7853);
#7853 = CARTESIAN_POINT('',(134.59342,-61.700717,1.51));
#7854 = CIRCLE('',#7855,0.2);
#7855 = AXIS2_PLACEMENT_3D('',#7856,#7857,#7858);
#7856 = CARTESIAN_POINT('',(134.59342,-61.500717,1.51));
#7857 = DIRECTION('',(-0.,0.,-1.));
#7858 = DIRECTION('',(1.42108547152E-13,-1.,-0.));
#7859 = FACE_BOUND('',#7860,.T.);
#7860 = EDGE_LOOP('',(#7861));
#7861 = ORIENTED_EDGE('',*,*,#7862,.T.);
#7862 = EDGE_CURVE('',#7863,#7863,#7865,.T.);
#7863 = VERTEX_POINT('',#7864);
#7864 = CARTESIAN_POINT('',(135.310123,-60.010296,1.51));
#7865 = CIRCLE('',#7866,0.15);
#7866 = AXIS2_PLACEMENT_3D('',#7867,#7868,#7869);
#7867 = CARTESIAN_POINT('',(135.310123,-59.860296,1.51));
#7868 = DIRECTION('',(-0.,0.,-1.));
#7869 = DIRECTION('',(-0.,-1.,0.));
#7870 = FACE_BOUND('',#7871,.T.);
#7871 = EDGE_LOOP('',(#7872));
#7872 = ORIENTED_EDGE('',*,*,#7873,.T.);
#7873 = EDGE_CURVE('',#7874,#7874,#7876,.T.);
#7874 = VERTEX_POINT('',#7875);
#7875 = CARTESIAN_POINT('',(135.206923,-58.737323,1.51));
#7876 = CIRCLE('',#7877,0.2);
#7877 = AXIS2_PLACEMENT_3D('',#7878,#7879,#7880);
#7878 = CARTESIAN_POINT('',(135.206923,-58.537323,1.51));
#7879 = DIRECTION('',(-0.,0.,-1.));
#7880 = DIRECTION('',(-1.42108547152E-13,-1.,0.));
#7881 = FACE_BOUND('',#7882,.T.);
#7882 = EDGE_LOOP('',(#7883));
#7883 = ORIENTED_EDGE('',*,*,#7884,.T.);
#7884 = EDGE_CURVE('',#7885,#7885,#7887,.T.);
#7885 = VERTEX_POINT('',#7886);
#7886 = CARTESIAN_POINT('',(130.85468,-56.690505,1.51));
#7887 = CIRCLE('',#7888,0.2);
#7888 = AXIS2_PLACEMENT_3D('',#7889,#7890,#7891);
#7889 = CARTESIAN_POINT('',(130.85468,-56.490505,1.51));
#7890 = DIRECTION('',(-0.,0.,-1.));
#7891 = DIRECTION('',(-0.,-1.,0.));
#7892 = FACE_BOUND('',#7893,.T.);
#7893 = EDGE_LOOP('',(#7894));
#7894 = ORIENTED_EDGE('',*,*,#7895,.T.);
#7895 = EDGE_CURVE('',#7896,#7896,#7898,.T.);
#7896 = VERTEX_POINT('',#7897);
#7897 = CARTESIAN_POINT('',(130.955892,-53.699124,1.51));
#7898 = CIRCLE('',#7899,0.2);
#7899 = AXIS2_PLACEMENT_3D('',#7900,#7901,#7902);
#7900 = CARTESIAN_POINT('',(130.955892,-53.499124,1.51));
#7901 = DIRECTION('',(-0.,0.,-1.));
#7902 = DIRECTION('',(-0.,-1.,0.));
#7903 = FACE_BOUND('',#7904,.T.);
#7904 = EDGE_LOOP('',(#7905));
#7905 = ORIENTED_EDGE('',*,*,#7906,.T.);
#7906 = EDGE_CURVE('',#7907,#7907,#7909,.T.);
#7907 = VERTEX_POINT('',#7908);
#7908 = CARTESIAN_POINT('',(133.598099,-55.857333,1.51));
#7909 = CIRCLE('',#7910,0.2);
#7910 = AXIS2_PLACEMENT_3D('',#7911,#7912,#7913);
#7911 = CARTESIAN_POINT('',(133.598099,-55.657333,1.51));
#7912 = DIRECTION('',(-0.,0.,-1.));
#7913 = DIRECTION('',(-0.,-1.,0.));
#7914 = FACE_BOUND('',#7915,.T.);
#7915 = EDGE_LOOP('',(#7916));
#7916 = ORIENTED_EDGE('',*,*,#7917,.T.);
#7917 = EDGE_CURVE('',#7918,#7918,#7920,.T.);
#7918 = VERTEX_POINT('',#7919);
#7919 = CARTESIAN_POINT('',(133.702719,-53.660325,1.51));
#7920 = CIRCLE('',#7921,0.2);
#7921 = AXIS2_PLACEMENT_3D('',#7922,#7923,#7924);
#7922 = CARTESIAN_POINT('',(133.702719,-53.460325,1.51));
#7923 = DIRECTION('',(-0.,0.,-1.));
#7924 = DIRECTION('',(-0.,-1.,0.));
#7925 = FACE_BOUND('',#7926,.T.);
#7926 = EDGE_LOOP('',(#7927));
#7927 = ORIENTED_EDGE('',*,*,#7928,.T.);
#7928 = EDGE_CURVE('',#7929,#7929,#7931,.T.);
#7929 = VERTEX_POINT('',#7930);
#7930 = CARTESIAN_POINT('',(137.,-53.7,1.51));
#7931 = CIRCLE('',#7932,0.2);
#7932 = AXIS2_PLACEMENT_3D('',#7933,#7934,#7935);
#7933 = CARTESIAN_POINT('',(137.,-53.5,1.51));
#7934 = DIRECTION('',(-0.,0.,-1.));
#7935 = DIRECTION('',(-0.,-1.,0.));
#7936 = FACE_BOUND('',#7937,.T.);
#7937 = EDGE_LOOP('',(#7938));
#7938 = ORIENTED_EDGE('',*,*,#7939,.T.);
#7939 = EDGE_CURVE('',#7940,#7940,#7942,.T.);
#7940 = VERTEX_POINT('',#7941);
#7941 = CARTESIAN_POINT('',(141.055381,-60.627625,1.51));
#7942 = CIRCLE('',#7943,0.15);
#7943 = AXIS2_PLACEMENT_3D('',#7944,#7945,#7946);
#7944 = CARTESIAN_POINT('',(141.055381,-60.477625,1.51));
#7945 = DIRECTION('',(-0.,0.,-1.));
#7946 = DIRECTION('',(-0.,-1.,0.));
#7947 = FACE_BOUND('',#7948,.T.);
#7948 = EDGE_LOOP('',(#7949));
#7949 = ORIENTED_EDGE('',*,*,#7950,.T.);
#7950 = EDGE_CURVE('',#7951,#7951,#7953,.T.);
#7951 = VERTEX_POINT('',#7952);
#7952 = CARTESIAN_POINT('',(140.65,-58.1,1.51));
#7953 = CIRCLE('',#7954,1.1);
#7954 = AXIS2_PLACEMENT_3D('',#7955,#7956,#7957);
#7955 = CARTESIAN_POINT('',(140.65,-57.,1.51));
#7956 = DIRECTION('',(-0.,0.,-1.));
#7957 = DIRECTION('',(-0.,-1.,0.));
#7958 = FACE_BOUND('',#7959,.T.);
#7959 = EDGE_LOOP('',(#7960));
#7960 = ORIENTED_EDGE('',*,*,#7961,.T.);
#7961 = EDGE_CURVE('',#7962,#7962,#7964,.T.);
#7962 = VERTEX_POINT('',#7963);
#7963 = CARTESIAN_POINT('',(143.530929,-61.005325,1.51));
#7964 = CIRCLE('',#7965,0.2);
#7965 = AXIS2_PLACEMENT_3D('',#7966,#7967,#7968);
#7966 = CARTESIAN_POINT('',(143.530929,-60.805325,1.51));
#7967 = DIRECTION('',(-0.,0.,-1.));
#7968 = DIRECTION('',(-1.42108547152E-13,-1.,0.));
#7969 = FACE_BOUND('',#7970,.T.);
#7970 = EDGE_LOOP('',(#7971));
#7971 = ORIENTED_EDGE('',*,*,#7972,.T.);
#7972 = EDGE_CURVE('',#7973,#7973,#7975,.T.);
#7973 = VERTEX_POINT('',#7974);
#7974 = CARTESIAN_POINT('',(145.194508,-61.890208,1.51));
#7975 = CIRCLE('',#7976,0.2);
#7976 = AXIS2_PLACEMENT_3D('',#7977,#7978,#7979);
#7977 = CARTESIAN_POINT('',(145.194508,-61.690208,1.51));
#7978 = DIRECTION('',(-0.,0.,-1.));
#7979 = DIRECTION('',(1.42108547152E-13,-1.,-0.));
#7980 = FACE_BOUND('',#7981,.T.);
#7981 = EDGE_LOOP('',(#7982));
#7982 = ORIENTED_EDGE('',*,*,#7983,.T.);
#7983 = EDGE_CURVE('',#7984,#7984,#7986,.T.);
#7984 = VERTEX_POINT('',#7985);
#7985 = CARTESIAN_POINT('',(145.,-59.325,1.51));
#7986 = CIRCLE('',#7987,0.325);
#7987 = AXIS2_PLACEMENT_3D('',#7988,#7989,#7990);
#7988 = CARTESIAN_POINT('',(145.,-59.,1.51));
#7989 = DIRECTION('',(-0.,0.,-1.));
#7990 = DIRECTION('',(-0.,-1.,0.));
#7991 = FACE_BOUND('',#7992,.T.);
#7992 = EDGE_LOOP('',(#7993));
#7993 = ORIENTED_EDGE('',*,*,#7994,.T.);
#7994 = EDGE_CURVE('',#7995,#7995,#7997,.T.);
#7995 = VERTEX_POINT('',#7996);
#7996 = CARTESIAN_POINT('',(145.,-58.055,1.51));
#7997 = CIRCLE('',#7998,0.325);
#7998 = AXIS2_PLACEMENT_3D('',#7999,#8000,#8001);
#7999 = CARTESIAN_POINT('',(145.,-57.73,1.51));
#8000 = DIRECTION('',(-0.,0.,-1.));
#8001 = DIRECTION('',(-0.,-1.,0.));
#8002 = FACE_BOUND('',#8003,.T.);
#8003 = EDGE_LOOP('',(#8004));
#8004 = ORIENTED_EDGE('',*,*,#8005,.T.);
#8005 = EDGE_CURVE('',#8006,#8006,#8008,.T.);
#8006 = VERTEX_POINT('',#8007);
#8007 = CARTESIAN_POINT('',(139.208867,-54.213893,1.51));
#8008 = CIRCLE('',#8009,0.2);
#8009 = AXIS2_PLACEMENT_3D('',#8010,#8011,#8012);
#8010 = CARTESIAN_POINT('',(139.208867,-54.013893,1.51));
#8011 = DIRECTION('',(-0.,0.,-1.));
#8012 = DIRECTION('',(-0.,-1.,0.));
#8013 = FACE_BOUND('',#8014,.T.);
#8014 = EDGE_LOOP('',(#8015));
#8015 = ORIENTED_EDGE('',*,*,#8016,.T.);
#8016 = EDGE_CURVE('',#8017,#8017,#8019,.T.);
#8017 = VERTEX_POINT('',#8018);
#8018 = CARTESIAN_POINT('',(141.401812,-54.695884,1.51));
#8019 = CIRCLE('',#8020,0.65);
#8020 = AXIS2_PLACEMENT_3D('',#8021,#8022,#8023);
#8021 = CARTESIAN_POINT('',(141.401812,-54.045884,1.51));
#8022 = DIRECTION('',(-0.,0.,-1.));
#8023 = DIRECTION('',(-0.,-1.,0.));
#8024 = FACE_BOUND('',#8025,.T.);
#8025 = EDGE_LOOP('',(#8026));
#8026 = ORIENTED_EDGE('',*,*,#8027,.T.);
#8027 = EDGE_CURVE('',#8028,#8028,#8030,.T.);
#8028 = VERTEX_POINT('',#8029);
#8029 = CARTESIAN_POINT('',(143.699115,-55.19958,1.51));
#8030 = CIRCLE('',#8031,0.2);
#8031 = AXIS2_PLACEMENT_3D('',#8032,#8033,#8034);
#8032 = CARTESIAN_POINT('',(143.699115,-54.99958,1.51));
#8033 = DIRECTION('',(-0.,0.,-1.));
#8034 = DIRECTION('',(-0.,-1.,0.));
#8035 = FACE_BOUND('',#8036,.T.);
#8036 = EDGE_LOOP('',(#8037));
#8037 = ORIENTED_EDGE('',*,*,#8038,.T.);
#8038 = EDGE_CURVE('',#8039,#8039,#8041,.T.);
#8039 = VERTEX_POINT('',#8040);
#8040 = CARTESIAN_POINT('',(145.,-56.2,1.51));
#8041 = CIRCLE('',#8042,0.2);
#8042 = AXIS2_PLACEMENT_3D('',#8043,#8044,#8045);
#8043 = CARTESIAN_POINT('',(145.,-56.,1.51));
#8044 = DIRECTION('',(-0.,0.,-1.));
#8045 = DIRECTION('',(-0.,-1.,0.));
#8046 = FACE_BOUND('',#8047,.T.);
#8047 = EDGE_LOOP('',(#8048));
#8048 = ORIENTED_EDGE('',*,*,#8049,.T.);
#8049 = EDGE_CURVE('',#8050,#8050,#8052,.T.);
#8050 = VERTEX_POINT('',#8051);
#8051 = CARTESIAN_POINT('',(143.951812,-53.295884,1.51));
#8052 = CIRCLE('',#8053,0.5);
#8053 = AXIS2_PLACEMENT_3D('',#8054,#8055,#8056);
#8054 = CARTESIAN_POINT('',(143.951812,-52.795884,1.51));
#8055 = DIRECTION('',(-0.,0.,-1.));
#8056 = DIRECTION('',(-0.,-1.,0.));
#8057 = FACE_BOUND('',#8058,.T.);
#8058 = EDGE_LOOP('',(#8059));
#8059 = ORIENTED_EDGE('',*,*,#8060,.T.);
#8060 = EDGE_CURVE('',#8061,#8061,#8063,.T.);
#8061 = VERTEX_POINT('',#8062);
#8062 = CARTESIAN_POINT('',(145.75902,-54.2,1.51));
#8063 = CIRCLE('',#8064,0.2);
#8064 = AXIS2_PLACEMENT_3D('',#8065,#8066,#8067);
#8065 = CARTESIAN_POINT('',(145.75902,-54.,1.51));
#8066 = DIRECTION('',(-0.,0.,-1.));
#8067 = DIRECTION('',(-1.42108547152E-13,-1.,0.));
#8068 = FACE_BOUND('',#8069,.T.);
#8069 = EDGE_LOOP('',(#8070));
#8070 = ORIENTED_EDGE('',*,*,#8071,.T.);
#8071 = EDGE_CURVE('',#8072,#8072,#8074,.T.);
#8072 = VERTEX_POINT('',#8073);
#8073 = CARTESIAN_POINT('',(130.893745,-50.713892,1.51));
#8074 = CIRCLE('',#8075,0.2);
#8075 = AXIS2_PLACEMENT_3D('',#8076,#8077,#8078);
#8076 = CARTESIAN_POINT('',(130.893745,-50.513892,1.51));
#8077 = DIRECTION('',(-0.,0.,-1.));
#8078 = DIRECTION('',(-1.42108547152E-13,-1.,0.));
#8079 = FACE_BOUND('',#8080,.T.);
#8080 = EDGE_LOOP('',(#8081));
#8081 = ORIENTED_EDGE('',*,*,#8082,.T.);
#8082 = EDGE_CURVE('',#8083,#8083,#8085,.T.);
#8083 = VERTEX_POINT('',#8084);
#8084 = CARTESIAN_POINT('',(129.5,-47.015791,1.51));
#8085 = CIRCLE('',#8086,0.2);
#8086 = AXIS2_PLACEMENT_3D('',#8087,#8088,#8089);
#8087 = CARTESIAN_POINT('',(129.5,-46.815791,1.51));
#8088 = DIRECTION('',(-0.,0.,-1.));
#8089 = DIRECTION('',(-0.,-1.,0.));
#8090 = FACE_BOUND('',#8091,.T.);
#8091 = EDGE_LOOP('',(#8092));
#8092 = ORIENTED_EDGE('',*,*,#8093,.T.);
#8093 = EDGE_CURVE('',#8094,#8094,#8096,.T.);
#8094 = VERTEX_POINT('',#8095);
#8095 = CARTESIAN_POINT('',(132.647026,-49.051298,1.51));
#8096 = CIRCLE('',#8097,0.2);
#8097 = AXIS2_PLACEMENT_3D('',#8098,#8099,#8100);
#8098 = CARTESIAN_POINT('',(132.647026,-48.851298,1.51));
#8099 = DIRECTION('',(-0.,0.,-1.));
#8100 = DIRECTION('',(1.42108547152E-13,-1.,-0.));
#8101 = FACE_BOUND('',#8102,.T.);
#8102 = EDGE_LOOP('',(#8103));
#8103 = ORIENTED_EDGE('',*,*,#8104,.T.);
#8104 = EDGE_CURVE('',#8105,#8105,#8107,.T.);
#8105 = VERTEX_POINT('',#8106);
#8106 = CARTESIAN_POINT('',(133.723643,-51.421469,1.51));
#8107 = CIRCLE('',#8108,0.2);
#8108 = AXIS2_PLACEMENT_3D('',#8109,#8110,#8111);
#8109 = CARTESIAN_POINT('',(133.723643,-51.221469,1.51));
#8110 = DIRECTION('',(-0.,0.,-1.));
#8111 = DIRECTION('',(1.42108547152E-13,-1.,-0.));
#8112 = FACE_BOUND('',#8113,.T.);
#8113 = EDGE_LOOP('',(#8114));
#8114 = ORIENTED_EDGE('',*,*,#8115,.T.);
#8115 = EDGE_CURVE('',#8116,#8116,#8118,.T.);
#8116 = VERTEX_POINT('',#8117);
#8117 = CARTESIAN_POINT('',(134.652995,-49.206216,1.51));
#8118 = CIRCLE('',#8119,0.2);
#8119 = AXIS2_PLACEMENT_3D('',#8120,#8121,#8122);
#8120 = CARTESIAN_POINT('',(134.652995,-49.006216,1.51));
#8121 = DIRECTION('',(-0.,0.,-1.));
#8122 = DIRECTION('',(1.42108547152E-13,-1.,-0.));
#8123 = FACE_BOUND('',#8124,.T.);
#8124 = EDGE_LOOP('',(#8125));
#8125 = ORIENTED_EDGE('',*,*,#8126,.T.);
#8126 = EDGE_CURVE('',#8127,#8127,#8129,.T.);
#8127 = VERTEX_POINT('',#8128);
#8128 = CARTESIAN_POINT('',(131.808999,-46.058976,1.51));
#8129 = CIRCLE('',#8130,0.2);
#8130 = AXIS2_PLACEMENT_3D('',#8131,#8132,#8133);
#8131 = CARTESIAN_POINT('',(131.808999,-45.858976,1.51));
#8132 = DIRECTION('',(-0.,0.,-1.));
#8133 = DIRECTION('',(-0.,-1.,0.));
#8134 = FACE_BOUND('',#8135,.T.);
#8135 = EDGE_LOOP('',(#8136));
#8136 = ORIENTED_EDGE('',*,*,#8137,.T.);
#8137 = EDGE_CURVE('',#8138,#8138,#8140,.T.);
#8138 = VERTEX_POINT('',#8139);
#8139 = CARTESIAN_POINT('',(133.5,-46.15,1.51));
#8140 = CIRCLE('',#8141,0.15);
#8141 = AXIS2_PLACEMENT_3D('',#8142,#8143,#8144);
#8142 = CARTESIAN_POINT('',(133.5,-46.,1.51));
#8143 = DIRECTION('',(-0.,0.,-1.));
#8144 = DIRECTION('',(-0.,-1.,0.));
#8145 = FACE_BOUND('',#8146,.T.);
#8146 = EDGE_LOOP('',(#8147));
#8147 = ORIENTED_EDGE('',*,*,#8148,.T.);
#8148 = EDGE_CURVE('',#8149,#8149,#8151,.T.);
#8149 = VERTEX_POINT('',#8150);
#8150 = CARTESIAN_POINT('',(135.5,-43.2,1.51));
#8151 = CIRCLE('',#8152,0.2);
#8152 = AXIS2_PLACEMENT_3D('',#8153,#8154,#8155);
#8153 = CARTESIAN_POINT('',(135.5,-43.,1.51));
#8154 = DIRECTION('',(-0.,0.,-1.));
#8155 = DIRECTION('',(-0.,-1.,0.));
#8156 = FACE_BOUND('',#8157,.T.);
#8157 = EDGE_LOOP('',(#8158));
#8158 = ORIENTED_EDGE('',*,*,#8159,.T.);
#8159 = EDGE_CURVE('',#8160,#8160,#8162,.T.);
#8160 = VERTEX_POINT('',#8161);
#8161 = CARTESIAN_POINT('',(140.00864,-51.551588,1.51));
#8162 = CIRCLE('',#8163,0.2);
#8163 = AXIS2_PLACEMENT_3D('',#8164,#8165,#8166);
#8164 = CARTESIAN_POINT('',(140.00864,-51.351588,1.51));
#8165 = DIRECTION('',(-0.,0.,-1.));
#8166 = DIRECTION('',(-0.,-1.,0.));
#8167 = FACE_BOUND('',#8168,.T.);
#8168 = EDGE_LOOP('',(#8169));
#8169 = ORIENTED_EDGE('',*,*,#8170,.T.);
#8170 = EDGE_CURVE('',#8171,#8171,#8173,.T.);
#8171 = VERTEX_POINT('',#8172);
#8172 = CARTESIAN_POINT('',(139.18602,-48.00518,1.51));
#8173 = CIRCLE('',#8174,0.2);
#8174 = AXIS2_PLACEMENT_3D('',#8175,#8176,#8177);
#8175 = CARTESIAN_POINT('',(139.18602,-47.80518,1.51));
#8176 = DIRECTION('',(-0.,0.,-1.));
#8177 = DIRECTION('',(1.42108547152E-13,-1.,-0.));
#8178 = FACE_BOUND('',#8179,.T.);
#8179 = EDGE_LOOP('',(#8180));
#8180 = ORIENTED_EDGE('',*,*,#8181,.T.);
#8181 = EDGE_CURVE('',#8182,#8182,#8184,.T.);
#8182 = VERTEX_POINT('',#8183);
#8183 = CARTESIAN_POINT('',(137.751484,-46.929271,1.51));
#8184 = CIRCLE('',#8185,0.2);
#8185 = AXIS2_PLACEMENT_3D('',#8186,#8187,#8188);
#8186 = CARTESIAN_POINT('',(137.751484,-46.729271,1.51));
#8187 = DIRECTION('',(-0.,0.,-1.));
#8188 = DIRECTION('',(-0.,-1.,0.));
#8189 = FACE_BOUND('',#8190,.T.);
#8190 = EDGE_LOOP('',(#8191));
#8191 = ORIENTED_EDGE('',*,*,#8192,.T.);
#8192 = EDGE_CURVE('',#8193,#8193,#8195,.T.);
#8193 = VERTEX_POINT('',#8194);
#8194 = CARTESIAN_POINT('',(141.401812,-47.695884,1.51));
#8195 = CIRCLE('',#8196,0.65);
#8196 = AXIS2_PLACEMENT_3D('',#8197,#8198,#8199);
#8197 = CARTESIAN_POINT('',(141.401812,-47.045884,1.51));
#8198 = DIRECTION('',(-0.,0.,-1.));
#8199 = DIRECTION('',(-0.,-1.,0.));
#8200 = FACE_BOUND('',#8201,.T.);
#8201 = EDGE_LOOP('',(#8202));
#8202 = ORIENTED_EDGE('',*,*,#8203,.T.);
#8203 = EDGE_CURVE('',#8204,#8204,#8206,.T.);
#8204 = VERTEX_POINT('',#8205);
#8205 = CARTESIAN_POINT('',(142.02622,-49.359674,1.51));
#8206 = CIRCLE('',#8207,0.2);
#8207 = AXIS2_PLACEMENT_3D('',#8208,#8209,#8210);
#8208 = CARTESIAN_POINT('',(142.02622,-49.159674,1.51));
#8209 = DIRECTION('',(-0.,0.,-1.));
#8210 = DIRECTION('',(-1.42108547152E-13,-1.,0.));
#8211 = FACE_BOUND('',#8212,.T.);
#8212 = EDGE_LOOP('',(#8213));
#8213 = ORIENTED_EDGE('',*,*,#8214,.T.);
#8214 = EDGE_CURVE('',#8215,#8215,#8217,.T.);
#8215 = VERTEX_POINT('',#8216);
#8216 = CARTESIAN_POINT('',(143.403776,-50.551074,1.51));
#8217 = CIRCLE('',#8218,0.2);
#8218 = AXIS2_PLACEMENT_3D('',#8219,#8220,#8221);
#8219 = CARTESIAN_POINT('',(143.403776,-50.351074,1.51));
#8220 = DIRECTION('',(-0.,0.,-1.));
#8221 = DIRECTION('',(-0.,-1.,0.));
#8222 = FACE_BOUND('',#8223,.T.);
#8223 = EDGE_LOOP('',(#8224));
#8224 = ORIENTED_EDGE('',*,*,#8225,.T.);
#8225 = EDGE_CURVE('',#8226,#8226,#8228,.T.);
#8226 = VERTEX_POINT('',#8227);
#8227 = CARTESIAN_POINT('',(143.951812,-48.795884,1.51));
#8228 = CIRCLE('',#8229,0.5);
#8229 = AXIS2_PLACEMENT_3D('',#8230,#8231,#8232);
#8230 = CARTESIAN_POINT('',(143.951812,-48.295884,1.51));
#8231 = DIRECTION('',(-0.,0.,-1.));
#8232 = DIRECTION('',(-0.,-1.,0.));
#8233 = FACE_BOUND('',#8234,.T.);
#8234 = EDGE_LOOP('',(#8235));
#8235 = ORIENTED_EDGE('',*,*,#8236,.T.);
#8236 = EDGE_CURVE('',#8237,#8237,#8239,.T.);
#8237 = VERTEX_POINT('',#8238);
#8238 = CARTESIAN_POINT('',(143.5,-46.65,1.51));
#8239 = CIRCLE('',#8240,0.15);
#8240 = AXIS2_PLACEMENT_3D('',#8241,#8242,#8243);
#8241 = CARTESIAN_POINT('',(143.5,-46.5,1.51));
#8242 = DIRECTION('',(-0.,0.,-1.));
#8243 = DIRECTION('',(-0.,-1.,0.));
#8244 = FACE_BOUND('',#8245,.T.);
#8245 = EDGE_LOOP('',(#8246));
#8246 = ORIENTED_EDGE('',*,*,#8247,.T.);
#8247 = EDGE_CURVE('',#8248,#8248,#8250,.T.);
#8248 = VERTEX_POINT('',#8249);
#8249 = CARTESIAN_POINT('',(138.876998,-44.699086,1.51));
#8250 = CIRCLE('',#8251,0.2);
#8251 = AXIS2_PLACEMENT_3D('',#8252,#8253,#8254);
#8252 = CARTESIAN_POINT('',(138.876998,-44.499086,1.51));
#8253 = DIRECTION('',(-0.,0.,-1.));
#8254 = DIRECTION('',(-1.42108547152E-13,-1.,0.));
#8255 = FACE_BOUND('',#8256,.T.);
#8256 = EDGE_LOOP('',(#8257));
#8257 = ORIENTED_EDGE('',*,*,#8258,.T.);
#8258 = EDGE_CURVE('',#8259,#8259,#8261,.T.);
#8259 = VERTEX_POINT('',#8260);
#8260 = CARTESIAN_POINT('',(141.401812,-45.242942,1.51));
#8261 = CIRCLE('',#8262,0.65);
#8262 = AXIS2_PLACEMENT_3D('',#8263,#8264,#8265);
#8263 = CARTESIAN_POINT('',(141.401812,-44.592942,1.51));
#8264 = DIRECTION('',(-0.,0.,-1.));
#8265 = DIRECTION('',(-0.,-1.,0.));
#8266 = FACE_BOUND('',#8267,.T.);
#8267 = EDGE_LOOP('',(#8268));
#8268 = ORIENTED_EDGE('',*,*,#8269,.T.);
#8269 = EDGE_CURVE('',#8270,#8270,#8272,.T.);
#8270 = VERTEX_POINT('',#8271);
#8271 = CARTESIAN_POINT('',(143.951812,-43.842942,1.51));
#8272 = CIRCLE('',#8273,0.5);
#8273 = AXIS2_PLACEMENT_3D('',#8274,#8275,#8276);
#8274 = CARTESIAN_POINT('',(143.951812,-43.342942,1.51));
#8275 = DIRECTION('',(-0.,0.,-1.));
#8276 = DIRECTION('',(-0.,-1.,0.));
#8277 = FACE_BOUND('',#8278,.T.);
#8278 = EDGE_LOOP('',(#8279));
#8279 = ORIENTED_EDGE('',*,*,#8280,.T.);
#8280 = EDGE_CURVE('',#8281,#8281,#8283,.T.);
#8281 = VERTEX_POINT('',#8282);
#8282 = CARTESIAN_POINT('',(145.881173,-43.561369,1.51));
#8283 = CIRCLE('',#8284,0.2);
#8284 = AXIS2_PLACEMENT_3D('',#8285,#8286,#8287);
#8285 = CARTESIAN_POINT('',(145.881173,-43.361369,1.51));
#8286 = DIRECTION('',(-0.,0.,-1.));
#8287 = DIRECTION('',(-0.,-1.,0.));
#8288 = FACE_BOUND('',#8289,.T.);
#8289 = EDGE_LOOP('',(#8290,#8301,#8309,#8318));
#8290 = ORIENTED_EDGE('',*,*,#8291,.T.);
#8291 = EDGE_CURVE('',#8292,#8294,#8296,.T.);
#8292 = VERTEX_POINT('',#8293);
#8293 = CARTESIAN_POINT('',(111.669939,-41.219752,1.51));
#8294 = VERTEX_POINT('',#8295);
#8295 = CARTESIAN_POINT('',(111.669939,-40.619752,1.51));
#8296 = CIRCLE('',#8297,0.3);
#8297 = AXIS2_PLACEMENT_3D('',#8298,#8299,#8300);
#8298 = CARTESIAN_POINT('',(111.669939,-40.919752,1.51));
#8299 = DIRECTION('',(-0.,0.,-1.));
#8300 = DIRECTION('',(0.,1.,0.));
#8301 = ORIENTED_EDGE('',*,*,#8302,.T.);
#8302 = EDGE_CURVE('',#8294,#8303,#8305,.T.);
#8303 = VERTEX_POINT('',#8304);
#8304 = CARTESIAN_POINT('',(112.469939,-40.619752,1.51));
#8305 = LINE('',#8306,#8307);
#8306 = CARTESIAN_POINT('',(56.2349695,-40.619752,1.51));
#8307 = VECTOR('',#8308,1.);
#8308 = DIRECTION('',(1.,0.,-0.));
#8309 = ORIENTED_EDGE('',*,*,#8310,.T.);
#8310 = EDGE_CURVE('',#8303,#8311,#8313,.T.);
#8311 = VERTEX_POINT('',#8312);
#8312 = CARTESIAN_POINT('',(112.469939,-41.219752,1.51));
#8313 = CIRCLE('',#8314,0.3);
#8314 = AXIS2_PLACEMENT_3D('',#8315,#8316,#8317);
#8315 = CARTESIAN_POINT('',(112.469939,-40.919752,1.51));
#8316 = DIRECTION('',(-0.,0.,-1.));
#8317 = DIRECTION('',(4.736951571734E-14,-1.,-0.));
#8318 = ORIENTED_EDGE('',*,*,#8319,.T.);
#8319 = EDGE_CURVE('',#8311,#8292,#8320,.T.);
#8320 = LINE('',#8321,#8322);
#8321 = CARTESIAN_POINT('',(55.8349695,-41.219752,1.51));
#8322 = VECTOR('',#8323,1.);
#8323 = DIRECTION('',(-1.,0.,0.));
#8324 = FACE_BOUND('',#8325,.T.);
#8325 = EDGE_LOOP('',(#8326));
#8326 = ORIENTED_EDGE('',*,*,#8327,.T.);
#8327 = EDGE_CURVE('',#8328,#8328,#8330,.T.);
#8328 = VERTEX_POINT('',#8329);
#8329 = CARTESIAN_POINT('',(114.294756,-39.966675,1.51));
#8330 = CIRCLE('',#8331,0.2);
#8331 = AXIS2_PLACEMENT_3D('',#8332,#8333,#8334);
#8332 = CARTESIAN_POINT('',(114.294756,-39.766675,1.51));
#8333 = DIRECTION('',(-0.,0.,-1.));
#8334 = DIRECTION('',(-0.,-1.,0.));
#8335 = FACE_BOUND('',#8336,.T.);
#8336 = EDGE_LOOP('',(#8337));
#8337 = ORIENTED_EDGE('',*,*,#8338,.T.);
#8338 = EDGE_CURVE('',#8339,#8339,#8341,.T.);
#8339 = VERTEX_POINT('',#8340);
#8340 = CARTESIAN_POINT('',(112.5,-38.2,1.51));
#8341 = CIRCLE('',#8342,0.2);
#8342 = AXIS2_PLACEMENT_3D('',#8343,#8344,#8345);
#8343 = CARTESIAN_POINT('',(112.5,-38.,1.51));
#8344 = DIRECTION('',(-0.,0.,-1.));
#8345 = DIRECTION('',(-0.,-1.,0.));
#8346 = FACE_BOUND('',#8347,.T.);
#8347 = EDGE_LOOP('',(#8348));
#8348 = ORIENTED_EDGE('',*,*,#8349,.T.);
#8349 = EDGE_CURVE('',#8350,#8350,#8352,.T.);
#8350 = VERTEX_POINT('',#8351);
#8351 = CARTESIAN_POINT('',(114.5,-38.2,1.51));
#8352 = CIRCLE('',#8353,0.2);
#8353 = AXIS2_PLACEMENT_3D('',#8354,#8355,#8356);
#8354 = CARTESIAN_POINT('',(114.5,-38.,1.51));
#8355 = DIRECTION('',(-0.,0.,-1.));
#8356 = DIRECTION('',(-0.,-1.,0.));
#8357 = FACE_BOUND('',#8358,.T.);
#8358 = EDGE_LOOP('',(#8359,#8370,#8378,#8387));
#8359 = ORIENTED_EDGE('',*,*,#8360,.T.);
#8360 = EDGE_CURVE('',#8361,#8363,#8365,.T.);
#8361 = VERTEX_POINT('',#8362);
#8362 = CARTESIAN_POINT('',(115.689939,-41.219752,1.51));
#8363 = VERTEX_POINT('',#8364);
#8364 = CARTESIAN_POINT('',(115.689939,-40.619752,1.51));
#8365 = CIRCLE('',#8366,0.3);
#8366 = AXIS2_PLACEMENT_3D('',#8367,#8368,#8369);
#8367 = CARTESIAN_POINT('',(115.689939,-40.919752,1.51));
#8368 = DIRECTION('',(-0.,0.,-1.));
#8369 = DIRECTION('',(-4.736951571734E-14,1.,0.));
#8370 = ORIENTED_EDGE('',*,*,#8371,.T.);
#8371 = EDGE_CURVE('',#8363,#8372,#8374,.T.);
#8372 = VERTEX_POINT('',#8373);
#8373 = CARTESIAN_POINT('',(116.789939,-40.619752,1.51));
#8374 = LINE('',#8375,#8376);
#8375 = CARTESIAN_POINT('',(58.3949695,-40.619752,1.51));
#8376 = VECTOR('',#8377,1.);
#8377 = DIRECTION('',(1.,0.,-0.));
#8378 = ORIENTED_EDGE('',*,*,#8379,.T.);
#8379 = EDGE_CURVE('',#8372,#8380,#8382,.T.);
#8380 = VERTEX_POINT('',#8381);
#8381 = CARTESIAN_POINT('',(116.789939,-41.219752,1.51));
#8382 = CIRCLE('',#8383,0.3);
#8383 = AXIS2_PLACEMENT_3D('',#8384,#8385,#8386);
#8384 = CARTESIAN_POINT('',(116.789939,-40.919752,1.51));
#8385 = DIRECTION('',(-0.,0.,-1.));
#8386 = DIRECTION('',(-0.,-1.,0.));
#8387 = ORIENTED_EDGE('',*,*,#8388,.T.);
#8388 = EDGE_CURVE('',#8380,#8361,#8389,.T.);
#8389 = LINE('',#8390,#8391);
#8390 = CARTESIAN_POINT('',(57.8449695,-41.219752,1.51));
#8391 = VECTOR('',#8392,1.);
#8392 = DIRECTION('',(-1.,0.,0.));
#8393 = FACE_BOUND('',#8394,.T.);
#8394 = EDGE_LOOP('',(#8395));
#8395 = ORIENTED_EDGE('',*,*,#8396,.T.);
#8396 = EDGE_CURVE('',#8397,#8397,#8399,.T.);
#8397 = VERTEX_POINT('',#8398);
#8398 = CARTESIAN_POINT('',(115.749939,-39.784752,1.51));
#8399 = CIRCLE('',#8400,0.3);
#8400 = AXIS2_PLACEMENT_3D('',#8401,#8402,#8403);
#8401 = CARTESIAN_POINT('',(115.749939,-39.484752,1.51));
#8402 = DIRECTION('',(-0.,0.,-1.));
#8403 = DIRECTION('',(-0.,-1.,0.));
#8404 = FACE_BOUND('',#8405,.T.);
#8405 = EDGE_LOOP('',(#8406));
#8406 = ORIENTED_EDGE('',*,*,#8407,.T.);
#8407 = EDGE_CURVE('',#8408,#8408,#8410,.T.);
#8408 = VERTEX_POINT('',#8409);
#8409 = CARTESIAN_POINT('',(116.816747,-39.975242,1.51));
#8410 = CIRCLE('',#8411,0.15);
#8411 = AXIS2_PLACEMENT_3D('',#8412,#8413,#8414);
#8412 = CARTESIAN_POINT('',(116.816747,-39.825242,1.51));
#8413 = DIRECTION('',(-0.,0.,-1.));
#8414 = DIRECTION('',(9.473903143467E-14,-1.,-0.));
#8415 = FACE_BOUND('',#8416,.T.);
#8416 = EDGE_LOOP('',(#8417));
#8417 = ORIENTED_EDGE('',*,*,#8418,.T.);
#8418 = EDGE_CURVE('',#8419,#8419,#8421,.T.);
#8419 = VERTEX_POINT('',#8420);
#8420 = CARTESIAN_POINT('',(119.,-39.65,1.51));
#8421 = CIRCLE('',#8422,0.15);
#8422 = AXIS2_PLACEMENT_3D('',#8423,#8424,#8425);
#8423 = CARTESIAN_POINT('',(119.,-39.5,1.51));
#8424 = DIRECTION('',(-0.,0.,-1.));
#8425 = DIRECTION('',(-0.,-1.,0.));
#8426 = FACE_BOUND('',#8427,.T.);
#8427 = EDGE_LOOP('',(#8428));
#8428 = ORIENTED_EDGE('',*,*,#8429,.T.);
#8429 = EDGE_CURVE('',#8430,#8430,#8432,.T.);
#8430 = VERTEX_POINT('',#8431);
#8431 = CARTESIAN_POINT('',(118.524655,-37.468916,1.51));
#8432 = CIRCLE('',#8433,0.15);
#8433 = AXIS2_PLACEMENT_3D('',#8434,#8435,#8436);
#8434 = CARTESIAN_POINT('',(118.524655,-37.318916,1.51));
#8435 = DIRECTION('',(-0.,0.,-1.));
#8436 = DIRECTION('',(-0.,-1.,0.));
#8437 = FACE_BOUND('',#8438,.T.);
#8438 = EDGE_LOOP('',(#8439));
#8439 = ORIENTED_EDGE('',*,*,#8440,.T.);
#8440 = EDGE_CURVE('',#8441,#8441,#8443,.T.);
#8441 = VERTEX_POINT('',#8442);
#8442 = CARTESIAN_POINT('',(118.52583,-36.280045,1.51));
#8443 = CIRCLE('',#8444,0.15);
#8444 = AXIS2_PLACEMENT_3D('',#8445,#8446,#8447);
#8445 = CARTESIAN_POINT('',(118.52583,-36.130045,1.51));
#8446 = DIRECTION('',(-0.,0.,-1.));
#8447 = DIRECTION('',(-0.,-1.,0.));
#8448 = FACE_BOUND('',#8449,.T.);
#8449 = EDGE_LOOP('',(#8450));
#8450 = ORIENTED_EDGE('',*,*,#8451,.T.);
#8451 = EDGE_CURVE('',#8452,#8452,#8454,.T.);
#8452 = VERTEX_POINT('',#8453);
#8453 = CARTESIAN_POINT('',(111.642958,-33.946687,1.51));
#8454 = CIRCLE('',#8455,0.2);
#8455 = AXIS2_PLACEMENT_3D('',#8456,#8457,#8458);
#8456 = CARTESIAN_POINT('',(111.642958,-33.746687,1.51));
#8457 = DIRECTION('',(-0.,0.,-1.));
#8458 = DIRECTION('',(-0.,-1.,0.));
#8459 = FACE_BOUND('',#8460,.T.);
#8460 = EDGE_LOOP('',(#8461,#8472,#8480,#8489));
#8461 = ORIENTED_EDGE('',*,*,#8462,.T.);
#8462 = EDGE_CURVE('',#8463,#8465,#8467,.T.);
#8463 = VERTEX_POINT('',#8464);
#8464 = CARTESIAN_POINT('',(111.669939,-32.569752,1.51));
#8465 = VERTEX_POINT('',#8466);
#8466 = CARTESIAN_POINT('',(111.669939,-31.969752,1.51));
#8467 = CIRCLE('',#8468,0.3);
#8468 = AXIS2_PLACEMENT_3D('',#8469,#8470,#8471);
#8469 = CARTESIAN_POINT('',(111.669939,-32.269752,1.51));
#8470 = DIRECTION('',(-0.,0.,-1.));
#8471 = DIRECTION('',(0.,1.,0.));
#8472 = ORIENTED_EDGE('',*,*,#8473,.T.);
#8473 = EDGE_CURVE('',#8465,#8474,#8476,.T.);
#8474 = VERTEX_POINT('',#8475);
#8475 = CARTESIAN_POINT('',(112.469939,-31.969752,1.51));
#8476 = LINE('',#8477,#8478);
#8477 = CARTESIAN_POINT('',(56.2349695,-31.969752,1.51));
#8478 = VECTOR('',#8479,1.);
#8479 = DIRECTION('',(1.,0.,-0.));
#8480 = ORIENTED_EDGE('',*,*,#8481,.T.);
#8481 = EDGE_CURVE('',#8474,#8482,#8484,.T.);
#8482 = VERTEX_POINT('',#8483);
#8483 = CARTESIAN_POINT('',(112.469939,-32.569752,1.51));
#8484 = CIRCLE('',#8485,0.3);
#8485 = AXIS2_PLACEMENT_3D('',#8486,#8487,#8488);
#8486 = CARTESIAN_POINT('',(112.469939,-32.269752,1.51));
#8487 = DIRECTION('',(-0.,0.,-1.));
#8488 = DIRECTION('',(4.736951571734E-14,-1.,-0.));
#8489 = ORIENTED_EDGE('',*,*,#8490,.T.);
#8490 = EDGE_CURVE('',#8482,#8463,#8491,.T.);
#8491 = LINE('',#8492,#8493);
#8492 = CARTESIAN_POINT('',(55.8349695,-32.569752,1.51));
#8493 = VECTOR('',#8494,1.);
#8494 = DIRECTION('',(-1.,0.,0.));
#8495 = FACE_BOUND('',#8496,.T.);
#8496 = EDGE_LOOP('',(#8497));
#8497 = ORIENTED_EDGE('',*,*,#8498,.T.);
#8498 = EDGE_CURVE('',#8499,#8499,#8501,.T.);
#8499 = VERTEX_POINT('',#8500);
#8500 = CARTESIAN_POINT('',(115.749939,-34.004752,1.51));
#8501 = CIRCLE('',#8502,0.3);
#8502 = AXIS2_PLACEMENT_3D('',#8503,#8504,#8505);
#8503 = CARTESIAN_POINT('',(115.749939,-33.704752,1.51));
#8504 = DIRECTION('',(-0.,0.,-1.));
#8505 = DIRECTION('',(-0.,-1.,0.));
#8506 = FACE_BOUND('',#8507,.T.);
#8507 = EDGE_LOOP('',(#8508));
#8508 = ORIENTED_EDGE('',*,*,#8509,.T.);
#8509 = EDGE_CURVE('',#8510,#8510,#8512,.T.);
#8510 = VERTEX_POINT('',#8511);
#8511 = CARTESIAN_POINT('',(116.835253,-34.34539,1.51));
#8512 = CIRCLE('',#8513,0.15);
#8513 = AXIS2_PLACEMENT_3D('',#8514,#8515,#8516);
#8514 = CARTESIAN_POINT('',(116.835253,-34.19539,1.51));
#8515 = DIRECTION('',(-0.,0.,-1.));
#8516 = DIRECTION('',(-0.,-1.,0.));
#8517 = FACE_BOUND('',#8518,.T.);
#8518 = EDGE_LOOP('',(#8519));
#8519 = ORIENTED_EDGE('',*,*,#8520,.T.);
#8520 = EDGE_CURVE('',#8521,#8521,#8523,.T.);
#8521 = VERTEX_POINT('',#8522);
#8522 = CARTESIAN_POINT('',(116.835604,-33.527821,1.51));
#8523 = CIRCLE('',#8524,0.15);
#8524 = AXIS2_PLACEMENT_3D('',#8525,#8526,#8527);
#8525 = CARTESIAN_POINT('',(116.835604,-33.377821,1.51));
#8526 = DIRECTION('',(-0.,0.,-1.));
#8527 = DIRECTION('',(9.473903143467E-14,-1.,-0.));
#8528 = FACE_BOUND('',#8529,.T.);
#8529 = EDGE_LOOP('',(#8530,#8541,#8549,#8558));
#8530 = ORIENTED_EDGE('',*,*,#8531,.T.);
#8531 = EDGE_CURVE('',#8532,#8534,#8536,.T.);
#8532 = VERTEX_POINT('',#8533);
#8533 = CARTESIAN_POINT('',(115.689939,-32.569752,1.51));
#8534 = VERTEX_POINT('',#8535);
#8535 = CARTESIAN_POINT('',(115.689939,-31.969752,1.51));
#8536 = CIRCLE('',#8537,0.3);
#8537 = AXIS2_PLACEMENT_3D('',#8538,#8539,#8540);
#8538 = CARTESIAN_POINT('',(115.689939,-32.269752,1.51));
#8539 = DIRECTION('',(-0.,0.,-1.));
#8540 = DIRECTION('',(-4.736951571734E-14,1.,0.));
#8541 = ORIENTED_EDGE('',*,*,#8542,.T.);
#8542 = EDGE_CURVE('',#8534,#8543,#8545,.T.);
#8543 = VERTEX_POINT('',#8544);
#8544 = CARTESIAN_POINT('',(116.789939,-31.969752,1.51));
#8545 = LINE('',#8546,#8547);
#8546 = CARTESIAN_POINT('',(58.3949695,-31.969752,1.51));
#8547 = VECTOR('',#8548,1.);
#8548 = DIRECTION('',(1.,0.,-0.));
#8549 = ORIENTED_EDGE('',*,*,#8550,.T.);
#8550 = EDGE_CURVE('',#8543,#8551,#8553,.T.);
#8551 = VERTEX_POINT('',#8552);
#8552 = CARTESIAN_POINT('',(116.789939,-32.569752,1.51));
#8553 = CIRCLE('',#8554,0.3);
#8554 = AXIS2_PLACEMENT_3D('',#8555,#8556,#8557);
#8555 = CARTESIAN_POINT('',(116.789939,-32.269752,1.51));
#8556 = DIRECTION('',(-0.,0.,-1.));
#8557 = DIRECTION('',(-0.,-1.,0.));
#8558 = ORIENTED_EDGE('',*,*,#8559,.T.);
#8559 = EDGE_CURVE('',#8551,#8532,#8560,.T.);
#8560 = LINE('',#8561,#8562);
#8561 = CARTESIAN_POINT('',(57.8449695,-32.569752,1.51));
#8562 = VECTOR('',#8563,1.);
#8563 = DIRECTION('',(-1.,0.,0.));
#8564 = FACE_BOUND('',#8565,.T.);
#8565 = EDGE_LOOP('',(#8566));
#8566 = ORIENTED_EDGE('',*,*,#8567,.T.);
#8567 = EDGE_CURVE('',#8568,#8568,#8570,.T.);
#8568 = VERTEX_POINT('',#8569);
#8569 = CARTESIAN_POINT('',(118.193565,-32.440218,1.51));
#8570 = CIRCLE('',#8571,0.15);
#8571 = AXIS2_PLACEMENT_3D('',#8572,#8573,#8574);
#8572 = CARTESIAN_POINT('',(118.193565,-32.290218,1.51));
#8573 = DIRECTION('',(-0.,0.,-1.));
#8574 = DIRECTION('',(-0.,-1.,0.));
#8575 = FACE_BOUND('',#8576,.T.);
#8576 = EDGE_LOOP('',(#8577));
#8577 = ORIENTED_EDGE('',*,*,#8578,.T.);
#8578 = EDGE_CURVE('',#8579,#8579,#8581,.T.);
#8579 = VERTEX_POINT('',#8580);
#8580 = CARTESIAN_POINT('',(128.133234,-40.632272,1.51));
#8581 = CIRCLE('',#8582,0.2);
#8582 = AXIS2_PLACEMENT_3D('',#8583,#8584,#8585);
#8583 = CARTESIAN_POINT('',(128.133234,-40.432272,1.51));
#8584 = DIRECTION('',(-0.,0.,-1.));
#8585 = DIRECTION('',(-1.42108547152E-13,-1.,0.));
#8586 = FACE_BOUND('',#8587,.T.);
#8587 = EDGE_LOOP('',(#8588));
#8588 = ORIENTED_EDGE('',*,*,#8589,.T.);
#8589 = EDGE_CURVE('',#8590,#8590,#8592,.T.);
#8590 = VERTEX_POINT('',#8591);
#8591 = CARTESIAN_POINT('',(127.144637,-36.3,1.51));
#8592 = CIRCLE('',#8593,0.2);
#8593 = AXIS2_PLACEMENT_3D('',#8594,#8595,#8596);
#8594 = CARTESIAN_POINT('',(127.144637,-36.1,1.51));
#8595 = DIRECTION('',(-0.,0.,-1.));
#8596 = DIRECTION('',(-0.,-1.,0.));
#8597 = FACE_BOUND('',#8598,.T.);
#8598 = EDGE_LOOP('',(#8599));
#8599 = ORIENTED_EDGE('',*,*,#8600,.T.);
#8600 = EDGE_CURVE('',#8601,#8601,#8603,.T.);
#8601 = VERTEX_POINT('',#8602);
#8602 = CARTESIAN_POINT('',(121.649212,-34.378249,1.51));
#8603 = CIRCLE('',#8604,0.15);
#8604 = AXIS2_PLACEMENT_3D('',#8605,#8606,#8607);
#8605 = CARTESIAN_POINT('',(121.649212,-34.228249,1.51));
#8606 = DIRECTION('',(-0.,0.,-1.));
#8607 = DIRECTION('',(-0.,-1.,0.));
#8608 = FACE_BOUND('',#8609,.T.);
#8609 = EDGE_LOOP('',(#8610));
#8610 = ORIENTED_EDGE('',*,*,#8611,.T.);
#8611 = EDGE_CURVE('',#8612,#8612,#8614,.T.);
#8612 = VERTEX_POINT('',#8613);
#8613 = CARTESIAN_POINT('',(123.971015,-31.850295,1.51));
#8614 = CIRCLE('',#8615,0.2);
#8615 = AXIS2_PLACEMENT_3D('',#8616,#8617,#8618);
#8616 = CARTESIAN_POINT('',(123.971015,-31.650295,1.51));
#8617 = DIRECTION('',(-0.,0.,-1.));
#8618 = DIRECTION('',(-0.,-1.,0.));
#8619 = FACE_BOUND('',#8620,.T.);
#8620 = EDGE_LOOP('',(#8621));
#8621 = ORIENTED_EDGE('',*,*,#8622,.T.);
#8622 = EDGE_CURVE('',#8623,#8623,#8625,.T.);
#8623 = VERTEX_POINT('',#8624);
#8624 = CARTESIAN_POINT('',(126.,-31.2,1.51));
#8625 = CIRCLE('',#8626,0.2);
#8626 = AXIS2_PLACEMENT_3D('',#8627,#8628,#8629);
#8627 = CARTESIAN_POINT('',(126.,-31.,1.51));
#8628 = DIRECTION('',(-0.,0.,-1.));
#8629 = DIRECTION('',(-0.,-1.,0.));
#8630 = FACE_BOUND('',#8631,.T.);
#8631 = EDGE_LOOP('',(#8632));
#8632 = ORIENTED_EDGE('',*,*,#8633,.T.);
#8633 = EDGE_CURVE('',#8634,#8634,#8636,.T.);
#8634 = VERTEX_POINT('',#8635);
#8635 = CARTESIAN_POINT('',(127.81692,-32.2,1.51));
#8636 = CIRCLE('',#8637,0.2);
#8637 = AXIS2_PLACEMENT_3D('',#8638,#8639,#8640);
#8638 = CARTESIAN_POINT('',(127.81692,-32.,1.51));
#8639 = DIRECTION('',(-0.,0.,-1.));
#8640 = DIRECTION('',(-0.,-1.,0.));
#8641 = FACE_BOUND('',#8642,.T.);
#8642 = EDGE_LOOP('',(#8643));
#8643 = ORIENTED_EDGE('',*,*,#8644,.T.);
#8644 = EDGE_CURVE('',#8645,#8645,#8647,.T.);
#8645 = VERTEX_POINT('',#8646);
#8646 = CARTESIAN_POINT('',(117.314335,-30.643356,1.51));
#8647 = CIRCLE('',#8648,0.2);
#8648 = AXIS2_PLACEMENT_3D('',#8649,#8650,#8651);
#8649 = CARTESIAN_POINT('',(117.314335,-30.443356,1.51));
#8650 = DIRECTION('',(-0.,0.,-1.));
#8651 = DIRECTION('',(-0.,-1.,0.));
#8652 = FACE_BOUND('',#8653,.T.);
#8653 = EDGE_LOOP('',(#8654));
#8654 = ORIENTED_EDGE('',*,*,#8655,.T.);
#8655 = EDGE_CURVE('',#8656,#8656,#8658,.T.);
#8656 = VERTEX_POINT('',#8657);
#8657 = CARTESIAN_POINT('',(117.338461,-28.592657,1.51));
#8658 = CIRCLE('',#8659,0.2);
#8659 = AXIS2_PLACEMENT_3D('',#8660,#8661,#8662);
#8660 = CARTESIAN_POINT('',(117.338461,-28.392657,1.51));
#8661 = DIRECTION('',(-0.,0.,-1.));
#8662 = DIRECTION('',(-0.,-1.,0.));
#8663 = FACE_BOUND('',#8664,.T.);
#8664 = EDGE_LOOP('',(#8665));
#8665 = ORIENTED_EDGE('',*,*,#8666,.T.);
#8666 = EDGE_CURVE('',#8667,#8667,#8669,.T.);
#8667 = VERTEX_POINT('',#8668);
#8668 = CARTESIAN_POINT('',(119.751048,-27.57937,1.51));
#8669 = CIRCLE('',#8670,0.2);
#8670 = AXIS2_PLACEMENT_3D('',#8671,#8672,#8673);
#8671 = CARTESIAN_POINT('',(119.751048,-27.37937,1.51));
#8672 = DIRECTION('',(-0.,0.,-1.));
#8673 = DIRECTION('',(-0.,-1.,0.));
#8674 = FACE_BOUND('',#8675,.T.);
#8675 = EDGE_LOOP('',(#8676));
#8676 = ORIENTED_EDGE('',*,*,#8677,.T.);
#8677 = EDGE_CURVE('',#8678,#8678,#8680,.T.);
#8678 = VERTEX_POINT('',#8679);
#8679 = CARTESIAN_POINT('',(111.355244,-21.330769,1.51));
#8680 = CIRCLE('',#8681,0.2);
#8681 = AXIS2_PLACEMENT_3D('',#8682,#8683,#8684);
#8682 = CARTESIAN_POINT('',(111.355244,-21.130769,1.51));
#8683 = DIRECTION('',(-0.,0.,-1.));
#8684 = DIRECTION('',(-0.,-1.,0.));
#8685 = FACE_BOUND('',#8686,.T.);
#8686 = EDGE_LOOP('',(#8687));
#8687 = ORIENTED_EDGE('',*,*,#8688,.T.);
#8688 = EDGE_CURVE('',#8689,#8689,#8691,.T.);
#8689 = VERTEX_POINT('',#8690);
#8690 = CARTESIAN_POINT('',(113.116433,-20.896503,1.51));
#8691 = CIRCLE('',#8692,0.2);
#8692 = AXIS2_PLACEMENT_3D('',#8693,#8694,#8695);
#8693 = CARTESIAN_POINT('',(113.116433,-20.696503,1.51));
#8694 = DIRECTION('',(-0.,0.,-1.));
#8695 = DIRECTION('',(-0.,-1.,0.));
#8696 = FACE_BOUND('',#8697,.T.);
#8697 = EDGE_LOOP('',(#8698));
#8698 = ORIENTED_EDGE('',*,*,#8699,.T.);
#8699 = EDGE_CURVE('',#8700,#8700,#8702,.T.);
#8700 = VERTEX_POINT('',#8701);
#8701 = CARTESIAN_POINT('',(116.35,-26.3,1.51));
#8702 = CIRCLE('',#8703,1.1);
#8703 = AXIS2_PLACEMENT_3D('',#8704,#8705,#8706);
#8704 = CARTESIAN_POINT('',(116.35,-25.2,1.51));
#8705 = DIRECTION('',(-0.,0.,-1.));
#8706 = DIRECTION('',(-0.,-1.,0.));
#8707 = FACE_BOUND('',#8708,.T.);
#8708 = EDGE_LOOP('',(#8709));
#8709 = ORIENTED_EDGE('',*,*,#8710,.T.);
#8710 = EDGE_CURVE('',#8711,#8711,#8713,.T.);
#8711 = VERTEX_POINT('',#8712);
#8712 = CARTESIAN_POINT('',(117.483216,-21.161888,1.51));
#8713 = CIRCLE('',#8714,0.2);
#8714 = AXIS2_PLACEMENT_3D('',#8715,#8716,#8717);
#8715 = CARTESIAN_POINT('',(117.483216,-20.961888,1.51));
#8716 = DIRECTION('',(-0.,0.,-1.));
#8717 = DIRECTION('',(-0.,-1.,0.));
#8718 = FACE_BOUND('',#8719,.T.);
#8719 = EDGE_LOOP('',(#8720));
#8720 = ORIENTED_EDGE('',*,*,#8721,.T.);
#8721 = EDGE_CURVE('',#8722,#8722,#8724,.T.);
#8722 = VERTEX_POINT('',#8723);
#8723 = CARTESIAN_POINT('',(120.134353,-30.002934,1.51));
#8724 = CIRCLE('',#8725,0.15);
#8725 = AXIS2_PLACEMENT_3D('',#8726,#8727,#8728);
#8726 = CARTESIAN_POINT('',(120.134353,-29.852934,1.51));
#8727 = DIRECTION('',(-0.,0.,-1.));
#8728 = DIRECTION('',(-0.,-1.,0.));
#8729 = FACE_BOUND('',#8730,.T.);
#8730 = EDGE_LOOP('',(#8731));
#8731 = ORIENTED_EDGE('',*,*,#8732,.T.);
#8732 = EDGE_CURVE('',#8733,#8733,#8735,.T.);
#8733 = VERTEX_POINT('',#8734);
#8734 = CARTESIAN_POINT('',(121.639847,-28.249347,1.51));
#8735 = CIRCLE('',#8736,0.15);
#8736 = AXIS2_PLACEMENT_3D('',#8737,#8738,#8739);
#8737 = CARTESIAN_POINT('',(121.639847,-28.099347,1.51));
#8738 = DIRECTION('',(-0.,0.,-1.));
#8739 = DIRECTION('',(-0.,-1.,0.));
#8740 = FACE_BOUND('',#8741,.T.);
#8741 = EDGE_LOOP('',(#8742));
#8742 = ORIENTED_EDGE('',*,*,#8743,.T.);
#8743 = EDGE_CURVE('',#8744,#8744,#8746,.T.);
#8744 = VERTEX_POINT('',#8745);
#8745 = CARTESIAN_POINT('',(124.021113,-29.971605,1.51));
#8746 = CIRCLE('',#8747,0.2);
#8747 = AXIS2_PLACEMENT_3D('',#8748,#8749,#8750);
#8748 = CARTESIAN_POINT('',(124.021113,-29.771605,1.51));
#8749 = DIRECTION('',(-0.,0.,-1.));
#8750 = DIRECTION('',(-0.,-1.,0.));
#8751 = FACE_BOUND('',#8752,.T.);
#8752 = EDGE_LOOP('',(#8753));
#8753 = ORIENTED_EDGE('',*,*,#8754,.T.);
#8754 = EDGE_CURVE('',#8755,#8755,#8757,.T.);
#8755 = VERTEX_POINT('',#8756);
#8756 = CARTESIAN_POINT('',(121.639847,-27.400271,1.51));
#8757 = CIRCLE('',#8758,0.15);
#8758 = AXIS2_PLACEMENT_3D('',#8759,#8760,#8761);
#8759 = CARTESIAN_POINT('',(121.639847,-27.250271,1.51));
#8760 = DIRECTION('',(-0.,0.,-1.));
#8761 = DIRECTION('',(-0.,-1.,0.));
#8762 = FACE_BOUND('',#8763,.T.);
#8763 = EDGE_LOOP('',(#8764));
#8764 = ORIENTED_EDGE('',*,*,#8765,.T.);
#8765 = EDGE_CURVE('',#8766,#8766,#8768,.T.);
#8766 = VERTEX_POINT('',#8767);
#8767 = CARTESIAN_POINT('',(124.021113,-28.042817,1.51));
#8768 = CIRCLE('',#8769,0.2);
#8769 = AXIS2_PLACEMENT_3D('',#8770,#8771,#8772);
#8770 = CARTESIAN_POINT('',(124.021113,-27.842817,1.51));
#8771 = DIRECTION('',(-0.,0.,-1.));
#8772 = DIRECTION('',(-0.,-1.,0.));
#8773 = FACE_BOUND('',#8774,.T.);
#8774 = EDGE_LOOP('',(#8775));
#8775 = ORIENTED_EDGE('',*,*,#8776,.T.);
#8776 = EDGE_CURVE('',#8777,#8777,#8779,.T.);
#8777 = VERTEX_POINT('',#8778);
#8778 = CARTESIAN_POINT('',(124.,-26.2,1.51));
#8779 = CIRCLE('',#8780,0.2);
#8780 = AXIS2_PLACEMENT_3D('',#8781,#8782,#8783);
#8781 = CARTESIAN_POINT('',(124.,-26.,1.51));
#8782 = DIRECTION('',(-0.,0.,-1.));
#8783 = DIRECTION('',(-0.,-1.,0.));
#8784 = FACE_BOUND('',#8785,.T.);
#8785 = EDGE_LOOP('',(#8786));
#8786 = ORIENTED_EDGE('',*,*,#8787,.T.);
#8787 = EDGE_CURVE('',#8788,#8788,#8790,.T.);
#8788 = VERTEX_POINT('',#8789);
#8789 = CARTESIAN_POINT('',(124.046162,-24.410684,1.51));
#8790 = CIRCLE('',#8791,0.2);
#8791 = AXIS2_PLACEMENT_3D('',#8792,#8793,#8794);
#8792 = CARTESIAN_POINT('',(124.046162,-24.210684,1.51));
#8793 = DIRECTION('',(-0.,0.,-1.));
#8794 = DIRECTION('',(-7.105427357601E-14,-1.,0.));
#8795 = FACE_BOUND('',#8796,.T.);
#8796 = EDGE_LOOP('',(#8797));
#8797 = ORIENTED_EDGE('',*,*,#8798,.T.);
#8798 = EDGE_CURVE('',#8799,#8799,#8801,.T.);
#8799 = VERTEX_POINT('',#8800);
#8800 = CARTESIAN_POINT('',(123.101115,-22.748704,1.51));
#8801 = CIRCLE('',#8802,0.2);
#8802 = AXIS2_PLACEMENT_3D('',#8803,#8804,#8805);
#8803 = CARTESIAN_POINT('',(123.101115,-22.548704,1.51));
#8804 = DIRECTION('',(-0.,0.,-1.));
#8805 = DIRECTION('',(-0.,-1.,0.));
#8806 = FACE_BOUND('',#8807,.T.);
#8807 = EDGE_LOOP('',(#8808));
#8808 = ORIENTED_EDGE('',*,*,#8809,.T.);
#8809 = EDGE_CURVE('',#8810,#8810,#8812,.T.);
#8810 = VERTEX_POINT('',#8811);
#8811 = CARTESIAN_POINT('',(123.541312,-21.596424,1.51));
#8812 = CIRCLE('',#8813,0.2);
#8813 = AXIS2_PLACEMENT_3D('',#8814,#8815,#8816);
#8814 = CARTESIAN_POINT('',(123.541312,-21.396424,1.51));
#8815 = DIRECTION('',(-0.,0.,-1.));
#8816 = DIRECTION('',(-0.,-1.,0.));
#8817 = FACE_BOUND('',#8818,.T.);
#8818 = EDGE_LOOP('',(#8819));
#8819 = ORIENTED_EDGE('',*,*,#8820,.T.);
#8820 = EDGE_CURVE('',#8821,#8821,#8823,.T.);
#8821 = VERTEX_POINT('',#8822);
#8822 = CARTESIAN_POINT('',(124.836008,-22.852279,1.51));
#8823 = CIRCLE('',#8824,0.2);
#8824 = AXIS2_PLACEMENT_3D('',#8825,#8826,#8827);
#8825 = CARTESIAN_POINT('',(124.836008,-22.652279,1.51));
#8826 = DIRECTION('',(-0.,0.,-1.));
#8827 = DIRECTION('',(7.105427357601E-14,-1.,-0.));
#8828 = FACE_BOUND('',#8829,.T.);
#8829 = EDGE_LOOP('',(#8830));
#8830 = ORIENTED_EDGE('',*,*,#8831,.T.);
#8831 = EDGE_CURVE('',#8832,#8832,#8834,.T.);
#8832 = VERTEX_POINT('',#8833);
#8833 = CARTESIAN_POINT('',(125.250311,-21.609371,1.51));
#8834 = CIRCLE('',#8835,0.2);
#8835 = AXIS2_PLACEMENT_3D('',#8836,#8837,#8838);
#8836 = CARTESIAN_POINT('',(125.250311,-21.409371,1.51));
#8837 = DIRECTION('',(-0.,0.,-1.));
#8838 = DIRECTION('',(-0.,-1.,0.));
#8839 = FACE_BOUND('',#8840,.T.);
#8840 = EDGE_LOOP('',(#8841));
#8841 = ORIENTED_EDGE('',*,*,#8842,.T.);
#8842 = EDGE_CURVE('',#8843,#8843,#8845,.T.);
#8843 = VERTEX_POINT('',#8844);
#8844 = CARTESIAN_POINT('',(126.726265,-22.852279,1.51));
#8845 = CIRCLE('',#8846,0.2);
#8846 = AXIS2_PLACEMENT_3D('',#8847,#8848,#8849);
#8847 = CARTESIAN_POINT('',(126.726265,-22.652279,1.51));
#8848 = DIRECTION('',(-0.,0.,-1.));
#8849 = DIRECTION('',(-0.,-1.,0.));
#8850 = FACE_BOUND('',#8851,.T.);
#8851 = EDGE_LOOP('',(#8852));
#8852 = ORIENTED_EDGE('',*,*,#8853,.T.);
#8853 = EDGE_CURVE('',#8854,#8854,#8856,.T.);
#8854 = VERTEX_POINT('',#8855);
#8855 = CARTESIAN_POINT('',(128.448212,-22.89112,1.51));
#8856 = CIRCLE('',#8857,0.2);
#8857 = AXIS2_PLACEMENT_3D('',#8858,#8859,#8860);
#8858 = CARTESIAN_POINT('',(128.448212,-22.69112,1.51));
#8859 = DIRECTION('',(-0.,0.,-1.));
#8860 = DIRECTION('',(-0.,-1.,0.));
#8861 = FACE_BOUND('',#8862,.T.);
#8862 = EDGE_LOOP('',(#8863));
#8863 = ORIENTED_EDGE('',*,*,#8864,.T.);
#8864 = EDGE_CURVE('',#8865,#8865,#8867,.T.);
#8865 = VERTEX_POINT('',#8866);
#8866 = CARTESIAN_POINT('',(126.946364,-21.583477,1.51));
#8867 = CIRCLE('',#8868,0.2);
#8868 = AXIS2_PLACEMENT_3D('',#8869,#8870,#8871);
#8869 = CARTESIAN_POINT('',(126.946364,-21.383477,1.51));
#8870 = DIRECTION('',(-0.,0.,-1.));
#8871 = DIRECTION('',(-0.,-1.,0.));
#8872 = FACE_BOUND('',#8873,.T.);
#8873 = EDGE_LOOP('',(#8874));
#8874 = ORIENTED_EDGE('',*,*,#8875,.T.);
#8875 = EDGE_CURVE('',#8876,#8876,#8878,.T.);
#8876 = VERTEX_POINT('',#8877);
#8877 = CARTESIAN_POINT('',(128.642416,-21.557583,1.51));
#8878 = CIRCLE('',#8879,0.2);
#8879 = AXIS2_PLACEMENT_3D('',#8880,#8881,#8882);
#8880 = CARTESIAN_POINT('',(128.642416,-21.357583,1.51));
#8881 = DIRECTION('',(-0.,0.,-1.));
#8882 = DIRECTION('',(-0.,-1.,0.));
#8883 = FACE_BOUND('',#8884,.T.);
#8884 = EDGE_LOOP('',(#8885));
#8885 = ORIENTED_EDGE('',*,*,#8886,.T.);
#8886 = EDGE_CURVE('',#8887,#8887,#8889,.T.);
#8887 = VERTEX_POINT('',#8888);
#8888 = CARTESIAN_POINT('',(131.,-38.7,1.51));
#8889 = CIRCLE('',#8890,0.2);
#8890 = AXIS2_PLACEMENT_3D('',#8891,#8892,#8893);
#8891 = CARTESIAN_POINT('',(131.,-38.5,1.51));
#8892 = DIRECTION('',(-0.,0.,-1.));
#8893 = DIRECTION('',(-0.,-1.,0.));
#8894 = FACE_BOUND('',#8895,.T.);
#8895 = EDGE_LOOP('',(#8896));
#8896 = ORIENTED_EDGE('',*,*,#8897,.T.);
#8897 = EDGE_CURVE('',#8898,#8898,#8900,.T.);
#8898 = VERTEX_POINT('',#8899);
#8899 = CARTESIAN_POINT('',(136.663391,-36.383518,1.51));
#8900 = CIRCLE('',#8901,0.15);
#8901 = AXIS2_PLACEMENT_3D('',#8902,#8903,#8904);
#8902 = CARTESIAN_POINT('',(136.663391,-36.233518,1.51));
#8903 = DIRECTION('',(-0.,0.,-1.));
#8904 = DIRECTION('',(-0.,-1.,0.));
#8905 = FACE_BOUND('',#8906,.T.);
#8906 = EDGE_LOOP('',(#8907));
#8907 = ORIENTED_EDGE('',*,*,#8908,.T.);
#8908 = EDGE_CURVE('',#8909,#8909,#8911,.T.);
#8909 = VERTEX_POINT('',#8910);
#8910 = CARTESIAN_POINT('',(128.662762,-34.408679,1.51));
#8911 = CIRCLE('',#8912,0.15);
#8912 = AXIS2_PLACEMENT_3D('',#8913,#8914,#8915);
#8913 = CARTESIAN_POINT('',(128.662762,-34.258679,1.51));
#8914 = DIRECTION('',(-0.,0.,-1.));
#8915 = DIRECTION('',(-0.,-1.,0.));
#8916 = FACE_BOUND('',#8917,.T.);
#8917 = EDGE_LOOP('',(#8918));
#8918 = ORIENTED_EDGE('',*,*,#8919,.T.);
#8919 = EDGE_CURVE('',#8920,#8920,#8922,.T.);
#8920 = VERTEX_POINT('',#8921);
#8921 = CARTESIAN_POINT('',(129.525851,-34.408679,1.51));
#8922 = CIRCLE('',#8923,0.15);
#8923 = AXIS2_PLACEMENT_3D('',#8924,#8925,#8926);
#8924 = CARTESIAN_POINT('',(129.525851,-34.258679,1.51));
#8925 = DIRECTION('',(-0.,0.,-1.));
#8926 = DIRECTION('',(-0.,-1.,0.));
#8927 = FACE_BOUND('',#8928,.T.);
#8928 = EDGE_LOOP('',(#8929));
#8929 = ORIENTED_EDGE('',*,*,#8930,.T.);
#8930 = EDGE_CURVE('',#8931,#8931,#8933,.T.);
#8931 = VERTEX_POINT('',#8932);
#8932 = CARTESIAN_POINT('',(129.982822,-32.902361,1.51));
#8933 = CIRCLE('',#8934,0.2);
#8934 = AXIS2_PLACEMENT_3D('',#8935,#8936,#8937);
#8935 = CARTESIAN_POINT('',(129.982822,-32.702361,1.51));
#8936 = DIRECTION('',(-0.,0.,-1.));
#8937 = DIRECTION('',(-0.,-1.,0.));
#8938 = FACE_BOUND('',#8939,.T.);
#8939 = EDGE_LOOP('',(#8940));
#8940 = ORIENTED_EDGE('',*,*,#8941,.T.);
#8941 = EDGE_CURVE('',#8942,#8942,#8944,.T.);
#8942 = VERTEX_POINT('',#8943);
#8943 = CARTESIAN_POINT('',(137.,-35.,1.51));
#8944 = CIRCLE('',#8945,0.2);
#8945 = AXIS2_PLACEMENT_3D('',#8946,#8947,#8948);
#8946 = CARTESIAN_POINT('',(137.,-34.8,1.51));
#8947 = DIRECTION('',(-0.,0.,-1.));
#8948 = DIRECTION('',(-0.,-1.,0.));
#8949 = FACE_BOUND('',#8950,.T.);
#8950 = EDGE_LOOP('',(#8951));
#8951 = ORIENTED_EDGE('',*,*,#8952,.T.);
#8952 = EDGE_CURVE('',#8953,#8953,#8955,.T.);
#8953 = VERTEX_POINT('',#8954);
#8954 = CARTESIAN_POINT('',(133.439611,-32.902361,1.51));
#8955 = CIRCLE('',#8956,0.2);
#8956 = AXIS2_PLACEMENT_3D('',#8957,#8958,#8959);
#8957 = CARTESIAN_POINT('',(133.439611,-32.702361,1.51));
#8958 = DIRECTION('',(-0.,0.,-1.));
#8959 = DIRECTION('',(-0.,-1.,0.));
#8960 = FACE_BOUND('',#8961,.T.);
#8961 = EDGE_LOOP('',(#8962));
#8962 = ORIENTED_EDGE('',*,*,#8963,.T.);
#8963 = EDGE_CURVE('',#8964,#8964,#8966,.T.);
#8964 = VERTEX_POINT('',#8965);
#8965 = CARTESIAN_POINT('',(135.679855,-33.343645,1.51));
#8966 = CIRCLE('',#8967,0.15);
#8967 = AXIS2_PLACEMENT_3D('',#8968,#8969,#8970);
#8968 = CARTESIAN_POINT('',(135.679855,-33.193645,1.51));
#8969 = DIRECTION('',(-0.,0.,-1.));
#8970 = DIRECTION('',(-0.,-1.,0.));
#8971 = FACE_BOUND('',#8972,.T.);
#8972 = EDGE_LOOP('',(#8973));
#8973 = ORIENTED_EDGE('',*,*,#8974,.T.);
#8974 = EDGE_CURVE('',#8975,#8975,#8977,.T.);
#8975 = VERTEX_POINT('',#8976);
#8976 = CARTESIAN_POINT('',(135.666516,-32.503267,1.51));
#8977 = CIRCLE('',#8978,0.15);
#8978 = AXIS2_PLACEMENT_3D('',#8979,#8980,#8981);
#8979 = CARTESIAN_POINT('',(135.666516,-32.353267,1.51));
#8980 = DIRECTION('',(-0.,0.,-1.));
#8981 = DIRECTION('',(-0.,-1.,0.));
#8982 = FACE_BOUND('',#8983,.T.);
#8983 = EDGE_LOOP('',(#8984));
#8984 = ORIENTED_EDGE('',*,*,#8985,.T.);
#8985 = EDGE_CURVE('',#8986,#8986,#8988,.T.);
#8986 = VERTEX_POINT('',#8987);
#8987 = CARTESIAN_POINT('',(141.401812,-38.242942,1.51));
#8988 = CIRCLE('',#8989,0.65);
#8989 = AXIS2_PLACEMENT_3D('',#8990,#8991,#8992);
#8990 = CARTESIAN_POINT('',(141.401812,-37.592942,1.51));
#8991 = DIRECTION('',(-0.,0.,-1.));
#8992 = DIRECTION('',(-0.,-1.,0.));
#8993 = FACE_BOUND('',#8994,.T.);
#8994 = EDGE_LOOP('',(#8995));
#8995 = ORIENTED_EDGE('',*,*,#8996,.T.);
#8996 = EDGE_CURVE('',#8997,#8997,#8999,.T.);
#8997 = VERTEX_POINT('',#8998);
#8998 = CARTESIAN_POINT('',(142.5,-39.65,1.51));
#8999 = CIRCLE('',#9000,0.15);
#9000 = AXIS2_PLACEMENT_3D('',#9001,#9002,#9003);
#9001 = CARTESIAN_POINT('',(142.5,-39.5,1.51));
#9002 = DIRECTION('',(-0.,0.,-1.));
#9003 = DIRECTION('',(-0.,-1.,0.));
#9004 = FACE_BOUND('',#9005,.T.);
#9005 = EDGE_LOOP('',(#9006));
#9006 = ORIENTED_EDGE('',*,*,#9007,.T.);
#9007 = EDGE_CURVE('',#9008,#9008,#9010,.T.);
#9008 = VERTEX_POINT('',#9009);
#9009 = CARTESIAN_POINT('',(143.951812,-39.342942,1.51));
#9010 = CIRCLE('',#9011,0.5);
#9011 = AXIS2_PLACEMENT_3D('',#9012,#9013,#9014);
#9012 = CARTESIAN_POINT('',(143.951812,-38.842942,1.51));
#9013 = DIRECTION('',(-0.,0.,-1.));
#9014 = DIRECTION('',(-0.,-1.,0.));
#9015 = FACE_BOUND('',#9016,.T.);
#9016 = EDGE_LOOP('',(#9017));
#9017 = ORIENTED_EDGE('',*,*,#9018,.T.);
#9018 = EDGE_CURVE('',#9019,#9019,#9021,.T.);
#9019 = VERTEX_POINT('',#9020);
#9020 = CARTESIAN_POINT('',(141.401812,-35.79,1.51));
#9021 = CIRCLE('',#9022,0.65);
#9022 = AXIS2_PLACEMENT_3D('',#9023,#9024,#9025);
#9023 = CARTESIAN_POINT('',(141.401812,-35.14,1.51));
#9024 = DIRECTION('',(-0.,0.,-1.));
#9025 = DIRECTION('',(-0.,-1.,0.));
#9026 = FACE_BOUND('',#9027,.T.);
#9027 = EDGE_LOOP('',(#9028));
#9028 = ORIENTED_EDGE('',*,*,#9029,.T.);
#9029 = EDGE_CURVE('',#9030,#9030,#9032,.T.);
#9030 = VERTEX_POINT('',#9031);
#9031 = CARTESIAN_POINT('',(141.499018,-32.534478,1.51));
#9032 = CIRCLE('',#9033,0.2);
#9033 = AXIS2_PLACEMENT_3D('',#9034,#9035,#9036);
#9034 = CARTESIAN_POINT('',(141.499018,-32.334478,1.51));
#9035 = DIRECTION('',(-0.,0.,-1.));
#9036 = DIRECTION('',(1.42108547152E-13,-1.,-0.));
#9037 = FACE_BOUND('',#9038,.T.);
#9038 = EDGE_LOOP('',(#9039));
#9039 = ORIENTED_EDGE('',*,*,#9040,.T.);
#9040 = EDGE_CURVE('',#9041,#9041,#9043,.T.);
#9041 = VERTEX_POINT('',#9042);
#9042 = CARTESIAN_POINT('',(140.364351,-31.546758,1.51));
#9043 = CIRCLE('',#9044,0.2);
#9044 = AXIS2_PLACEMENT_3D('',#9045,#9046,#9047);
#9045 = CARTESIAN_POINT('',(140.364351,-31.346758,1.51));
#9046 = DIRECTION('',(-0.,0.,-1.));
#9047 = DIRECTION('',(-0.,-1.,0.));
#9048 = FACE_BOUND('',#9049,.T.);
#9049 = EDGE_LOOP('',(#9050));
#9050 = ORIENTED_EDGE('',*,*,#9051,.T.);
#9051 = EDGE_CURVE('',#9052,#9052,#9054,.T.);
#9052 = VERTEX_POINT('',#9053);
#9053 = CARTESIAN_POINT('',(143.951812,-34.39,1.51));
#9054 = CIRCLE('',#9055,0.5);
#9055 = AXIS2_PLACEMENT_3D('',#9056,#9057,#9058);
#9056 = CARTESIAN_POINT('',(143.951812,-33.89,1.51));
#9057 = DIRECTION('',(-0.,0.,-1.));
#9058 = DIRECTION('',(-0.,-1.,0.));
#9059 = FACE_BOUND('',#9060,.T.);
#9060 = EDGE_LOOP('',(#9061));
#9061 = ORIENTED_EDGE('',*,*,#9062,.T.);
#9062 = EDGE_CURVE('',#9063,#9063,#9065,.T.);
#9063 = VERTEX_POINT('',#9064);
#9064 = CARTESIAN_POINT('',(145.881064,-33.787888,1.51));
#9065 = CIRCLE('',#9066,0.2);
#9066 = AXIS2_PLACEMENT_3D('',#9067,#9068,#9069);
#9067 = CARTESIAN_POINT('',(145.881064,-33.587888,1.51));
#9068 = DIRECTION('',(-0.,0.,-1.));
#9069 = DIRECTION('',(1.42108547152E-13,-1.,-0.));
#9070 = FACE_BOUND('',#9071,.T.);
#9071 = EDGE_LOOP('',(#9072));
#9072 = ORIENTED_EDGE('',*,*,#9073,.T.);
#9073 = EDGE_CURVE('',#9074,#9074,#9076,.T.);
#9074 = VERTEX_POINT('',#9075);
#9075 = CARTESIAN_POINT('',(145.938988,-32.250284,1.51));
#9076 = CIRCLE('',#9077,0.2);
#9077 = AXIS2_PLACEMENT_3D('',#9078,#9079,#9080);
#9078 = CARTESIAN_POINT('',(145.938988,-32.050284,1.51));
#9079 = DIRECTION('',(-0.,0.,-1.));
#9080 = DIRECTION('',(-0.,-1.,0.));
#9081 = FACE_BOUND('',#9082,.T.);
#9082 = EDGE_LOOP('',(#9083));
#9083 = ORIENTED_EDGE('',*,*,#9084,.T.);
#9084 = EDGE_CURVE('',#9085,#9085,#9087,.T.);
#9085 = VERTEX_POINT('',#9086);
#9086 = CARTESIAN_POINT('',(145.186433,-30.94795,1.51));
#9087 = CIRCLE('',#9088,0.2);
#9088 = AXIS2_PLACEMENT_3D('',#9089,#9090,#9091);
#9089 = CARTESIAN_POINT('',(145.186433,-30.74795,1.51));
#9090 = DIRECTION('',(-0.,0.,-1.));
#9091 = DIRECTION('',(-1.42108547152E-13,-1.,0.));
#9092 = FACE_BOUND('',#9093,.T.);
#9093 = EDGE_LOOP('',(#9094));
#9094 = ORIENTED_EDGE('',*,*,#9095,.T.);
#9095 = EDGE_CURVE('',#9096,#9096,#9098,.T.);
#9096 = VERTEX_POINT('',#9097);
#9097 = CARTESIAN_POINT('',(132.5,-30.2,1.51));
#9098 = CIRCLE('',#9099,0.2);
#9099 = AXIS2_PLACEMENT_3D('',#9100,#9101,#9102);
#9100 = CARTESIAN_POINT('',(132.5,-30.,1.51));
#9101 = DIRECTION('',(-0.,0.,-1.));
#9102 = DIRECTION('',(-0.,-1.,0.));
#9103 = FACE_BOUND('',#9104,.T.);
#9104 = EDGE_LOOP('',(#9105));
#9105 = ORIENTED_EDGE('',*,*,#9106,.T.);
#9106 = EDGE_CURVE('',#9107,#9107,#9109,.T.);
#9107 = VERTEX_POINT('',#9108);
#9108 = CARTESIAN_POINT('',(133.,-28.7,1.51));
#9109 = CIRCLE('',#9110,0.2);
#9110 = AXIS2_PLACEMENT_3D('',#9111,#9112,#9113);
#9111 = CARTESIAN_POINT('',(133.,-28.5,1.51));
#9112 = DIRECTION('',(-0.,0.,-1.));
#9113 = DIRECTION('',(-0.,-1.,0.));
#9114 = FACE_BOUND('',#9115,.T.);
#9115 = EDGE_LOOP('',(#9116));
#9116 = ORIENTED_EDGE('',*,*,#9117,.T.);
#9117 = EDGE_CURVE('',#9118,#9118,#9120,.T.);
#9118 = VERTEX_POINT('',#9119);
#9119 = CARTESIAN_POINT('',(133.,-27.2,1.51));
#9120 = CIRCLE('',#9121,0.2);
#9121 = AXIS2_PLACEMENT_3D('',#9122,#9123,#9124);
#9122 = CARTESIAN_POINT('',(133.,-27.,1.51));
#9123 = DIRECTION('',(-0.,0.,-1.));
#9124 = DIRECTION('',(-0.,-1.,0.));
#9125 = FACE_BOUND('',#9126,.T.);
#9126 = EDGE_LOOP('',(#9127));
#9127 = ORIENTED_EDGE('',*,*,#9128,.T.);
#9128 = EDGE_CURVE('',#9129,#9129,#9131,.T.);
#9129 = VERTEX_POINT('',#9130);
#9130 = CARTESIAN_POINT('',(133.,-25.7,1.51));
#9131 = CIRCLE('',#9132,0.2);
#9132 = AXIS2_PLACEMENT_3D('',#9133,#9134,#9135);
#9133 = CARTESIAN_POINT('',(133.,-25.5,1.51));
#9134 = DIRECTION('',(-0.,0.,-1.));
#9135 = DIRECTION('',(-0.,-1.,0.));
#9136 = FACE_BOUND('',#9137,.T.);
#9137 = EDGE_LOOP('',(#9138));
#9138 = ORIENTED_EDGE('',*,*,#9139,.T.);
#9139 = EDGE_CURVE('',#9140,#9140,#9142,.T.);
#9140 = VERTEX_POINT('',#9141);
#9141 = CARTESIAN_POINT('',(133.,-24.2,1.51));
#9142 = CIRCLE('',#9143,0.2);
#9143 = AXIS2_PLACEMENT_3D('',#9144,#9145,#9146);
#9144 = CARTESIAN_POINT('',(133.,-24.,1.51));
#9145 = DIRECTION('',(-0.,0.,-1.));
#9146 = DIRECTION('',(-0.,-1.,0.));
#9147 = FACE_BOUND('',#9148,.T.);
#9148 = EDGE_LOOP('',(#9149));
#9149 = ORIENTED_EDGE('',*,*,#9150,.T.);
#9150 = EDGE_CURVE('',#9151,#9151,#9153,.T.);
#9151 = VERTEX_POINT('',#9152);
#9152 = CARTESIAN_POINT('',(130.092476,-22.904067,1.51));
#9153 = CIRCLE('',#9154,0.2);
#9154 = AXIS2_PLACEMENT_3D('',#9155,#9156,#9157);
#9155 = CARTESIAN_POINT('',(130.092476,-22.704067,1.51));
#9156 = DIRECTION('',(-0.,0.,-1.));
#9157 = DIRECTION('',(1.42108547152E-13,-1.,-0.));
#9158 = FACE_BOUND('',#9159,.T.);
#9159 = EDGE_LOOP('',(#9160));
#9160 = ORIENTED_EDGE('',*,*,#9161,.T.);
#9161 = EDGE_CURVE('',#9162,#9162,#9164,.T.);
#9162 = VERTEX_POINT('',#9163);
#9163 = CARTESIAN_POINT('',(130.303413,-21.49189,1.51));
#9164 = CIRCLE('',#9165,0.2);
#9165 = AXIS2_PLACEMENT_3D('',#9166,#9167,#9168);
#9166 = CARTESIAN_POINT('',(130.303413,-21.29189,1.51));
#9167 = DIRECTION('',(-0.,0.,-1.));
#9168 = DIRECTION('',(1.42108547152E-13,-1.,-0.));
#9169 = FACE_BOUND('',#9170,.T.);
#9170 = EDGE_LOOP('',(#9171));
#9171 = ORIENTED_EDGE('',*,*,#9172,.T.);
#9172 = EDGE_CURVE('',#9173,#9173,#9175,.T.);
#9173 = VERTEX_POINT('',#9174);
#9174 = CARTESIAN_POINT('',(131.892104,-22.89112,1.51));
#9175 = CIRCLE('',#9176,0.2);
#9176 = AXIS2_PLACEMENT_3D('',#9177,#9178,#9179);
#9177 = CARTESIAN_POINT('',(131.892104,-22.69112,1.51));
#9178 = DIRECTION('',(-0.,0.,-1.));
#9179 = DIRECTION('',(-1.42108547152E-13,-1.,0.));
#9180 = FACE_BOUND('',#9181,.T.);
#9181 = EDGE_LOOP('',(#9182));
#9182 = ORIENTED_EDGE('',*,*,#9183,.T.);
#9183 = EDGE_CURVE('',#9184,#9184,#9186,.T.);
#9184 = VERTEX_POINT('',#9185);
#9185 = CARTESIAN_POINT('',(132.046089,-21.478688,1.51));
#9186 = CIRCLE('',#9187,0.2);
#9187 = AXIS2_PLACEMENT_3D('',#9188,#9189,#9190);
#9188 = CARTESIAN_POINT('',(132.046089,-21.278688,1.51));
#9189 = DIRECTION('',(-0.,0.,-1.));
#9190 = DIRECTION('',(-0.,-1.,0.));
#9191 = FACE_BOUND('',#9192,.T.);
#9192 = EDGE_LOOP('',(#9193));
#9193 = ORIENTED_EDGE('',*,*,#9194,.T.);
#9194 = EDGE_CURVE('',#9195,#9195,#9197,.T.);
#9195 = VERTEX_POINT('',#9196);
#9196 = CARTESIAN_POINT('',(134.,-23.2,1.51));
#9197 = CIRCLE('',#9198,0.2);
#9198 = AXIS2_PLACEMENT_3D('',#9199,#9200,#9201);
#9199 = CARTESIAN_POINT('',(134.,-23.,1.51));
#9200 = DIRECTION('',(-0.,0.,-1.));
#9201 = DIRECTION('',(-0.,-1.,0.));
#9202 = FACE_BOUND('',#9203,.T.);
#9203 = EDGE_LOOP('',(#9204));
#9204 = ORIENTED_EDGE('',*,*,#9205,.T.);
#9205 = EDGE_CURVE('',#9206,#9206,#9208,.T.);
#9206 = VERTEX_POINT('',#9207);
#9207 = CARTESIAN_POINT('',(133.74916,-21.478688,1.51));
#9208 = CIRCLE('',#9209,0.2);
#9209 = AXIS2_PLACEMENT_3D('',#9210,#9211,#9212);
#9210 = CARTESIAN_POINT('',(133.74916,-21.278688,1.51));
#9211 = DIRECTION('',(-0.,0.,-1.));
#9212 = DIRECTION('',(-1.42108547152E-13,-1.,0.));
#9213 = FACE_BOUND('',#9214,.T.);
#9214 = EDGE_LOOP('',(#9215));
#9215 = ORIENTED_EDGE('',*,*,#9216,.T.);
#9216 = EDGE_CURVE('',#9217,#9217,#9219,.T.);
#9217 = VERTEX_POINT('',#9218);
#9218 = CARTESIAN_POINT('',(137.260369,-20.586849,1.51));
#9219 = CIRCLE('',#9220,0.2);
#9220 = AXIS2_PLACEMENT_3D('',#9221,#9222,#9223);
#9221 = CARTESIAN_POINT('',(137.260369,-20.386849,1.51));
#9222 = DIRECTION('',(-0.,0.,-1.));
#9223 = DIRECTION('',(-0.,-1.,0.));
#9224 = FACE_BOUND('',#9225,.T.);
#9225 = EDGE_LOOP('',(#9226));
#9226 = ORIENTED_EDGE('',*,*,#9227,.T.);
#9227 = EDGE_CURVE('',#9228,#9228,#9230,.T.);
#9228 = VERTEX_POINT('',#9229);
#9229 = CARTESIAN_POINT('',(141.401812,-28.79,1.51));
#9230 = CIRCLE('',#9231,0.65);
#9231 = AXIS2_PLACEMENT_3D('',#9232,#9233,#9234);
#9232 = CARTESIAN_POINT('',(141.401812,-28.14,1.51));
#9233 = DIRECTION('',(-0.,0.,-1.));
#9234 = DIRECTION('',(-0.,-1.,0.));
#9235 = FACE_BOUND('',#9236,.T.);
#9236 = EDGE_LOOP('',(#9237));
#9237 = ORIENTED_EDGE('',*,*,#9238,.T.);
#9238 = EDGE_CURVE('',#9239,#9239,#9241,.T.);
#9239 = VERTEX_POINT('',#9240);
#9240 = CARTESIAN_POINT('',(143.951812,-29.89,1.51));
#9241 = CIRCLE('',#9242,0.5);
#9242 = AXIS2_PLACEMENT_3D('',#9243,#9244,#9245);
#9243 = CARTESIAN_POINT('',(143.951812,-29.39,1.51));
#9244 = DIRECTION('',(-0.,0.,-1.));
#9245 = DIRECTION('',(-0.,-1.,0.));
#9246 = FACE_BOUND('',#9247,.T.);
#9247 = EDGE_LOOP('',(#9248));
#9248 = ORIENTED_EDGE('',*,*,#9249,.T.);
#9249 = EDGE_CURVE('',#9250,#9250,#9252,.T.);
#9250 = VERTEX_POINT('',#9251);
#9251 = CARTESIAN_POINT('',(140.65,-26.3,1.51));
#9252 = CIRCLE('',#9253,1.1);
#9253 = AXIS2_PLACEMENT_3D('',#9254,#9255,#9256);
#9254 = CARTESIAN_POINT('',(140.65,-25.2,1.51));
#9255 = DIRECTION('',(-0.,0.,-1.));
#9256 = DIRECTION('',(-0.,-1.,0.));
#9257 = FACE_BOUND('',#9258,.T.);
#9258 = EDGE_LOOP('',(#9259));
#9259 = ORIENTED_EDGE('',*,*,#9260,.T.);
#9260 = EDGE_CURVE('',#9261,#9261,#9263,.T.);
#9261 = VERTEX_POINT('',#9262);
#9262 = CARTESIAN_POINT('',(137.85307,-22.305921,1.51));
#9263 = CIRCLE('',#9264,0.2);
#9264 = AXIS2_PLACEMENT_3D('',#9265,#9266,#9267);
#9265 = CARTESIAN_POINT('',(137.85307,-22.105921,1.51));
#9266 = DIRECTION('',(-0.,0.,-1.));
#9267 = DIRECTION('',(-0.,-1.,0.));
#9268 = FACE_BOUND('',#9269,.T.);
#9269 = EDGE_LOOP('',(#9270));
#9270 = ORIENTED_EDGE('',*,*,#9271,.T.);
#9271 = EDGE_CURVE('',#9272,#9272,#9274,.T.);
#9272 = VERTEX_POINT('',#9273);
#9273 = CARTESIAN_POINT('',(141.586795,-21.352629,1.51));
#9274 = CIRCLE('',#9275,0.2);
#9275 = AXIS2_PLACEMENT_3D('',#9276,#9277,#9278);
#9276 = CARTESIAN_POINT('',(141.586795,-21.152629,1.51));
#9277 = DIRECTION('',(-0.,0.,-1.));
#9278 = DIRECTION('',(-0.,-1.,0.));
#9279 = FACE_BOUND('',#9280,.T.);
#9280 = EDGE_LOOP('',(#9281));
#9281 = ORIENTED_EDGE('',*,*,#9282,.T.);
#9282 = EDGE_CURVE('',#9283,#9283,#9285,.T.);
#9283 = VERTEX_POINT('',#9284);
#9284 = CARTESIAN_POINT('',(143.378172,-20.887984,1.51));
#9285 = CIRCLE('',#9286,0.2);
#9286 = AXIS2_PLACEMENT_3D('',#9287,#9288,#9289);
#9287 = CARTESIAN_POINT('',(143.378172,-20.687984,1.51));
#9288 = DIRECTION('',(-0.,0.,-1.));
#9289 = DIRECTION('',(-0.,-1.,0.));
#9290 = FACE_BOUND('',#9291,.T.);
#9291 = EDGE_LOOP('',(#9292));
#9292 = ORIENTED_EDGE('',*,*,#9293,.T.);
#9293 = EDGE_CURVE('',#9294,#9294,#9296,.T.);
#9294 = VERTEX_POINT('',#9295);
#9295 = CARTESIAN_POINT('',(145.,-21.2,1.51));
#9296 = CIRCLE('',#9297,0.2);
#9297 = AXIS2_PLACEMENT_3D('',#9298,#9299,#9300);
#9298 = CARTESIAN_POINT('',(145.,-21.,1.51));
#9299 = DIRECTION('',(-0.,0.,-1.));
#9300 = DIRECTION('',(-0.,-1.,0.));
#9301 = PLANE('',#9302);
#9302 = AXIS2_PLACEMENT_3D('',#9303,#9304,#9305);
#9303 = CARTESIAN_POINT('',(0.,0.,1.51));
#9304 = DIRECTION('',(0.,0.,1.));
#9305 = DIRECTION('',(1.,0.,-0.));
#9306 = ADVANCED_FACE('',(#9307),#9318,.T.);
#9307 = FACE_BOUND('',#9308,.T.);
#9308 = EDGE_LOOP('',(#9309,#9315,#9316,#9317));
#9309 = ORIENTED_EDGE('',*,*,#9310,.T.);
#9310 = EDGE_CURVE('',#5357,#7335,#9311,.T.);
#9311 = LINE('',#9312,#9313);
#9312 = CARTESIAN_POINT('',(110.,-22.5,0.));
#9313 = VECTOR('',#9314,1.);
#9314 = DIRECTION('',(0.,0.,1.));
#9315 = ORIENTED_EDGE('',*,*,#7334,.T.);
#9316 = ORIENTED_EDGE('',*,*,#5292,.F.);
#9317 = ORIENTED_EDGE('',*,*,#5356,.F.);
#9318 = CYLINDRICAL_SURFACE('',#9319,3.000001172987);
#9319 = AXIS2_PLACEMENT_3D('',#9320,#9321,#9322);
#9320 = CARTESIAN_POINT('',(113.00000117298,-22.50000117298,0.));
#9321 = DIRECTION('',(0.,0.,-1.));
#9322 = DIRECTION('',(-1.,3.909953639749E-07,0.));
#9323 = ADVANCED_FACE('',(#9324),#9335,.T.);
#9324 = FACE_BOUND('',#9325,.T.);
#9325 = EDGE_LOOP('',(#9326,#9327,#9328,#9334));
#9326 = ORIENTED_EDGE('',*,*,#5332,.T.);
#9327 = ORIENTED_EDGE('',*,*,#7368,.T.);
#9328 = ORIENTED_EDGE('',*,*,#9329,.F.);
#9329 = EDGE_CURVE('',#5383,#7361,#9330,.T.);
#9330 = LINE('',#9331,#9332);
#9331 = CARTESIAN_POINT('',(144.,-63.5,0.));
#9332 = VECTOR('',#9333,1.);
#9333 = DIRECTION('',(0.,0.,1.));
#9334 = ORIENTED_EDGE('',*,*,#5390,.F.);
#9335 = CYLINDRICAL_SURFACE('',#9336,3.000001172987);
#9336 = AXIS2_PLACEMENT_3D('',#9337,#9338,#9339);
#9337 = CARTESIAN_POINT('',(143.99999882701,-60.49999882701,0.));
#9338 = DIRECTION('',(0.,0.,-1.));
#9339 = DIRECTION('',(1.,-3.909953663434E-07,0.));
#9340 = ADVANCED_FACE('',(#9341),#9352,.T.);
#9341 = FACE_BOUND('',#9342,.T.);
#9342 = EDGE_LOOP('',(#9343,#9349,#9350,#9351));
#9343 = ORIENTED_EDGE('',*,*,#9344,.T.);
#9344 = EDGE_CURVE('',#5366,#7344,#9345,.T.);
#9345 = LINE('',#9346,#9347);
#9346 = CARTESIAN_POINT('',(110.,-60.5,0.));
#9347 = VECTOR('',#9348,1.);
#9348 = DIRECTION('',(0.,0.,1.));
#9349 = ORIENTED_EDGE('',*,*,#7343,.T.);
#9350 = ORIENTED_EDGE('',*,*,#9310,.F.);
#9351 = ORIENTED_EDGE('',*,*,#5365,.F.);
#9352 = PLANE('',#9353);
#9353 = AXIS2_PLACEMENT_3D('',#9354,#9355,#9356);
#9354 = CARTESIAN_POINT('',(110.,-60.5,0.));
#9355 = DIRECTION('',(-1.,0.,0.));
#9356 = DIRECTION('',(0.,1.,0.));
#9357 = ADVANCED_FACE('',(#9358),#9369,.T.);
#9358 = FACE_BOUND('',#9359,.T.);
#9359 = EDGE_LOOP('',(#9360,#9361,#9362,#9368));
#9360 = ORIENTED_EDGE('',*,*,#9329,.T.);
#9361 = ORIENTED_EDGE('',*,*,#7360,.T.);
#9362 = ORIENTED_EDGE('',*,*,#9363,.F.);
#9363 = EDGE_CURVE('',#5374,#7352,#9364,.T.);
#9364 = LINE('',#9365,#9366);
#9365 = CARTESIAN_POINT('',(113.,-63.5,0.));
#9366 = VECTOR('',#9367,1.);
#9367 = DIRECTION('',(0.,0.,1.));
#9368 = ORIENTED_EDGE('',*,*,#5382,.F.);
#9369 = PLANE('',#9370);
#9370 = AXIS2_PLACEMENT_3D('',#9371,#9372,#9373);
#9371 = CARTESIAN_POINT('',(144.,-63.5,0.));
#9372 = DIRECTION('',(0.,-1.,0.));
#9373 = DIRECTION('',(-1.,0.,0.));
#9374 = ADVANCED_FACE('',(#9375),#9381,.T.);
#9375 = FACE_BOUND('',#9376,.T.);
#9376 = EDGE_LOOP('',(#9377,#9378,#9379,#9380));
#9377 = ORIENTED_EDGE('',*,*,#9363,.T.);
#9378 = ORIENTED_EDGE('',*,*,#7351,.T.);
#9379 = ORIENTED_EDGE('',*,*,#9344,.F.);
#9380 = ORIENTED_EDGE('',*,*,#5373,.F.);
#9381 = CYLINDRICAL_SURFACE('',#9382,3.000001172987);
#9382 = AXIS2_PLACEMENT_3D('',#9383,#9384,#9385);
#9383 = CARTESIAN_POINT('',(113.00000117298,-60.49999882701,0.));
#9384 = DIRECTION('',(0.,0.,-1.));
#9385 = DIRECTION('',(-3.909953663434E-07,-1.,-0.));
#9386 = ADVANCED_FACE('',(#9387),#9398,.F.);
#9387 = FACE_BOUND('',#9388,.T.);
#9388 = EDGE_LOOP('',(#9389,#9390,#9396,#9397));
#9389 = ORIENTED_EDGE('',*,*,#5400,.T.);
#9390 = ORIENTED_EDGE('',*,*,#9391,.T.);
#9391 = EDGE_CURVE('',#5401,#7379,#9392,.T.);
#9392 = LINE('',#9393,#9394);
#9393 = CARTESIAN_POINT('',(113.5,-62.2,-3.6E-02));
#9394 = VECTOR('',#9395,1.);
#9395 = DIRECTION('',(0.,0.,1.));
#9396 = ORIENTED_EDGE('',*,*,#7378,.F.);
#9397 = ORIENTED_EDGE('',*,*,#9391,.F.);
#9398 = CYLINDRICAL_SURFACE('',#9399,0.2);
#9399 = AXIS2_PLACEMENT_3D('',#9400,#9401,#9402);
#9400 = CARTESIAN_POINT('',(113.5,-62.,-3.6E-02));
#9401 = DIRECTION('',(-0.,-0.,-1.));
#9402 = DIRECTION('',(-0.,-1.,0.));
#9403 = ADVANCED_FACE('',(#9404),#9415,.F.);
#9404 = FACE_BOUND('',#9405,.T.);
#9405 = EDGE_LOOP('',(#9406,#9407,#9413,#9414));
#9406 = ORIENTED_EDGE('',*,*,#5411,.T.);
#9407 = ORIENTED_EDGE('',*,*,#9408,.T.);
#9408 = EDGE_CURVE('',#5412,#7390,#9409,.T.);
#9409 = LINE('',#9410,#9411);
#9410 = CARTESIAN_POINT('',(115.500895,-61.213336,-4.6E-02));
#9411 = VECTOR('',#9412,1.);
#9412 = DIRECTION('',(0.,0.,1.));
#9413 = ORIENTED_EDGE('',*,*,#7389,.F.);
#9414 = ORIENTED_EDGE('',*,*,#9408,.F.);
#9415 = CYLINDRICAL_SURFACE('',#9416,0.65);
#9416 = AXIS2_PLACEMENT_3D('',#9417,#9418,#9419);
#9417 = CARTESIAN_POINT('',(115.500895,-60.563336,-4.6E-02));
#9418 = DIRECTION('',(-0.,-0.,-1.));
#9419 = DIRECTION('',(-0.,-1.,0.));
#9420 = ADVANCED_FACE('',(#9421),#9432,.F.);
#9421 = FACE_BOUND('',#9422,.T.);
#9422 = EDGE_LOOP('',(#9423,#9424,#9430,#9431));
#9423 = ORIENTED_EDGE('',*,*,#5422,.T.);
#9424 = ORIENTED_EDGE('',*,*,#9425,.T.);
#9425 = EDGE_CURVE('',#5423,#7401,#9426,.T.);
#9426 = LINE('',#9427,#9428);
#9427 = CARTESIAN_POINT('',(112.950895,-59.813336,-4.6E-02));
#9428 = VECTOR('',#9429,1.);
#9429 = DIRECTION('',(0.,0.,1.));
#9430 = ORIENTED_EDGE('',*,*,#7400,.F.);
#9431 = ORIENTED_EDGE('',*,*,#9425,.F.);
#9432 = CYLINDRICAL_SURFACE('',#9433,0.5);
#9433 = AXIS2_PLACEMENT_3D('',#9434,#9435,#9436);
#9434 = CARTESIAN_POINT('',(112.950895,-59.313336,-4.6E-02));
#9435 = DIRECTION('',(-0.,-0.,-1.));
#9436 = DIRECTION('',(-0.,-1.,0.));
#9437 = ADVANCED_FACE('',(#9438),#9449,.F.);
#9438 = FACE_BOUND('',#9439,.T.);
#9439 = EDGE_LOOP('',(#9440,#9441,#9447,#9448));
#9440 = ORIENTED_EDGE('',*,*,#5433,.T.);
#9441 = ORIENTED_EDGE('',*,*,#9442,.T.);
#9442 = EDGE_CURVE('',#5434,#7412,#9443,.T.);
#9443 = LINE('',#9444,#9445);
#9444 = CARTESIAN_POINT('',(113.5,-57.65,-3.6E-02));
#9445 = VECTOR('',#9446,1.);
#9446 = DIRECTION('',(0.,0.,1.));
#9447 = ORIENTED_EDGE('',*,*,#7411,.F.);
#9448 = ORIENTED_EDGE('',*,*,#9442,.F.);
#9449 = CYLINDRICAL_SURFACE('',#9450,0.15);
#9450 = AXIS2_PLACEMENT_3D('',#9451,#9452,#9453);
#9451 = CARTESIAN_POINT('',(113.5,-57.5,-3.6E-02));
#9452 = DIRECTION('',(-0.,-0.,-1.));
#9453 = DIRECTION('',(-0.,-1.,0.));
#9454 = ADVANCED_FACE('',(#9455),#9466,.F.);
#9455 = FACE_BOUND('',#9456,.T.);
#9456 = EDGE_LOOP('',(#9457,#9458,#9464,#9465));
#9457 = ORIENTED_EDGE('',*,*,#5444,.T.);
#9458 = ORIENTED_EDGE('',*,*,#9459,.T.);
#9459 = EDGE_CURVE('',#5445,#7423,#9460,.T.);
#9460 = LINE('',#9461,#9462);
#9461 = CARTESIAN_POINT('',(119.,-61.65,-3.6E-02));
#9462 = VECTOR('',#9463,1.);
#9463 = DIRECTION('',(0.,0.,1.));
#9464 = ORIENTED_EDGE('',*,*,#7422,.F.);
#9465 = ORIENTED_EDGE('',*,*,#9459,.F.);
#9466 = CYLINDRICAL_SURFACE('',#9467,0.15);
#9467 = AXIS2_PLACEMENT_3D('',#9468,#9469,#9470);
#9468 = CARTESIAN_POINT('',(119.,-61.5,-3.6E-02));
#9469 = DIRECTION('',(-0.,-0.,-1.));
#9470 = DIRECTION('',(-0.,-1.,0.));
#9471 = ADVANCED_FACE('',(#9472),#9483,.F.);
#9472 = FACE_BOUND('',#9473,.T.);
#9473 = EDGE_LOOP('',(#9474,#9475,#9481,#9482));
#9474 = ORIENTED_EDGE('',*,*,#5455,.T.);
#9475 = ORIENTED_EDGE('',*,*,#9476,.T.);
#9476 = EDGE_CURVE('',#5456,#7434,#9477,.T.);
#9477 = LINE('',#9478,#9479);
#9478 = CARTESIAN_POINT('',(119.,-60.65,-3.6E-02));
#9479 = VECTOR('',#9480,1.);
#9480 = DIRECTION('',(0.,0.,1.));
#9481 = ORIENTED_EDGE('',*,*,#7433,.F.);
#9482 = ORIENTED_EDGE('',*,*,#9476,.F.);
#9483 = CYLINDRICAL_SURFACE('',#9484,0.15);
#9484 = AXIS2_PLACEMENT_3D('',#9485,#9486,#9487);
#9485 = CARTESIAN_POINT('',(119.,-60.5,-3.6E-02));
#9486 = DIRECTION('',(-0.,-0.,-1.));
#9487 = DIRECTION('',(-0.,-1.,0.));
#9488 = ADVANCED_FACE('',(#9489),#9500,.F.);
#9489 = FACE_BOUND('',#9490,.T.);
#9490 = EDGE_LOOP('',(#9491,#9492,#9498,#9499));
#9491 = ORIENTED_EDGE('',*,*,#5466,.T.);
#9492 = ORIENTED_EDGE('',*,*,#9493,.T.);
#9493 = EDGE_CURVE('',#5467,#7445,#9494,.T.);
#9494 = LINE('',#9495,#9496);
#9495 = CARTESIAN_POINT('',(116.35,-58.1,-4.6E-02));
#9496 = VECTOR('',#9497,1.);
#9497 = DIRECTION('',(0.,0.,1.));
#9498 = ORIENTED_EDGE('',*,*,#7444,.F.);
#9499 = ORIENTED_EDGE('',*,*,#9493,.F.);
#9500 = CYLINDRICAL_SURFACE('',#9501,1.1);
#9501 = AXIS2_PLACEMENT_3D('',#9502,#9503,#9504);
#9502 = CARTESIAN_POINT('',(116.35,-57.,-4.6E-02));
#9503 = DIRECTION('',(-0.,-0.,-1.));
#9504 = DIRECTION('',(-0.,-1.,0.));
#9505 = ADVANCED_FACE('',(#9506),#9517,.F.);
#9506 = FACE_BOUND('',#9507,.T.);
#9507 = EDGE_LOOP('',(#9508,#9509,#9515,#9516));
#9508 = ORIENTED_EDGE('',*,*,#5477,.T.);
#9509 = ORIENTED_EDGE('',*,*,#9510,.T.);
#9510 = EDGE_CURVE('',#5478,#7456,#9511,.T.);
#9511 = LINE('',#9512,#9513);
#9512 = CARTESIAN_POINT('',(112.950895,-55.313336,-4.6E-02));
#9513 = VECTOR('',#9514,1.);
#9514 = DIRECTION('',(0.,0.,1.));
#9515 = ORIENTED_EDGE('',*,*,#7455,.F.);
#9516 = ORIENTED_EDGE('',*,*,#9510,.F.);
#9517 = CYLINDRICAL_SURFACE('',#9518,0.5);
#9518 = AXIS2_PLACEMENT_3D('',#9519,#9520,#9521);
#9519 = CARTESIAN_POINT('',(112.950895,-54.813336,-4.6E-02));
#9520 = DIRECTION('',(-0.,-0.,-1.));
#9521 = DIRECTION('',(-0.,-1.,0.));
#9522 = ADVANCED_FACE('',(#9523),#9534,.F.);
#9523 = FACE_BOUND('',#9524,.T.);
#9524 = EDGE_LOOP('',(#9525,#9526,#9532,#9533));
#9525 = ORIENTED_EDGE('',*,*,#5488,.T.);
#9526 = ORIENTED_EDGE('',*,*,#9527,.T.);
#9527 = EDGE_CURVE('',#5489,#7467,#9528,.T.);
#9528 = LINE('',#9529,#9530);
#9529 = CARTESIAN_POINT('',(115.500895,-54.213336,-4.6E-02));
#9530 = VECTOR('',#9531,1.);
#9531 = DIRECTION('',(0.,0.,1.));
#9532 = ORIENTED_EDGE('',*,*,#7466,.F.);
#9533 = ORIENTED_EDGE('',*,*,#9527,.F.);
#9534 = CYLINDRICAL_SURFACE('',#9535,0.65);
#9535 = AXIS2_PLACEMENT_3D('',#9536,#9537,#9538);
#9536 = CARTESIAN_POINT('',(115.500895,-53.563336,-4.6E-02));
#9537 = DIRECTION('',(-0.,-0.,-1.));
#9538 = DIRECTION('',(-0.,-1.,0.));
#9539 = ADVANCED_FACE('',(#9540),#9551,.F.);
#9540 = FACE_BOUND('',#9541,.T.);
#9541 = EDGE_LOOP('',(#9542,#9543,#9549,#9550));
#9542 = ORIENTED_EDGE('',*,*,#5499,.T.);
#9543 = ORIENTED_EDGE('',*,*,#9544,.T.);
#9544 = EDGE_CURVE('',#5500,#7478,#9545,.T.);
#9545 = LINE('',#9546,#9547);
#9546 = CARTESIAN_POINT('',(119.503895,-56.328683,-3.6E-02));
#9547 = VECTOR('',#9548,1.);
#9548 = DIRECTION('',(0.,0.,1.));
#9549 = ORIENTED_EDGE('',*,*,#7477,.F.);
#9550 = ORIENTED_EDGE('',*,*,#9544,.F.);
#9551 = CYLINDRICAL_SURFACE('',#9552,0.2);
#9552 = AXIS2_PLACEMENT_3D('',#9553,#9554,#9555);
#9553 = CARTESIAN_POINT('',(119.503895,-56.128683,-3.6E-02));
#9554 = DIRECTION('',(-0.,-0.,-1.));
#9555 = DIRECTION('',(-0.,-1.,0.));
#9556 = ADVANCED_FACE('',(#9557),#9568,.F.);
#9557 = FACE_BOUND('',#9558,.T.);
#9558 = EDGE_LOOP('',(#9559,#9560,#9566,#9567));
#9559 = ORIENTED_EDGE('',*,*,#5510,.T.);
#9560 = ORIENTED_EDGE('',*,*,#9561,.T.);
#9561 = EDGE_CURVE('',#5511,#7489,#9562,.T.);
#9562 = LINE('',#9563,#9564);
#9563 = CARTESIAN_POINT('',(119.626185,-54.708341,-3.6E-02));
#9564 = VECTOR('',#9565,1.);
#9565 = DIRECTION('',(0.,0.,1.));
#9566 = ORIENTED_EDGE('',*,*,#7488,.F.);
#9567 = ORIENTED_EDGE('',*,*,#9561,.F.);
#9568 = CYLINDRICAL_SURFACE('',#9569,0.2);
#9569 = AXIS2_PLACEMENT_3D('',#9570,#9571,#9572);
#9570 = CARTESIAN_POINT('',(119.626185,-54.508341,-3.6E-02));
#9571 = DIRECTION('',(-0.,0.,-1.));
#9572 = DIRECTION('',(7.105427357601E-14,-1.,-0.));
#9573 = ADVANCED_FACE('',(#9574),#9585,.F.);
#9574 = FACE_BOUND('',#9575,.T.);
#9575 = EDGE_LOOP('',(#9576,#9577,#9583,#9584));
#9576 = ORIENTED_EDGE('',*,*,#5521,.T.);
#9577 = ORIENTED_EDGE('',*,*,#9578,.T.);
#9578 = EDGE_CURVE('',#5522,#7500,#9579,.T.);
#9579 = LINE('',#9580,#9581);
#9580 = CARTESIAN_POINT('',(117.628651,-52.70682,-3.6E-02));
#9581 = VECTOR('',#9582,1.);
#9582 = DIRECTION('',(0.,0.,1.));
#9583 = ORIENTED_EDGE('',*,*,#7499,.F.);
#9584 = ORIENTED_EDGE('',*,*,#9578,.F.);
#9585 = CYLINDRICAL_SURFACE('',#9586,0.2);
#9586 = AXIS2_PLACEMENT_3D('',#9587,#9588,#9589);
#9587 = CARTESIAN_POINT('',(117.628651,-52.50682,-3.6E-02));
#9588 = DIRECTION('',(-0.,0.,-1.));
#9589 = DIRECTION('',(7.105427357601E-14,-1.,-0.));
#9590 = ADVANCED_FACE('',(#9591),#9602,.F.);
#9591 = FACE_BOUND('',#9592,.T.);
#9592 = EDGE_LOOP('',(#9593,#9594,#9600,#9601));
#9593 = ORIENTED_EDGE('',*,*,#5532,.T.);
#9594 = ORIENTED_EDGE('',*,*,#9595,.T.);
#9595 = EDGE_CURVE('',#5533,#7511,#9596,.T.);
#9596 = LINE('',#9597,#9598);
#9597 = CARTESIAN_POINT('',(119.867599,-52.06745,-3.6E-02));
#9598 = VECTOR('',#9599,1.);
#9599 = DIRECTION('',(0.,0.,1.));
#9600 = ORIENTED_EDGE('',*,*,#7510,.F.);
#9601 = ORIENTED_EDGE('',*,*,#9595,.F.);
#9602 = CYLINDRICAL_SURFACE('',#9603,0.2);
#9603 = AXIS2_PLACEMENT_3D('',#9604,#9605,#9606);
#9604 = CARTESIAN_POINT('',(119.867599,-51.86745,-3.6E-02));
#9605 = DIRECTION('',(-0.,-0.,-1.));
#9606 = DIRECTION('',(-0.,-1.,0.));
#9607 = ADVANCED_FACE('',(#9608),#9619,.F.);
#9608 = FACE_BOUND('',#9609,.T.);
#9609 = EDGE_LOOP('',(#9610,#9611,#9617,#9618));
#9610 = ORIENTED_EDGE('',*,*,#5543,.T.);
#9611 = ORIENTED_EDGE('',*,*,#9612,.T.);
#9612 = EDGE_CURVE('',#5544,#7522,#9613,.T.);
#9613 = LINE('',#9614,#9615);
#9614 = CARTESIAN_POINT('',(125.648325,-61.964447,-3.6E-02));
#9615 = VECTOR('',#9616,1.);
#9616 = DIRECTION('',(0.,0.,1.));
#9617 = ORIENTED_EDGE('',*,*,#7521,.F.);
#9618 = ORIENTED_EDGE('',*,*,#9612,.F.);
#9619 = CYLINDRICAL_SURFACE('',#9620,0.2);
#9620 = AXIS2_PLACEMENT_3D('',#9621,#9622,#9623);
#9621 = CARTESIAN_POINT('',(125.648325,-61.764447,-3.6E-02));
#9622 = DIRECTION('',(-0.,-0.,-1.));
#9623 = DIRECTION('',(-0.,-1.,0.));
#9624 = ADVANCED_FACE('',(#9625),#9636,.F.);
#9625 = FACE_BOUND('',#9626,.T.);
#9626 = EDGE_LOOP('',(#9627,#9628,#9634,#9635));
#9627 = ORIENTED_EDGE('',*,*,#5554,.T.);
#9628 = ORIENTED_EDGE('',*,*,#9629,.T.);
#9629 = EDGE_CURVE('',#5555,#7533,#9630,.T.);
#9630 = LINE('',#9631,#9632);
#9631 = CARTESIAN_POINT('',(121.506399,-52.09155,-3.6E-02));
#9632 = VECTOR('',#9633,1.);
#9633 = DIRECTION('',(0.,0.,1.));
#9634 = ORIENTED_EDGE('',*,*,#7532,.F.);
#9635 = ORIENTED_EDGE('',*,*,#9629,.F.);
#9636 = CYLINDRICAL_SURFACE('',#9637,0.2);
#9637 = AXIS2_PLACEMENT_3D('',#9638,#9639,#9640);
#9638 = CARTESIAN_POINT('',(121.506399,-51.89155,-3.6E-02));
#9639 = DIRECTION('',(-0.,-0.,-1.));
#9640 = DIRECTION('',(-0.,-1.,0.));
#9641 = ADVANCED_FACE('',(#9642),#9653,.F.);
#9642 = FACE_BOUND('',#9643,.T.);
#9643 = EDGE_LOOP('',(#9644,#9645,#9651,#9652));
#9644 = ORIENTED_EDGE('',*,*,#5565,.T.);
#9645 = ORIENTED_EDGE('',*,*,#9646,.T.);
#9646 = EDGE_CURVE('',#5566,#7544,#9647,.T.);
#9647 = LINE('',#9648,#9649);
#9648 = CARTESIAN_POINT('',(125.02223,-57.047137,-3.6E-02));
#9649 = VECTOR('',#9650,1.);
#9650 = DIRECTION('',(0.,0.,1.));
#9651 = ORIENTED_EDGE('',*,*,#7543,.F.);
#9652 = ORIENTED_EDGE('',*,*,#9646,.F.);
#9653 = CYLINDRICAL_SURFACE('',#9654,0.2);
#9654 = AXIS2_PLACEMENT_3D('',#9655,#9656,#9657);
#9655 = CARTESIAN_POINT('',(125.02223,-56.847137,-3.6E-02));
#9656 = DIRECTION('',(-0.,-0.,-1.));
#9657 = DIRECTION('',(-7.105427357601E-14,-1.,0.));
#9658 = ADVANCED_FACE('',(#9659),#9670,.F.);
#9659 = FACE_BOUND('',#9660,.T.);
#9660 = EDGE_LOOP('',(#9661,#9662,#9668,#9669));
#9661 = ORIENTED_EDGE('',*,*,#5576,.T.);
#9662 = ORIENTED_EDGE('',*,*,#9663,.T.);
#9663 = EDGE_CURVE('',#5577,#7555,#9664,.T.);
#9664 = LINE('',#9665,#9666);
#9665 = CARTESIAN_POINT('',(125.974487,-53.833368,-3.6E-02));
#9666 = VECTOR('',#9667,1.);
#9667 = DIRECTION('',(0.,0.,1.));
#9668 = ORIENTED_EDGE('',*,*,#7554,.F.);
#9669 = ORIENTED_EDGE('',*,*,#9663,.F.);
#9670 = CYLINDRICAL_SURFACE('',#9671,0.15);
#9671 = AXIS2_PLACEMENT_3D('',#9672,#9673,#9674);
#9672 = CARTESIAN_POINT('',(125.974487,-53.683368,-3.6E-02));
#9673 = DIRECTION('',(-0.,-0.,-1.));
#9674 = DIRECTION('',(-9.473903143469E-14,-1.,0.));
#9675 = ADVANCED_FACE('',(#9676),#9687,.F.);
#9676 = FACE_BOUND('',#9677,.T.);
#9677 = EDGE_LOOP('',(#9678,#9679,#9685,#9686));
#9678 = ORIENTED_EDGE('',*,*,#5587,.T.);
#9679 = ORIENTED_EDGE('',*,*,#9680,.T.);
#9680 = EDGE_CURVE('',#5588,#7566,#9681,.T.);
#9681 = LINE('',#9682,#9683);
#9682 = CARTESIAN_POINT('',(128.,-53.2,-3.6E-02));
#9683 = VECTOR('',#9684,1.);
#9684 = DIRECTION('',(0.,0.,1.));
#9685 = ORIENTED_EDGE('',*,*,#7565,.F.);
#9686 = ORIENTED_EDGE('',*,*,#9680,.F.);
#9687 = CYLINDRICAL_SURFACE('',#9688,0.2);
#9688 = AXIS2_PLACEMENT_3D('',#9689,#9690,#9691);
#9689 = CARTESIAN_POINT('',(128.,-53.,-3.6E-02));
#9690 = DIRECTION('',(-0.,-0.,-1.));
#9691 = DIRECTION('',(-0.,-1.,0.));
#9692 = ADVANCED_FACE('',(#9693),#9704,.F.);
#9693 = FACE_BOUND('',#9694,.T.);
#9694 = EDGE_LOOP('',(#9695,#9696,#9702,#9703));
#9695 = ORIENTED_EDGE('',*,*,#5598,.T.);
#9696 = ORIENTED_EDGE('',*,*,#9697,.T.);
#9697 = EDGE_CURVE('',#5599,#7577,#9698,.T.);
#9698 = LINE('',#9699,#9700);
#9699 = CARTESIAN_POINT('',(112.977225,-50.431332,-4.6E-02));
#9700 = VECTOR('',#9701,1.);
#9701 = DIRECTION('',(0.,0.,1.));
#9702 = ORIENTED_EDGE('',*,*,#7576,.F.);
#9703 = ORIENTED_EDGE('',*,*,#9697,.F.);
#9704 = CYLINDRICAL_SURFACE('',#9705,0.5);
#9705 = AXIS2_PLACEMENT_3D('',#9706,#9707,#9708);
#9706 = CARTESIAN_POINT('',(112.977225,-49.931332,-4.6E-02));
#9707 = DIRECTION('',(-0.,-0.,-1.));
#9708 = DIRECTION('',(-0.,-1.,0.));
#9709 = ADVANCED_FACE('',(#9710),#9721,.F.);
#9710 = FACE_BOUND('',#9711,.T.);
#9711 = EDGE_LOOP('',(#9712,#9713,#9719,#9720));
#9712 = ORIENTED_EDGE('',*,*,#5609,.T.);
#9713 = ORIENTED_EDGE('',*,*,#9714,.T.);
#9714 = EDGE_CURVE('',#5610,#7588,#9715,.T.);
#9715 = LINE('',#9716,#9717);
#9716 = CARTESIAN_POINT('',(115.527225,-51.831332,-4.6E-02));
#9717 = VECTOR('',#9718,1.);
#9718 = DIRECTION('',(0.,0.,1.));
#9719 = ORIENTED_EDGE('',*,*,#7587,.F.);
#9720 = ORIENTED_EDGE('',*,*,#9714,.F.);
#9721 = CYLINDRICAL_SURFACE('',#9722,0.65);
#9722 = AXIS2_PLACEMENT_3D('',#9723,#9724,#9725);
#9723 = CARTESIAN_POINT('',(115.527225,-51.181332,-4.6E-02));
#9724 = DIRECTION('',(-0.,-0.,-1.));
#9725 = DIRECTION('',(-0.,-1.,0.));
#9726 = ADVANCED_FACE('',(#9727),#9738,.F.);
#9727 = FACE_BOUND('',#9728,.T.);
#9728 = EDGE_LOOP('',(#9729,#9730,#9736,#9737));
#9729 = ORIENTED_EDGE('',*,*,#5620,.T.);
#9730 = ORIENTED_EDGE('',*,*,#9731,.T.);
#9731 = EDGE_CURVE('',#5621,#7599,#9732,.T.);
#9732 = LINE('',#9733,#9734);
#9733 = CARTESIAN_POINT('',(112.5,-48.15,-3.6E-02));
#9734 = VECTOR('',#9735,1.);
#9735 = DIRECTION('',(0.,0.,1.));
#9736 = ORIENTED_EDGE('',*,*,#7598,.F.);
#9737 = ORIENTED_EDGE('',*,*,#9731,.F.);
#9738 = CYLINDRICAL_SURFACE('',#9739,0.15);
#9739 = AXIS2_PLACEMENT_3D('',#9740,#9741,#9742);
#9740 = CARTESIAN_POINT('',(112.5,-48.,-3.6E-02));
#9741 = DIRECTION('',(-0.,-0.,-1.));
#9742 = DIRECTION('',(-0.,-1.,0.));
#9743 = ADVANCED_FACE('',(#9744),#9755,.F.);
#9744 = FACE_BOUND('',#9745,.T.);
#9745 = EDGE_LOOP('',(#9746,#9747,#9753,#9754));
#9746 = ORIENTED_EDGE('',*,*,#5631,.T.);
#9747 = ORIENTED_EDGE('',*,*,#9748,.T.);
#9748 = EDGE_CURVE('',#5632,#7610,#9749,.T.);
#9749 = LINE('',#9750,#9751);
#9750 = CARTESIAN_POINT('',(114.094835,-46.801814,-3.6E-02));
#9751 = VECTOR('',#9752,1.);
#9752 = DIRECTION('',(0.,0.,1.));
#9753 = ORIENTED_EDGE('',*,*,#7609,.F.);
#9754 = ORIENTED_EDGE('',*,*,#9748,.F.);
#9755 = CYLINDRICAL_SURFACE('',#9756,0.15);
#9756 = AXIS2_PLACEMENT_3D('',#9757,#9758,#9759);
#9757 = CARTESIAN_POINT('',(114.094835,-46.651814,-3.6E-02));
#9758 = DIRECTION('',(-0.,0.,-1.));
#9759 = DIRECTION('',(9.473903143467E-14,-1.,-0.));
#9760 = ADVANCED_FACE('',(#9761),#9772,.F.);
#9761 = FACE_BOUND('',#9762,.T.);
#9762 = EDGE_LOOP('',(#9763,#9764,#9770,#9771));
#9763 = ORIENTED_EDGE('',*,*,#5642,.T.);
#9764 = ORIENTED_EDGE('',*,*,#9765,.T.);
#9765 = EDGE_CURVE('',#5643,#7621,#9766,.T.);
#9766 = LINE('',#9767,#9768);
#9767 = CARTESIAN_POINT('',(118.,-50.7,-3.6E-02));
#9768 = VECTOR('',#9769,1.);
#9769 = DIRECTION('',(0.,0.,1.));
#9770 = ORIENTED_EDGE('',*,*,#7620,.F.);
#9771 = ORIENTED_EDGE('',*,*,#9765,.F.);
#9772 = CYLINDRICAL_SURFACE('',#9773,0.2);
#9773 = AXIS2_PLACEMENT_3D('',#9774,#9775,#9776);
#9774 = CARTESIAN_POINT('',(118.,-50.5,-3.6E-02));
#9775 = DIRECTION('',(-0.,-0.,-1.));
#9776 = DIRECTION('',(-0.,-1.,0.));
#9777 = ADVANCED_FACE('',(#9778),#9789,.F.);
#9778 = FACE_BOUND('',#9779,.T.);
#9779 = EDGE_LOOP('',(#9780,#9781,#9787,#9788));
#9780 = ORIENTED_EDGE('',*,*,#5653,.T.);
#9781 = ORIENTED_EDGE('',*,*,#9782,.T.);
#9782 = EDGE_CURVE('',#5654,#7632,#9783,.T.);
#9783 = LINE('',#9784,#9785);
#9784 = CARTESIAN_POINT('',(117.,-49.2,-3.6E-02));
#9785 = VECTOR('',#9786,1.);
#9786 = DIRECTION('',(0.,0.,1.));
#9787 = ORIENTED_EDGE('',*,*,#7631,.F.);
#9788 = ORIENTED_EDGE('',*,*,#9782,.F.);
#9789 = CYLINDRICAL_SURFACE('',#9790,0.2);
#9790 = AXIS2_PLACEMENT_3D('',#9791,#9792,#9793);
#9791 = CARTESIAN_POINT('',(117.,-49.,-3.6E-02));
#9792 = DIRECTION('',(-0.,-0.,-1.));
#9793 = DIRECTION('',(-0.,-1.,0.));
#9794 = ADVANCED_FACE('',(#9795),#9806,.F.);
#9795 = FACE_BOUND('',#9796,.T.);
#9796 = EDGE_LOOP('',(#9797,#9798,#9804,#9805));
#9797 = ORIENTED_EDGE('',*,*,#5664,.T.);
#9798 = ORIENTED_EDGE('',*,*,#9799,.T.);
#9799 = EDGE_CURVE('',#5665,#7643,#9800,.T.);
#9800 = LINE('',#9801,#9802);
#9801 = CARTESIAN_POINT('',(112.977225,-45.931332,-4.6E-02));
#9802 = VECTOR('',#9803,1.);
#9803 = DIRECTION('',(0.,0.,1.));
#9804 = ORIENTED_EDGE('',*,*,#7642,.F.);
#9805 = ORIENTED_EDGE('',*,*,#9799,.F.);
#9806 = CYLINDRICAL_SURFACE('',#9807,0.5);
#9807 = AXIS2_PLACEMENT_3D('',#9808,#9809,#9810);
#9808 = CARTESIAN_POINT('',(112.977225,-45.431332,-4.6E-02));
#9809 = DIRECTION('',(-0.,-0.,-1.));
#9810 = DIRECTION('',(-0.,-1.,0.));
#9811 = ADVANCED_FACE('',(#9812),#9823,.F.);
#9812 = FACE_BOUND('',#9813,.T.);
#9813 = EDGE_LOOP('',(#9814,#9815,#9821,#9822));
#9814 = ORIENTED_EDGE('',*,*,#5675,.T.);
#9815 = ORIENTED_EDGE('',*,*,#9816,.T.);
#9816 = EDGE_CURVE('',#5676,#7654,#9817,.T.);
#9817 = LINE('',#9818,#9819);
#9818 = CARTESIAN_POINT('',(115.527225,-44.831332,-4.6E-02));
#9819 = VECTOR('',#9820,1.);
#9820 = DIRECTION('',(0.,0.,1.));
#9821 = ORIENTED_EDGE('',*,*,#7653,.F.);
#9822 = ORIENTED_EDGE('',*,*,#9816,.F.);
#9823 = CYLINDRICAL_SURFACE('',#9824,0.65);
#9824 = AXIS2_PLACEMENT_3D('',#9825,#9826,#9827);
#9825 = CARTESIAN_POINT('',(115.527225,-44.181332,-4.6E-02));
#9826 = DIRECTION('',(-0.,-0.,-1.));
#9827 = DIRECTION('',(-0.,-1.,0.));
#9828 = ADVANCED_FACE('',(#9829),#9840,.F.);
#9829 = FACE_BOUND('',#9830,.T.);
#9830 = EDGE_LOOP('',(#9831,#9832,#9838,#9839));
#9831 = ORIENTED_EDGE('',*,*,#5686,.T.);
#9832 = ORIENTED_EDGE('',*,*,#9833,.T.);
#9833 = EDGE_CURVE('',#5687,#7665,#9834,.T.);
#9834 = LINE('',#9835,#9836);
#9835 = CARTESIAN_POINT('',(111.70126,-42.920678,-3.6E-02));
#9836 = VECTOR('',#9837,1.);
#9837 = DIRECTION('',(0.,0.,1.));
#9838 = ORIENTED_EDGE('',*,*,#7664,.F.);
#9839 = ORIENTED_EDGE('',*,*,#9833,.F.);
#9840 = CYLINDRICAL_SURFACE('',#9841,0.2);
#9841 = AXIS2_PLACEMENT_3D('',#9842,#9843,#9844);
#9842 = CARTESIAN_POINT('',(111.70126,-42.720678,-3.6E-02));
#9843 = DIRECTION('',(-0.,0.,-1.));
#9844 = DIRECTION('',(7.105427357601E-14,-1.,-0.));
#9845 = ADVANCED_FACE('',(#9846),#9857,.F.);
#9846 = FACE_BOUND('',#9847,.T.);
#9847 = EDGE_LOOP('',(#9848,#9849,#9855,#9856));
#9848 = ORIENTED_EDGE('',*,*,#5697,.T.);
#9849 = ORIENTED_EDGE('',*,*,#9850,.T.);
#9850 = EDGE_CURVE('',#5698,#7676,#9851,.T.);
#9851 = LINE('',#9852,#9853);
#9852 = CARTESIAN_POINT('',(117.,-42.7,-3.6E-02));
#9853 = VECTOR('',#9854,1.);
#9854 = DIRECTION('',(0.,0.,1.));
#9855 = ORIENTED_EDGE('',*,*,#7675,.F.);
#9856 = ORIENTED_EDGE('',*,*,#9850,.F.);
#9857 = CYLINDRICAL_SURFACE('',#9858,0.2);
#9858 = AXIS2_PLACEMENT_3D('',#9859,#9860,#9861);
#9859 = CARTESIAN_POINT('',(117.,-42.5,-3.6E-02));
#9860 = DIRECTION('',(-0.,-0.,-1.));
#9861 = DIRECTION('',(-0.,-1.,0.));
#9862 = ADVANCED_FACE('',(#9863),#9874,.F.);
#9863 = FACE_BOUND('',#9864,.T.);
#9864 = EDGE_LOOP('',(#9865,#9866,#9872,#9873));
#9865 = ORIENTED_EDGE('',*,*,#5708,.T.);
#9866 = ORIENTED_EDGE('',*,*,#9867,.T.);
#9867 = EDGE_CURVE('',#5709,#7687,#9868,.T.);
#9868 = LINE('',#9869,#9870);
#9869 = CARTESIAN_POINT('',(123.4,-50.55,-4.6E-02));
#9870 = VECTOR('',#9871,1.);
#9871 = DIRECTION('',(0.,0.,1.));
#9872 = ORIENTED_EDGE('',*,*,#7686,.F.);
#9873 = ORIENTED_EDGE('',*,*,#9867,.F.);
#9874 = CYLINDRICAL_SURFACE('',#9875,1.E-01);
#9875 = AXIS2_PLACEMENT_3D('',#9876,#9877,#9878);
#9876 = CARTESIAN_POINT('',(123.4,-50.45,-4.6E-02));
#9877 = DIRECTION('',(-0.,-0.,-1.));
#9878 = DIRECTION('',(-0.,-1.,0.));
#9879 = ADVANCED_FACE('',(#9880),#9891,.F.);
#9880 = FACE_BOUND('',#9881,.T.);
#9881 = EDGE_LOOP('',(#9882,#9883,#9889,#9890));
#9882 = ORIENTED_EDGE('',*,*,#5719,.T.);
#9883 = ORIENTED_EDGE('',*,*,#9884,.T.);
#9884 = EDGE_CURVE('',#5720,#7698,#9885,.T.);
#9885 = LINE('',#9886,#9887);
#9886 = CARTESIAN_POINT('',(124.,-50.1,-4.6E-02));
#9887 = VECTOR('',#9888,1.);
#9888 = DIRECTION('',(0.,0.,1.));
#9889 = ORIENTED_EDGE('',*,*,#7697,.F.);
#9890 = ORIENTED_EDGE('',*,*,#9884,.F.);
#9891 = CYLINDRICAL_SURFACE('',#9892,1.E-01);
#9892 = AXIS2_PLACEMENT_3D('',#9893,#9894,#9895);
#9893 = CARTESIAN_POINT('',(124.,-50.,-4.6E-02));
#9894 = DIRECTION('',(-0.,-0.,-1.));
#9895 = DIRECTION('',(-0.,-1.,0.));
#9896 = ADVANCED_FACE('',(#9897),#9908,.F.);
#9897 = FACE_BOUND('',#9898,.T.);
#9898 = EDGE_LOOP('',(#9899,#9900,#9906,#9907));
#9899 = ORIENTED_EDGE('',*,*,#5730,.T.);
#9900 = ORIENTED_EDGE('',*,*,#9901,.T.);
#9901 = EDGE_CURVE('',#5731,#7709,#9902,.T.);
#9902 = LINE('',#9903,#9904);
#9903 = CARTESIAN_POINT('',(123.4,-49.65,-4.6E-02));
#9904 = VECTOR('',#9905,1.);
#9905 = DIRECTION('',(0.,0.,1.));
#9906 = ORIENTED_EDGE('',*,*,#7708,.F.);
#9907 = ORIENTED_EDGE('',*,*,#9901,.F.);
#9908 = CYLINDRICAL_SURFACE('',#9909,0.1);
#9909 = AXIS2_PLACEMENT_3D('',#9910,#9911,#9912);
#9910 = CARTESIAN_POINT('',(123.4,-49.55,-4.6E-02));
#9911 = DIRECTION('',(-0.,-0.,-1.));
#9912 = DIRECTION('',(-0.,-1.,0.));
#9913 = ADVANCED_FACE('',(#9914),#9925,.F.);
#9914 = FACE_BOUND('',#9915,.T.);
#9915 = EDGE_LOOP('',(#9916,#9917,#9923,#9924));
#9916 = ORIENTED_EDGE('',*,*,#5741,.T.);
#9917 = ORIENTED_EDGE('',*,*,#9918,.T.);
#9918 = EDGE_CURVE('',#5742,#7720,#9919,.T.);
#9919 = LINE('',#9920,#9921);
#9920 = CARTESIAN_POINT('',(124.6,-50.55,-4.6E-02));
#9921 = VECTOR('',#9922,1.);
#9922 = DIRECTION('',(0.,0.,1.));
#9923 = ORIENTED_EDGE('',*,*,#7719,.F.);
#9924 = ORIENTED_EDGE('',*,*,#9918,.F.);
#9925 = CYLINDRICAL_SURFACE('',#9926,0.1);
#9926 = AXIS2_PLACEMENT_3D('',#9927,#9928,#9929);
#9927 = CARTESIAN_POINT('',(124.6,-50.45,-4.6E-02));
#9928 = DIRECTION('',(-0.,-0.,-1.));
#9929 = DIRECTION('',(-0.,-1.,0.));
#9930 = ADVANCED_FACE('',(#9931),#9942,.F.);
#9931 = FACE_BOUND('',#9932,.T.);
#9932 = EDGE_LOOP('',(#9933,#9934,#9940,#9941));
#9933 = ORIENTED_EDGE('',*,*,#5752,.T.);
#9934 = ORIENTED_EDGE('',*,*,#9935,.T.);
#9935 = EDGE_CURVE('',#5753,#7731,#9936,.T.);
#9936 = LINE('',#9937,#9938);
#9937 = CARTESIAN_POINT('',(124.6,-49.65,-4.6E-02));
#9938 = VECTOR('',#9939,1.);
#9939 = DIRECTION('',(0.,0.,1.));
#9940 = ORIENTED_EDGE('',*,*,#7730,.F.);
#9941 = ORIENTED_EDGE('',*,*,#9935,.F.);
#9942 = CYLINDRICAL_SURFACE('',#9943,0.1);
#9943 = AXIS2_PLACEMENT_3D('',#9944,#9945,#9946);
#9944 = CARTESIAN_POINT('',(124.6,-49.55,-4.6E-02));
#9945 = DIRECTION('',(-0.,-0.,-1.));
#9946 = DIRECTION('',(-0.,-1.,0.));
#9947 = ADVANCED_FACE('',(#9948),#9959,.F.);
#9948 = FACE_BOUND('',#9949,.T.);
#9949 = EDGE_LOOP('',(#9950,#9951,#9957,#9958));
#9950 = ORIENTED_EDGE('',*,*,#5763,.T.);
#9951 = ORIENTED_EDGE('',*,*,#9952,.T.);
#9952 = EDGE_CURVE('',#5764,#7742,#9953,.T.);
#9953 = LINE('',#9954,#9955);
#9954 = CARTESIAN_POINT('',(125.86847,-50.155107,-3.6E-02));
#9955 = VECTOR('',#9956,1.);
#9956 = DIRECTION('',(0.,0.,1.));
#9957 = ORIENTED_EDGE('',*,*,#7741,.F.);
#9958 = ORIENTED_EDGE('',*,*,#9952,.F.);
#9959 = CYLINDRICAL_SURFACE('',#9960,0.15);
#9960 = AXIS2_PLACEMENT_3D('',#9961,#9962,#9963);
#9961 = CARTESIAN_POINT('',(125.86847,-50.005107,-3.6E-02));
#9962 = DIRECTION('',(-0.,-0.,-1.));
#9963 = DIRECTION('',(-0.,-1.,0.));
#9964 = ADVANCED_FACE('',(#9965),#9976,.F.);
#9965 = FACE_BOUND('',#9966,.T.);
#9966 = EDGE_LOOP('',(#9967,#9968,#9974,#9975));
#9967 = ORIENTED_EDGE('',*,*,#5774,.T.);
#9968 = ORIENTED_EDGE('',*,*,#9969,.T.);
#9969 = EDGE_CURVE('',#5775,#7753,#9970,.T.);
#9970 = LINE('',#9971,#9972);
#9971 = CARTESIAN_POINT('',(126.499999,-48.089482,-3.6E-02));
#9972 = VECTOR('',#9973,1.);
#9973 = DIRECTION('',(0.,0.,1.));
#9974 = ORIENTED_EDGE('',*,*,#7752,.F.);
#9975 = ORIENTED_EDGE('',*,*,#9969,.F.);
#9976 = CYLINDRICAL_SURFACE('',#9977,0.2);
#9977 = AXIS2_PLACEMENT_3D('',#9978,#9979,#9980);
#9978 = CARTESIAN_POINT('',(126.499999,-47.889482,-3.6E-02));
#9979 = DIRECTION('',(-0.,-0.,-1.));
#9980 = DIRECTION('',(-0.,-1.,0.));
#9981 = ADVANCED_FACE('',(#9982),#9993,.F.);
#9982 = FACE_BOUND('',#9983,.T.);
#9983 = EDGE_LOOP('',(#9984,#9985,#9991,#9992));
#9984 = ORIENTED_EDGE('',*,*,#5785,.T.);
#9985 = ORIENTED_EDGE('',*,*,#9986,.T.);
#9986 = EDGE_CURVE('',#5786,#7764,#9987,.T.);
#9987 = LINE('',#9988,#9989);
#9988 = CARTESIAN_POINT('',(128.,-47.045804,-3.6E-02));
#9989 = VECTOR('',#9990,1.);
#9990 = DIRECTION('',(0.,0.,1.));
#9991 = ORIENTED_EDGE('',*,*,#7763,.F.);
#9992 = ORIENTED_EDGE('',*,*,#9986,.F.);
#9993 = CYLINDRICAL_SURFACE('',#9994,0.2);
#9994 = AXIS2_PLACEMENT_3D('',#9995,#9996,#9997);
#9995 = CARTESIAN_POINT('',(128.,-46.845804,-3.6E-02));
#9996 = DIRECTION('',(-0.,-0.,-1.));
#9997 = DIRECTION('',(-0.,-1.,0.));
#9998 = ADVANCED_FACE('',(#9999),#10010,.F.);
#9999 = FACE_BOUND('',#10000,.T.);
#10000 = EDGE_LOOP('',(#10001,#10002,#10008,#10009));
#10001 = ORIENTED_EDGE('',*,*,#5796,.T.);
#10002 = ORIENTED_EDGE('',*,*,#10003,.T.);
#10003 = EDGE_CURVE('',#5797,#7775,#10004,.T.);
#10004 = LINE('',#10005,#10006);
#10005 = CARTESIAN_POINT('',(121.093593,-44.99,-3.6E-02));
#10006 = VECTOR('',#10007,1.);
#10007 = DIRECTION('',(0.,0.,1.));
#10008 = ORIENTED_EDGE('',*,*,#7774,.F.);
#10009 = ORIENTED_EDGE('',*,*,#10003,.F.);
#10010 = CYLINDRICAL_SURFACE('',#10011,0.15);
#10011 = AXIS2_PLACEMENT_3D('',#10012,#10013,#10014);
#10012 = CARTESIAN_POINT('',(121.093593,-44.84,-3.6E-02));
#10013 = DIRECTION('',(-0.,-0.,-1.));
#10014 = DIRECTION('',(-0.,-1.,0.));
#10015 = ADVANCED_FACE('',(#10016),#10027,.F.);
#10016 = FACE_BOUND('',#10017,.T.);
#10017 = EDGE_LOOP('',(#10018,#10019,#10025,#10026));
#10018 = ORIENTED_EDGE('',*,*,#5807,.T.);
#10019 = ORIENTED_EDGE('',*,*,#10020,.T.);
#10020 = EDGE_CURVE('',#5808,#7786,#10021,.T.);
#10021 = LINE('',#10022,#10023);
#10022 = CARTESIAN_POINT('',(122.77932,-44.893465,-3.6E-02));
#10023 = VECTOR('',#10024,1.);
#10024 = DIRECTION('',(0.,0.,1.));
#10025 = ORIENTED_EDGE('',*,*,#7785,.F.);
#10026 = ORIENTED_EDGE('',*,*,#10020,.F.);
#10027 = CYLINDRICAL_SURFACE('',#10028,0.2);
#10028 = AXIS2_PLACEMENT_3D('',#10029,#10030,#10031);
#10029 = CARTESIAN_POINT('',(122.77932,-44.693465,-3.6E-02));
#10030 = DIRECTION('',(-0.,-0.,-1.));
#10031 = DIRECTION('',(-0.,-1.,0.));
#10032 = ADVANCED_FACE('',(#10033),#10044,.F.);
#10033 = FACE_BOUND('',#10034,.T.);
#10034 = EDGE_LOOP('',(#10035,#10036,#10042,#10043));
#10035 = ORIENTED_EDGE('',*,*,#5818,.T.);
#10036 = ORIENTED_EDGE('',*,*,#10037,.T.);
#10037 = EDGE_CURVE('',#5819,#7797,#10038,.T.);
#10038 = LINE('',#10039,#10040);
#10039 = CARTESIAN_POINT('',(126.369073,-46.090049,-3.6E-02));
#10040 = VECTOR('',#10041,1.);
#10041 = DIRECTION('',(0.,0.,1.));
#10042 = ORIENTED_EDGE('',*,*,#7796,.F.);
#10043 = ORIENTED_EDGE('',*,*,#10037,.F.);
#10044 = CYLINDRICAL_SURFACE('',#10045,0.2);
#10045 = AXIS2_PLACEMENT_3D('',#10046,#10047,#10048);
#10046 = CARTESIAN_POINT('',(126.369073,-45.890049,-3.6E-02));
#10047 = DIRECTION('',(-0.,-0.,-1.));
#10048 = DIRECTION('',(-0.,-1.,0.));
#10049 = ADVANCED_FACE('',(#10050),#10061,.F.);
#10050 = FACE_BOUND('',#10051,.T.);
#10051 = EDGE_LOOP('',(#10052,#10053,#10059,#10060));
#10052 = ORIENTED_EDGE('',*,*,#5829,.T.);
#10053 = ORIENTED_EDGE('',*,*,#10054,.T.);
#10054 = EDGE_CURVE('',#5830,#7808,#10055,.T.);
#10055 = LINE('',#10056,#10057);
#10056 = CARTESIAN_POINT('',(124.99844,-44.893465,-3.6E-02));
#10057 = VECTOR('',#10058,1.);
#10058 = DIRECTION('',(0.,0.,1.));
#10059 = ORIENTED_EDGE('',*,*,#7807,.F.);
#10060 = ORIENTED_EDGE('',*,*,#10054,.F.);
#10061 = CYLINDRICAL_SURFACE('',#10062,0.2);
#10062 = AXIS2_PLACEMENT_3D('',#10063,#10064,#10065);
#10063 = CARTESIAN_POINT('',(124.99844,-44.693465,-3.6E-02));
#10064 = DIRECTION('',(-0.,-0.,-1.));
#10065 = DIRECTION('',(-0.,-1.,0.));
#10066 = ADVANCED_FACE('',(#10067),#10078,.F.);
#10067 = FACE_BOUND('',#10068,.T.);
#10068 = EDGE_LOOP('',(#10069,#10070,#10076,#10077));
#10069 = ORIENTED_EDGE('',*,*,#5840,.T.);
#10070 = ORIENTED_EDGE('',*,*,#10071,.T.);
#10071 = EDGE_CURVE('',#5841,#7819,#10072,.T.);
#10072 = LINE('',#10073,#10074);
#10073 = CARTESIAN_POINT('',(127.739706,-44.958733,-3.6E-02));
#10074 = VECTOR('',#10075,1.);
#10075 = DIRECTION('',(0.,0.,1.));
#10076 = ORIENTED_EDGE('',*,*,#7818,.F.);
#10077 = ORIENTED_EDGE('',*,*,#10071,.F.);
#10078 = CYLINDRICAL_SURFACE('',#10079,0.2);
#10079 = AXIS2_PLACEMENT_3D('',#10080,#10081,#10082);
#10080 = CARTESIAN_POINT('',(127.739706,-44.758733,-3.6E-02));
#10081 = DIRECTION('',(-0.,-0.,-1.));
#10082 = DIRECTION('',(-0.,-1.,0.));
#10083 = ADVANCED_FACE('',(#10084),#10095,.F.);
#10084 = FACE_BOUND('',#10085,.T.);
#10085 = EDGE_LOOP('',(#10086,#10087,#10093,#10094));
#10086 = ORIENTED_EDGE('',*,*,#5851,.T.);
#10087 = ORIENTED_EDGE('',*,*,#10088,.T.);
#10088 = EDGE_CURVE('',#5852,#7830,#10089,.T.);
#10089 = LINE('',#10090,#10091);
#10090 = CARTESIAN_POINT('',(130.818776,-61.739234,-3.6E-02));
#10091 = VECTOR('',#10092,1.);
#10092 = DIRECTION('',(0.,0.,1.));
#10093 = ORIENTED_EDGE('',*,*,#7829,.F.);
#10094 = ORIENTED_EDGE('',*,*,#10088,.F.);
#10095 = CYLINDRICAL_SURFACE('',#10096,0.2);
#10096 = AXIS2_PLACEMENT_3D('',#10097,#10098,#10099);
#10097 = CARTESIAN_POINT('',(130.818776,-61.539234,-3.6E-02));
#10098 = DIRECTION('',(-0.,-0.,-1.));
#10099 = DIRECTION('',(-0.,-1.,0.));
#10100 = ADVANCED_FACE('',(#10101),#10112,.F.);
#10101 = FACE_BOUND('',#10102,.T.);
#10102 = EDGE_LOOP('',(#10103,#10104,#10110,#10111));
#10103 = ORIENTED_EDGE('',*,*,#5862,.T.);
#10104 = ORIENTED_EDGE('',*,*,#10105,.T.);
#10105 = EDGE_CURVE('',#5863,#7841,#10106,.T.);
#10106 = LINE('',#10107,#10108);
#10107 = CARTESIAN_POINT('',(130.807109,-60.210987,-3.6E-02));
#10108 = VECTOR('',#10109,1.);
#10109 = DIRECTION('',(0.,0.,1.));
#10110 = ORIENTED_EDGE('',*,*,#7840,.F.);
#10111 = ORIENTED_EDGE('',*,*,#10105,.F.);
#10112 = CYLINDRICAL_SURFACE('',#10113,0.15);
#10113 = AXIS2_PLACEMENT_3D('',#10114,#10115,#10116);
#10114 = CARTESIAN_POINT('',(130.807109,-60.060987,-3.6E-02));
#10115 = DIRECTION('',(-0.,-0.,-1.));
#10116 = DIRECTION('',(-0.,-1.,0.));
#10117 = ADVANCED_FACE('',(#10118),#10129,.F.);
#10118 = FACE_BOUND('',#10119,.T.);
#10119 = EDGE_LOOP('',(#10120,#10121,#10127,#10128));
#10120 = ORIENTED_EDGE('',*,*,#5873,.T.);
#10121 = ORIENTED_EDGE('',*,*,#10122,.T.);
#10122 = EDGE_CURVE('',#5874,#7852,#10123,.T.);
#10123 = LINE('',#10124,#10125);
#10124 = CARTESIAN_POINT('',(134.59342,-61.700717,-3.6E-02));
#10125 = VECTOR('',#10126,1.);
#10126 = DIRECTION('',(0.,0.,1.));
#10127 = ORIENTED_EDGE('',*,*,#7851,.F.);
#10128 = ORIENTED_EDGE('',*,*,#10122,.F.);
#10129 = CYLINDRICAL_SURFACE('',#10130,0.2);
#10130 = AXIS2_PLACEMENT_3D('',#10131,#10132,#10133);
#10131 = CARTESIAN_POINT('',(134.59342,-61.500717,-3.6E-02));
#10132 = DIRECTION('',(-0.,0.,-1.));
#10133 = DIRECTION('',(1.42108547152E-13,-1.,-0.));
#10134 = ADVANCED_FACE('',(#10135),#10146,.F.);
#10135 = FACE_BOUND('',#10136,.T.);
#10136 = EDGE_LOOP('',(#10137,#10138,#10144,#10145));
#10137 = ORIENTED_EDGE('',*,*,#5884,.T.);
#10138 = ORIENTED_EDGE('',*,*,#10139,.T.);
#10139 = EDGE_CURVE('',#5885,#7863,#10140,.T.);
#10140 = LINE('',#10141,#10142);
#10141 = CARTESIAN_POINT('',(135.310123,-60.010296,-3.6E-02));
#10142 = VECTOR('',#10143,1.);
#10143 = DIRECTION('',(0.,0.,1.));
#10144 = ORIENTED_EDGE('',*,*,#7862,.F.);
#10145 = ORIENTED_EDGE('',*,*,#10139,.F.);
#10146 = CYLINDRICAL_SURFACE('',#10147,0.15);
#10147 = AXIS2_PLACEMENT_3D('',#10148,#10149,#10150);
#10148 = CARTESIAN_POINT('',(135.310123,-59.860296,-3.6E-02));
#10149 = DIRECTION('',(-0.,-0.,-1.));
#10150 = DIRECTION('',(-0.,-1.,0.));
#10151 = ADVANCED_FACE('',(#10152),#10163,.F.);
#10152 = FACE_BOUND('',#10153,.T.);
#10153 = EDGE_LOOP('',(#10154,#10155,#10161,#10162));
#10154 = ORIENTED_EDGE('',*,*,#5895,.T.);
#10155 = ORIENTED_EDGE('',*,*,#10156,.T.);
#10156 = EDGE_CURVE('',#5896,#7874,#10157,.T.);
#10157 = LINE('',#10158,#10159);
#10158 = CARTESIAN_POINT('',(135.206923,-58.737323,-3.6E-02));
#10159 = VECTOR('',#10160,1.);
#10160 = DIRECTION('',(0.,0.,1.));
#10161 = ORIENTED_EDGE('',*,*,#7873,.F.);
#10162 = ORIENTED_EDGE('',*,*,#10156,.F.);
#10163 = CYLINDRICAL_SURFACE('',#10164,0.2);
#10164 = AXIS2_PLACEMENT_3D('',#10165,#10166,#10167);
#10165 = CARTESIAN_POINT('',(135.206923,-58.537323,-3.6E-02));
#10166 = DIRECTION('',(-0.,-0.,-1.));
#10167 = DIRECTION('',(-1.42108547152E-13,-1.,0.));
#10168 = ADVANCED_FACE('',(#10169),#10180,.F.);
#10169 = FACE_BOUND('',#10170,.T.);
#10170 = EDGE_LOOP('',(#10171,#10172,#10178,#10179));
#10171 = ORIENTED_EDGE('',*,*,#5906,.T.);
#10172 = ORIENTED_EDGE('',*,*,#10173,.T.);
#10173 = EDGE_CURVE('',#5907,#7885,#10174,.T.);
#10174 = LINE('',#10175,#10176);
#10175 = CARTESIAN_POINT('',(130.85468,-56.690505,-3.6E-02));
#10176 = VECTOR('',#10177,1.);
#10177 = DIRECTION('',(0.,0.,1.));
#10178 = ORIENTED_EDGE('',*,*,#7884,.F.);
#10179 = ORIENTED_EDGE('',*,*,#10173,.F.);
#10180 = CYLINDRICAL_SURFACE('',#10181,0.2);
#10181 = AXIS2_PLACEMENT_3D('',#10182,#10183,#10184);
#10182 = CARTESIAN_POINT('',(130.85468,-56.490505,-3.6E-02));
#10183 = DIRECTION('',(-0.,-0.,-1.));
#10184 = DIRECTION('',(-0.,-1.,0.));
#10185 = ADVANCED_FACE('',(#10186),#10197,.F.);
#10186 = FACE_BOUND('',#10187,.T.);
#10187 = EDGE_LOOP('',(#10188,#10189,#10195,#10196));
#10188 = ORIENTED_EDGE('',*,*,#5917,.T.);
#10189 = ORIENTED_EDGE('',*,*,#10190,.T.);
#10190 = EDGE_CURVE('',#5918,#7896,#10191,.T.);
#10191 = LINE('',#10192,#10193);
#10192 = CARTESIAN_POINT('',(130.955892,-53.699124,-3.6E-02));
#10193 = VECTOR('',#10194,1.);
#10194 = DIRECTION('',(0.,0.,1.));
#10195 = ORIENTED_EDGE('',*,*,#7895,.F.);
#10196 = ORIENTED_EDGE('',*,*,#10190,.F.);
#10197 = CYLINDRICAL_SURFACE('',#10198,0.2);
#10198 = AXIS2_PLACEMENT_3D('',#10199,#10200,#10201);
#10199 = CARTESIAN_POINT('',(130.955892,-53.499124,-3.6E-02));
#10200 = DIRECTION('',(-0.,-0.,-1.));
#10201 = DIRECTION('',(-0.,-1.,0.));
#10202 = ADVANCED_FACE('',(#10203),#10214,.F.);
#10203 = FACE_BOUND('',#10204,.T.);
#10204 = EDGE_LOOP('',(#10205,#10206,#10212,#10213));
#10205 = ORIENTED_EDGE('',*,*,#5928,.T.);
#10206 = ORIENTED_EDGE('',*,*,#10207,.T.);
#10207 = EDGE_CURVE('',#5929,#7907,#10208,.T.);
#10208 = LINE('',#10209,#10210);
#10209 = CARTESIAN_POINT('',(133.598099,-55.857333,-3.6E-02));
#10210 = VECTOR('',#10211,1.);
#10211 = DIRECTION('',(0.,0.,1.));
#10212 = ORIENTED_EDGE('',*,*,#7906,.F.);
#10213 = ORIENTED_EDGE('',*,*,#10207,.F.);
#10214 = CYLINDRICAL_SURFACE('',#10215,0.2);
#10215 = AXIS2_PLACEMENT_3D('',#10216,#10217,#10218);
#10216 = CARTESIAN_POINT('',(133.598099,-55.657333,-3.6E-02));
#10217 = DIRECTION('',(-0.,-0.,-1.));
#10218 = DIRECTION('',(-0.,-1.,0.));
#10219 = ADVANCED_FACE('',(#10220),#10231,.F.);
#10220 = FACE_BOUND('',#10221,.T.);
#10221 = EDGE_LOOP('',(#10222,#10223,#10229,#10230));
#10222 = ORIENTED_EDGE('',*,*,#5939,.T.);
#10223 = ORIENTED_EDGE('',*,*,#10224,.T.);
#10224 = EDGE_CURVE('',#5940,#7918,#10225,.T.);
#10225 = LINE('',#10226,#10227);
#10226 = CARTESIAN_POINT('',(133.702719,-53.660325,-3.6E-02));
#10227 = VECTOR('',#10228,1.);
#10228 = DIRECTION('',(0.,0.,1.));
#10229 = ORIENTED_EDGE('',*,*,#7917,.F.);
#10230 = ORIENTED_EDGE('',*,*,#10224,.F.);
#10231 = CYLINDRICAL_SURFACE('',#10232,0.2);
#10232 = AXIS2_PLACEMENT_3D('',#10233,#10234,#10235);
#10233 = CARTESIAN_POINT('',(133.702719,-53.460325,-3.6E-02));
#10234 = DIRECTION('',(-0.,-0.,-1.));
#10235 = DIRECTION('',(-0.,-1.,0.));
#10236 = ADVANCED_FACE('',(#10237),#10248,.F.);
#10237 = FACE_BOUND('',#10238,.T.);
#10238 = EDGE_LOOP('',(#10239,#10240,#10246,#10247));
#10239 = ORIENTED_EDGE('',*,*,#5950,.T.);
#10240 = ORIENTED_EDGE('',*,*,#10241,.T.);
#10241 = EDGE_CURVE('',#5951,#7929,#10242,.T.);
#10242 = LINE('',#10243,#10244);
#10243 = CARTESIAN_POINT('',(137.,-53.7,-3.6E-02));
#10244 = VECTOR('',#10245,1.);
#10245 = DIRECTION('',(0.,0.,1.));
#10246 = ORIENTED_EDGE('',*,*,#7928,.F.);
#10247 = ORIENTED_EDGE('',*,*,#10241,.F.);
#10248 = CYLINDRICAL_SURFACE('',#10249,0.2);
#10249 = AXIS2_PLACEMENT_3D('',#10250,#10251,#10252);
#10250 = CARTESIAN_POINT('',(137.,-53.5,-3.6E-02));
#10251 = DIRECTION('',(-0.,-0.,-1.));
#10252 = DIRECTION('',(-0.,-1.,0.));
#10253 = ADVANCED_FACE('',(#10254),#10265,.F.);
#10254 = FACE_BOUND('',#10255,.T.);
#10255 = EDGE_LOOP('',(#10256,#10257,#10263,#10264));
#10256 = ORIENTED_EDGE('',*,*,#5961,.T.);
#10257 = ORIENTED_EDGE('',*,*,#10258,.T.);
#10258 = EDGE_CURVE('',#5962,#7940,#10259,.T.);
#10259 = LINE('',#10260,#10261);
#10260 = CARTESIAN_POINT('',(141.055381,-60.627625,-3.6E-02));
#10261 = VECTOR('',#10262,1.);
#10262 = DIRECTION('',(0.,0.,1.));
#10263 = ORIENTED_EDGE('',*,*,#7939,.F.);
#10264 = ORIENTED_EDGE('',*,*,#10258,.F.);
#10265 = CYLINDRICAL_SURFACE('',#10266,0.15);
#10266 = AXIS2_PLACEMENT_3D('',#10267,#10268,#10269);
#10267 = CARTESIAN_POINT('',(141.055381,-60.477625,-3.6E-02));
#10268 = DIRECTION('',(-0.,-0.,-1.));
#10269 = DIRECTION('',(-0.,-1.,0.));
#10270 = ADVANCED_FACE('',(#10271),#10282,.F.);
#10271 = FACE_BOUND('',#10272,.T.);
#10272 = EDGE_LOOP('',(#10273,#10274,#10280,#10281));
#10273 = ORIENTED_EDGE('',*,*,#5972,.T.);
#10274 = ORIENTED_EDGE('',*,*,#10275,.T.);
#10275 = EDGE_CURVE('',#5973,#7951,#10276,.T.);
#10276 = LINE('',#10277,#10278);
#10277 = CARTESIAN_POINT('',(140.65,-58.1,-4.6E-02));
#10278 = VECTOR('',#10279,1.);
#10279 = DIRECTION('',(0.,0.,1.));
#10280 = ORIENTED_EDGE('',*,*,#7950,.F.);
#10281 = ORIENTED_EDGE('',*,*,#10275,.F.);
#10282 = CYLINDRICAL_SURFACE('',#10283,1.1);
#10283 = AXIS2_PLACEMENT_3D('',#10284,#10285,#10286);
#10284 = CARTESIAN_POINT('',(140.65,-57.,-4.6E-02));
#10285 = DIRECTION('',(-0.,-0.,-1.));
#10286 = DIRECTION('',(-0.,-1.,0.));
#10287 = ADVANCED_FACE('',(#10288),#10299,.F.);
#10288 = FACE_BOUND('',#10289,.T.);
#10289 = EDGE_LOOP('',(#10290,#10291,#10297,#10298));
#10290 = ORIENTED_EDGE('',*,*,#5983,.T.);
#10291 = ORIENTED_EDGE('',*,*,#10292,.T.);
#10292 = EDGE_CURVE('',#5984,#7962,#10293,.T.);
#10293 = LINE('',#10294,#10295);
#10294 = CARTESIAN_POINT('',(143.530929,-61.005325,-3.6E-02));
#10295 = VECTOR('',#10296,1.);
#10296 = DIRECTION('',(0.,0.,1.));
#10297 = ORIENTED_EDGE('',*,*,#7961,.F.);
#10298 = ORIENTED_EDGE('',*,*,#10292,.F.);
#10299 = CYLINDRICAL_SURFACE('',#10300,0.2);
#10300 = AXIS2_PLACEMENT_3D('',#10301,#10302,#10303);
#10301 = CARTESIAN_POINT('',(143.530929,-60.805325,-3.6E-02));
#10302 = DIRECTION('',(-0.,-0.,-1.));
#10303 = DIRECTION('',(-1.42108547152E-13,-1.,0.));
#10304 = ADVANCED_FACE('',(#10305),#10316,.F.);
#10305 = FACE_BOUND('',#10306,.T.);
#10306 = EDGE_LOOP('',(#10307,#10308,#10314,#10315));
#10307 = ORIENTED_EDGE('',*,*,#5994,.T.);
#10308 = ORIENTED_EDGE('',*,*,#10309,.T.);
#10309 = EDGE_CURVE('',#5995,#7973,#10310,.T.);
#10310 = LINE('',#10311,#10312);
#10311 = CARTESIAN_POINT('',(145.194508,-61.890208,-3.6E-02));
#10312 = VECTOR('',#10313,1.);
#10313 = DIRECTION('',(0.,0.,1.));
#10314 = ORIENTED_EDGE('',*,*,#7972,.F.);
#10315 = ORIENTED_EDGE('',*,*,#10309,.F.);
#10316 = CYLINDRICAL_SURFACE('',#10317,0.2);
#10317 = AXIS2_PLACEMENT_3D('',#10318,#10319,#10320);
#10318 = CARTESIAN_POINT('',(145.194508,-61.690208,-3.6E-02));
#10319 = DIRECTION('',(-0.,0.,-1.));
#10320 = DIRECTION('',(1.42108547152E-13,-1.,-0.));
#10321 = ADVANCED_FACE('',(#10322),#10333,.F.);
#10322 = FACE_BOUND('',#10323,.T.);
#10323 = EDGE_LOOP('',(#10324,#10325,#10331,#10332));
#10324 = ORIENTED_EDGE('',*,*,#6005,.T.);
#10325 = ORIENTED_EDGE('',*,*,#10326,.T.);
#10326 = EDGE_CURVE('',#6006,#7984,#10327,.T.);
#10327 = LINE('',#10328,#10329);
#10328 = CARTESIAN_POINT('',(145.,-59.325,-4.6E-02));
#10329 = VECTOR('',#10330,1.);
#10330 = DIRECTION('',(0.,0.,1.));
#10331 = ORIENTED_EDGE('',*,*,#7983,.F.);
#10332 = ORIENTED_EDGE('',*,*,#10326,.F.);
#10333 = CYLINDRICAL_SURFACE('',#10334,0.325);
#10334 = AXIS2_PLACEMENT_3D('',#10335,#10336,#10337);
#10335 = CARTESIAN_POINT('',(145.,-59.,-4.6E-02));
#10336 = DIRECTION('',(-0.,-0.,-1.));
#10337 = DIRECTION('',(-0.,-1.,0.));
#10338 = ADVANCED_FACE('',(#10339),#10350,.F.);
#10339 = FACE_BOUND('',#10340,.T.);
#10340 = EDGE_LOOP('',(#10341,#10342,#10348,#10349));
#10341 = ORIENTED_EDGE('',*,*,#6016,.T.);
#10342 = ORIENTED_EDGE('',*,*,#10343,.T.);
#10343 = EDGE_CURVE('',#6017,#7995,#10344,.T.);
#10344 = LINE('',#10345,#10346);
#10345 = CARTESIAN_POINT('',(145.,-58.055,-4.6E-02));
#10346 = VECTOR('',#10347,1.);
#10347 = DIRECTION('',(0.,0.,1.));
#10348 = ORIENTED_EDGE('',*,*,#7994,.F.);
#10349 = ORIENTED_EDGE('',*,*,#10343,.F.);
#10350 = CYLINDRICAL_SURFACE('',#10351,0.325);
#10351 = AXIS2_PLACEMENT_3D('',#10352,#10353,#10354);
#10352 = CARTESIAN_POINT('',(145.,-57.73,-4.6E-02));
#10353 = DIRECTION('',(-0.,-0.,-1.));
#10354 = DIRECTION('',(-0.,-1.,0.));
#10355 = ADVANCED_FACE('',(#10356),#10367,.F.);
#10356 = FACE_BOUND('',#10357,.T.);
#10357 = EDGE_LOOP('',(#10358,#10359,#10365,#10366));
#10358 = ORIENTED_EDGE('',*,*,#6027,.T.);
#10359 = ORIENTED_EDGE('',*,*,#10360,.T.);
#10360 = EDGE_CURVE('',#6028,#8006,#10361,.T.);
#10361 = LINE('',#10362,#10363);
#10362 = CARTESIAN_POINT('',(139.208867,-54.213893,-3.6E-02));
#10363 = VECTOR('',#10364,1.);
#10364 = DIRECTION('',(0.,0.,1.));
#10365 = ORIENTED_EDGE('',*,*,#8005,.F.);
#10366 = ORIENTED_EDGE('',*,*,#10360,.F.);
#10367 = CYLINDRICAL_SURFACE('',#10368,0.2);
#10368 = AXIS2_PLACEMENT_3D('',#10369,#10370,#10371);
#10369 = CARTESIAN_POINT('',(139.208867,-54.013893,-3.6E-02));
#10370 = DIRECTION('',(-0.,-0.,-1.));
#10371 = DIRECTION('',(-0.,-1.,0.));
#10372 = ADVANCED_FACE('',(#10373),#10384,.F.);
#10373 = FACE_BOUND('',#10374,.T.);
#10374 = EDGE_LOOP('',(#10375,#10376,#10382,#10383));
#10375 = ORIENTED_EDGE('',*,*,#6038,.T.);
#10376 = ORIENTED_EDGE('',*,*,#10377,.T.);
#10377 = EDGE_CURVE('',#6039,#8017,#10378,.T.);
#10378 = LINE('',#10379,#10380);
#10379 = CARTESIAN_POINT('',(141.401812,-54.695884,-4.6E-02));
#10380 = VECTOR('',#10381,1.);
#10381 = DIRECTION('',(0.,0.,1.));
#10382 = ORIENTED_EDGE('',*,*,#8016,.F.);
#10383 = ORIENTED_EDGE('',*,*,#10377,.F.);
#10384 = CYLINDRICAL_SURFACE('',#10385,0.65);
#10385 = AXIS2_PLACEMENT_3D('',#10386,#10387,#10388);
#10386 = CARTESIAN_POINT('',(141.401812,-54.045884,-4.6E-02));
#10387 = DIRECTION('',(-0.,-0.,-1.));
#10388 = DIRECTION('',(-0.,-1.,0.));
#10389 = ADVANCED_FACE('',(#10390),#10401,.F.);
#10390 = FACE_BOUND('',#10391,.T.);
#10391 = EDGE_LOOP('',(#10392,#10393,#10399,#10400));
#10392 = ORIENTED_EDGE('',*,*,#6049,.T.);
#10393 = ORIENTED_EDGE('',*,*,#10394,.T.);
#10394 = EDGE_CURVE('',#6050,#8028,#10395,.T.);
#10395 = LINE('',#10396,#10397);
#10396 = CARTESIAN_POINT('',(143.699115,-55.19958,-3.6E-02));
#10397 = VECTOR('',#10398,1.);
#10398 = DIRECTION('',(0.,0.,1.));
#10399 = ORIENTED_EDGE('',*,*,#8027,.F.);
#10400 = ORIENTED_EDGE('',*,*,#10394,.F.);
#10401 = CYLINDRICAL_SURFACE('',#10402,0.2);
#10402 = AXIS2_PLACEMENT_3D('',#10403,#10404,#10405);
#10403 = CARTESIAN_POINT('',(143.699115,-54.99958,-3.6E-02));
#10404 = DIRECTION('',(-0.,-0.,-1.));
#10405 = DIRECTION('',(-0.,-1.,0.));
#10406 = ADVANCED_FACE('',(#10407),#10418,.F.);
#10407 = FACE_BOUND('',#10408,.T.);
#10408 = EDGE_LOOP('',(#10409,#10410,#10416,#10417));
#10409 = ORIENTED_EDGE('',*,*,#6060,.T.);
#10410 = ORIENTED_EDGE('',*,*,#10411,.T.);
#10411 = EDGE_CURVE('',#6061,#8039,#10412,.T.);
#10412 = LINE('',#10413,#10414);
#10413 = CARTESIAN_POINT('',(145.,-56.2,-3.6E-02));
#10414 = VECTOR('',#10415,1.);
#10415 = DIRECTION('',(0.,0.,1.));
#10416 = ORIENTED_EDGE('',*,*,#8038,.F.);
#10417 = ORIENTED_EDGE('',*,*,#10411,.F.);
#10418 = CYLINDRICAL_SURFACE('',#10419,0.2);
#10419 = AXIS2_PLACEMENT_3D('',#10420,#10421,#10422);
#10420 = CARTESIAN_POINT('',(145.,-56.,-3.6E-02));
#10421 = DIRECTION('',(-0.,-0.,-1.));
#10422 = DIRECTION('',(-0.,-1.,0.));
#10423 = ADVANCED_FACE('',(#10424),#10435,.F.);
#10424 = FACE_BOUND('',#10425,.T.);
#10425 = EDGE_LOOP('',(#10426,#10427,#10433,#10434));
#10426 = ORIENTED_EDGE('',*,*,#6071,.T.);
#10427 = ORIENTED_EDGE('',*,*,#10428,.T.);
#10428 = EDGE_CURVE('',#6072,#8050,#10429,.T.);
#10429 = LINE('',#10430,#10431);
#10430 = CARTESIAN_POINT('',(143.951812,-53.295884,-4.6E-02));
#10431 = VECTOR('',#10432,1.);
#10432 = DIRECTION('',(0.,0.,1.));
#10433 = ORIENTED_EDGE('',*,*,#8049,.F.);
#10434 = ORIENTED_EDGE('',*,*,#10428,.F.);
#10435 = CYLINDRICAL_SURFACE('',#10436,0.5);
#10436 = AXIS2_PLACEMENT_3D('',#10437,#10438,#10439);
#10437 = CARTESIAN_POINT('',(143.951812,-52.795884,-4.6E-02));
#10438 = DIRECTION('',(-0.,-0.,-1.));
#10439 = DIRECTION('',(-0.,-1.,0.));
#10440 = ADVANCED_FACE('',(#10441),#10452,.F.);
#10441 = FACE_BOUND('',#10442,.T.);
#10442 = EDGE_LOOP('',(#10443,#10444,#10450,#10451));
#10443 = ORIENTED_EDGE('',*,*,#6082,.T.);
#10444 = ORIENTED_EDGE('',*,*,#10445,.T.);
#10445 = EDGE_CURVE('',#6083,#8061,#10446,.T.);
#10446 = LINE('',#10447,#10448);
#10447 = CARTESIAN_POINT('',(145.75902,-54.2,-3.6E-02));
#10448 = VECTOR('',#10449,1.);
#10449 = DIRECTION('',(0.,0.,1.));
#10450 = ORIENTED_EDGE('',*,*,#8060,.F.);
#10451 = ORIENTED_EDGE('',*,*,#10445,.F.);
#10452 = CYLINDRICAL_SURFACE('',#10453,0.2);
#10453 = AXIS2_PLACEMENT_3D('',#10454,#10455,#10456);
#10454 = CARTESIAN_POINT('',(145.75902,-54.,-3.6E-02));
#10455 = DIRECTION('',(-0.,-0.,-1.));
#10456 = DIRECTION('',(-1.42108547152E-13,-1.,0.));
#10457 = ADVANCED_FACE('',(#10458),#10469,.F.);
#10458 = FACE_BOUND('',#10459,.T.);
#10459 = EDGE_LOOP('',(#10460,#10461,#10467,#10468));
#10460 = ORIENTED_EDGE('',*,*,#6093,.T.);
#10461 = ORIENTED_EDGE('',*,*,#10462,.T.);
#10462 = EDGE_CURVE('',#6094,#8072,#10463,.T.);
#10463 = LINE('',#10464,#10465);
#10464 = CARTESIAN_POINT('',(130.893745,-50.713892,-3.6E-02));
#10465 = VECTOR('',#10466,1.);
#10466 = DIRECTION('',(0.,0.,1.));
#10467 = ORIENTED_EDGE('',*,*,#8071,.F.);
#10468 = ORIENTED_EDGE('',*,*,#10462,.F.);
#10469 = CYLINDRICAL_SURFACE('',#10470,0.2);
#10470 = AXIS2_PLACEMENT_3D('',#10471,#10472,#10473);
#10471 = CARTESIAN_POINT('',(130.893745,-50.513892,-3.6E-02));
#10472 = DIRECTION('',(-0.,-0.,-1.));
#10473 = DIRECTION('',(-1.42108547152E-13,-1.,0.));
#10474 = ADVANCED_FACE('',(#10475),#10486,.F.);
#10475 = FACE_BOUND('',#10476,.T.);
#10476 = EDGE_LOOP('',(#10477,#10478,#10484,#10485));
#10477 = ORIENTED_EDGE('',*,*,#6104,.T.);
#10478 = ORIENTED_EDGE('',*,*,#10479,.T.);
#10479 = EDGE_CURVE('',#6105,#8083,#10480,.T.);
#10480 = LINE('',#10481,#10482);
#10481 = CARTESIAN_POINT('',(129.5,-47.015791,-3.6E-02));
#10482 = VECTOR('',#10483,1.);
#10483 = DIRECTION('',(0.,0.,1.));
#10484 = ORIENTED_EDGE('',*,*,#8082,.F.);
#10485 = ORIENTED_EDGE('',*,*,#10479,.F.);
#10486 = CYLINDRICAL_SURFACE('',#10487,0.2);
#10487 = AXIS2_PLACEMENT_3D('',#10488,#10489,#10490);
#10488 = CARTESIAN_POINT('',(129.5,-46.815791,-3.6E-02));
#10489 = DIRECTION('',(-0.,-0.,-1.));
#10490 = DIRECTION('',(-0.,-1.,0.));
#10491 = ADVANCED_FACE('',(#10492),#10503,.F.);
#10492 = FACE_BOUND('',#10493,.T.);
#10493 = EDGE_LOOP('',(#10494,#10495,#10501,#10502));
#10494 = ORIENTED_EDGE('',*,*,#6115,.T.);
#10495 = ORIENTED_EDGE('',*,*,#10496,.T.);
#10496 = EDGE_CURVE('',#6116,#8094,#10497,.T.);
#10497 = LINE('',#10498,#10499);
#10498 = CARTESIAN_POINT('',(132.647026,-49.051298,-3.6E-02));
#10499 = VECTOR('',#10500,1.);
#10500 = DIRECTION('',(0.,0.,1.));
#10501 = ORIENTED_EDGE('',*,*,#8093,.F.);
#10502 = ORIENTED_EDGE('',*,*,#10496,.F.);
#10503 = CYLINDRICAL_SURFACE('',#10504,0.2);
#10504 = AXIS2_PLACEMENT_3D('',#10505,#10506,#10507);
#10505 = CARTESIAN_POINT('',(132.647026,-48.851298,-3.6E-02));
#10506 = DIRECTION('',(-0.,0.,-1.));
#10507 = DIRECTION('',(1.42108547152E-13,-1.,-0.));
#10508 = ADVANCED_FACE('',(#10509),#10520,.F.);
#10509 = FACE_BOUND('',#10510,.T.);
#10510 = EDGE_LOOP('',(#10511,#10512,#10518,#10519));
#10511 = ORIENTED_EDGE('',*,*,#6126,.T.);
#10512 = ORIENTED_EDGE('',*,*,#10513,.T.);
#10513 = EDGE_CURVE('',#6127,#8105,#10514,.T.);
#10514 = LINE('',#10515,#10516);
#10515 = CARTESIAN_POINT('',(133.723643,-51.421469,-3.6E-02));
#10516 = VECTOR('',#10517,1.);
#10517 = DIRECTION('',(0.,0.,1.));
#10518 = ORIENTED_EDGE('',*,*,#8104,.F.);
#10519 = ORIENTED_EDGE('',*,*,#10513,.F.);
#10520 = CYLINDRICAL_SURFACE('',#10521,0.2);
#10521 = AXIS2_PLACEMENT_3D('',#10522,#10523,#10524);
#10522 = CARTESIAN_POINT('',(133.723643,-51.221469,-3.6E-02));
#10523 = DIRECTION('',(-0.,0.,-1.));
#10524 = DIRECTION('',(1.42108547152E-13,-1.,-0.));
#10525 = ADVANCED_FACE('',(#10526),#10537,.F.);
#10526 = FACE_BOUND('',#10527,.T.);
#10527 = EDGE_LOOP('',(#10528,#10529,#10535,#10536));
#10528 = ORIENTED_EDGE('',*,*,#6137,.T.);
#10529 = ORIENTED_EDGE('',*,*,#10530,.T.);
#10530 = EDGE_CURVE('',#6138,#8116,#10531,.T.);
#10531 = LINE('',#10532,#10533);
#10532 = CARTESIAN_POINT('',(134.652995,-49.206216,-3.6E-02));
#10533 = VECTOR('',#10534,1.);
#10534 = DIRECTION('',(0.,0.,1.));
#10535 = ORIENTED_EDGE('',*,*,#8115,.F.);
#10536 = ORIENTED_EDGE('',*,*,#10530,.F.);
#10537 = CYLINDRICAL_SURFACE('',#10538,0.2);
#10538 = AXIS2_PLACEMENT_3D('',#10539,#10540,#10541);
#10539 = CARTESIAN_POINT('',(134.652995,-49.006216,-3.6E-02));
#10540 = DIRECTION('',(-0.,0.,-1.));
#10541 = DIRECTION('',(1.42108547152E-13,-1.,-0.));
#10542 = ADVANCED_FACE('',(#10543),#10554,.F.);
#10543 = FACE_BOUND('',#10544,.T.);
#10544 = EDGE_LOOP('',(#10545,#10546,#10552,#10553));
#10545 = ORIENTED_EDGE('',*,*,#6148,.T.);
#10546 = ORIENTED_EDGE('',*,*,#10547,.T.);
#10547 = EDGE_CURVE('',#6149,#8127,#10548,.T.);
#10548 = LINE('',#10549,#10550);
#10549 = CARTESIAN_POINT('',(131.808999,-46.058976,-3.6E-02));
#10550 = VECTOR('',#10551,1.);
#10551 = DIRECTION('',(0.,0.,1.));
#10552 = ORIENTED_EDGE('',*,*,#8126,.F.);
#10553 = ORIENTED_EDGE('',*,*,#10547,.F.);
#10554 = CYLINDRICAL_SURFACE('',#10555,0.2);
#10555 = AXIS2_PLACEMENT_3D('',#10556,#10557,#10558);
#10556 = CARTESIAN_POINT('',(131.808999,-45.858976,-3.6E-02));
#10557 = DIRECTION('',(-0.,-0.,-1.));
#10558 = DIRECTION('',(-0.,-1.,0.));
#10559 = ADVANCED_FACE('',(#10560),#10571,.F.);
#10560 = FACE_BOUND('',#10561,.T.);
#10561 = EDGE_LOOP('',(#10562,#10563,#10569,#10570));
#10562 = ORIENTED_EDGE('',*,*,#6159,.T.);
#10563 = ORIENTED_EDGE('',*,*,#10564,.T.);
#10564 = EDGE_CURVE('',#6160,#8138,#10565,.T.);
#10565 = LINE('',#10566,#10567);
#10566 = CARTESIAN_POINT('',(133.5,-46.15,-3.6E-02));
#10567 = VECTOR('',#10568,1.);
#10568 = DIRECTION('',(0.,0.,1.));
#10569 = ORIENTED_EDGE('',*,*,#8137,.F.);
#10570 = ORIENTED_EDGE('',*,*,#10564,.F.);
#10571 = CYLINDRICAL_SURFACE('',#10572,0.15);
#10572 = AXIS2_PLACEMENT_3D('',#10573,#10574,#10575);
#10573 = CARTESIAN_POINT('',(133.5,-46.,-3.6E-02));
#10574 = DIRECTION('',(-0.,-0.,-1.));
#10575 = DIRECTION('',(-0.,-1.,0.));
#10576 = ADVANCED_FACE('',(#10577),#10588,.F.);
#10577 = FACE_BOUND('',#10578,.T.);
#10578 = EDGE_LOOP('',(#10579,#10580,#10586,#10587));
#10579 = ORIENTED_EDGE('',*,*,#6170,.T.);
#10580 = ORIENTED_EDGE('',*,*,#10581,.T.);
#10581 = EDGE_CURVE('',#6171,#8149,#10582,.T.);
#10582 = LINE('',#10583,#10584);
#10583 = CARTESIAN_POINT('',(135.5,-43.2,-3.6E-02));
#10584 = VECTOR('',#10585,1.);
#10585 = DIRECTION('',(0.,0.,1.));
#10586 = ORIENTED_EDGE('',*,*,#8148,.F.);
#10587 = ORIENTED_EDGE('',*,*,#10581,.F.);
#10588 = CYLINDRICAL_SURFACE('',#10589,0.2);
#10589 = AXIS2_PLACEMENT_3D('',#10590,#10591,#10592);
#10590 = CARTESIAN_POINT('',(135.5,-43.,-3.6E-02));
#10591 = DIRECTION('',(-0.,-0.,-1.));
#10592 = DIRECTION('',(-0.,-1.,0.));
#10593 = ADVANCED_FACE('',(#10594),#10605,.F.);
#10594 = FACE_BOUND('',#10595,.T.);
#10595 = EDGE_LOOP('',(#10596,#10597,#10603,#10604));
#10596 = ORIENTED_EDGE('',*,*,#6181,.T.);
#10597 = ORIENTED_EDGE('',*,*,#10598,.T.);
#10598 = EDGE_CURVE('',#6182,#8160,#10599,.T.);
#10599 = LINE('',#10600,#10601);
#10600 = CARTESIAN_POINT('',(140.00864,-51.551588,-3.6E-02));
#10601 = VECTOR('',#10602,1.);
#10602 = DIRECTION('',(0.,0.,1.));
#10603 = ORIENTED_EDGE('',*,*,#8159,.F.);
#10604 = ORIENTED_EDGE('',*,*,#10598,.F.);
#10605 = CYLINDRICAL_SURFACE('',#10606,0.2);
#10606 = AXIS2_PLACEMENT_3D('',#10607,#10608,#10609);
#10607 = CARTESIAN_POINT('',(140.00864,-51.351588,-3.6E-02));
#10608 = DIRECTION('',(-0.,-0.,-1.));
#10609 = DIRECTION('',(-0.,-1.,0.));
#10610 = ADVANCED_FACE('',(#10611),#10622,.F.);
#10611 = FACE_BOUND('',#10612,.T.);
#10612 = EDGE_LOOP('',(#10613,#10614,#10620,#10621));
#10613 = ORIENTED_EDGE('',*,*,#6192,.T.);
#10614 = ORIENTED_EDGE('',*,*,#10615,.T.);
#10615 = EDGE_CURVE('',#6193,#8171,#10616,.T.);
#10616 = LINE('',#10617,#10618);
#10617 = CARTESIAN_POINT('',(139.18602,-48.00518,-3.6E-02));
#10618 = VECTOR('',#10619,1.);
#10619 = DIRECTION('',(0.,0.,1.));
#10620 = ORIENTED_EDGE('',*,*,#8170,.F.);
#10621 = ORIENTED_EDGE('',*,*,#10615,.F.);
#10622 = CYLINDRICAL_SURFACE('',#10623,0.2);
#10623 = AXIS2_PLACEMENT_3D('',#10624,#10625,#10626);
#10624 = CARTESIAN_POINT('',(139.18602,-47.80518,-3.6E-02));
#10625 = DIRECTION('',(-0.,0.,-1.));
#10626 = DIRECTION('',(1.42108547152E-13,-1.,-0.));
#10627 = ADVANCED_FACE('',(#10628),#10639,.F.);
#10628 = FACE_BOUND('',#10629,.T.);
#10629 = EDGE_LOOP('',(#10630,#10631,#10637,#10638));
#10630 = ORIENTED_EDGE('',*,*,#6203,.T.);
#10631 = ORIENTED_EDGE('',*,*,#10632,.T.);
#10632 = EDGE_CURVE('',#6204,#8182,#10633,.T.);
#10633 = LINE('',#10634,#10635);
#10634 = CARTESIAN_POINT('',(137.751484,-46.929271,-3.6E-02));
#10635 = VECTOR('',#10636,1.);
#10636 = DIRECTION('',(0.,0.,1.));
#10637 = ORIENTED_EDGE('',*,*,#8181,.F.);
#10638 = ORIENTED_EDGE('',*,*,#10632,.F.);
#10639 = CYLINDRICAL_SURFACE('',#10640,0.2);
#10640 = AXIS2_PLACEMENT_3D('',#10641,#10642,#10643);
#10641 = CARTESIAN_POINT('',(137.751484,-46.729271,-3.6E-02));
#10642 = DIRECTION('',(-0.,-0.,-1.));
#10643 = DIRECTION('',(-0.,-1.,0.));
#10644 = ADVANCED_FACE('',(#10645),#10656,.F.);
#10645 = FACE_BOUND('',#10646,.T.);
#10646 = EDGE_LOOP('',(#10647,#10648,#10654,#10655));
#10647 = ORIENTED_EDGE('',*,*,#6214,.T.);
#10648 = ORIENTED_EDGE('',*,*,#10649,.T.);
#10649 = EDGE_CURVE('',#6215,#8193,#10650,.T.);
#10650 = LINE('',#10651,#10652);
#10651 = CARTESIAN_POINT('',(141.401812,-47.695884,-4.6E-02));
#10652 = VECTOR('',#10653,1.);
#10653 = DIRECTION('',(0.,0.,1.));
#10654 = ORIENTED_EDGE('',*,*,#8192,.F.);
#10655 = ORIENTED_EDGE('',*,*,#10649,.F.);
#10656 = CYLINDRICAL_SURFACE('',#10657,0.65);
#10657 = AXIS2_PLACEMENT_3D('',#10658,#10659,#10660);
#10658 = CARTESIAN_POINT('',(141.401812,-47.045884,-4.6E-02));
#10659 = DIRECTION('',(-0.,-0.,-1.));
#10660 = DIRECTION('',(-0.,-1.,0.));
#10661 = ADVANCED_FACE('',(#10662),#10673,.F.);
#10662 = FACE_BOUND('',#10663,.T.);
#10663 = EDGE_LOOP('',(#10664,#10665,#10671,#10672));
#10664 = ORIENTED_EDGE('',*,*,#6225,.T.);
#10665 = ORIENTED_EDGE('',*,*,#10666,.T.);
#10666 = EDGE_CURVE('',#6226,#8204,#10667,.T.);
#10667 = LINE('',#10668,#10669);
#10668 = CARTESIAN_POINT('',(142.02622,-49.359674,-3.6E-02));
#10669 = VECTOR('',#10670,1.);
#10670 = DIRECTION('',(0.,0.,1.));
#10671 = ORIENTED_EDGE('',*,*,#8203,.F.);
#10672 = ORIENTED_EDGE('',*,*,#10666,.F.);
#10673 = CYLINDRICAL_SURFACE('',#10674,0.2);
#10674 = AXIS2_PLACEMENT_3D('',#10675,#10676,#10677);
#10675 = CARTESIAN_POINT('',(142.02622,-49.159674,-3.6E-02));
#10676 = DIRECTION('',(-0.,-0.,-1.));
#10677 = DIRECTION('',(-1.42108547152E-13,-1.,0.));
#10678 = ADVANCED_FACE('',(#10679),#10690,.F.);
#10679 = FACE_BOUND('',#10680,.T.);
#10680 = EDGE_LOOP('',(#10681,#10682,#10688,#10689));
#10681 = ORIENTED_EDGE('',*,*,#6236,.T.);
#10682 = ORIENTED_EDGE('',*,*,#10683,.T.);
#10683 = EDGE_CURVE('',#6237,#8215,#10684,.T.);
#10684 = LINE('',#10685,#10686);
#10685 = CARTESIAN_POINT('',(143.403776,-50.551074,-3.6E-02));
#10686 = VECTOR('',#10687,1.);
#10687 = DIRECTION('',(0.,0.,1.));
#10688 = ORIENTED_EDGE('',*,*,#8214,.F.);
#10689 = ORIENTED_EDGE('',*,*,#10683,.F.);
#10690 = CYLINDRICAL_SURFACE('',#10691,0.2);
#10691 = AXIS2_PLACEMENT_3D('',#10692,#10693,#10694);
#10692 = CARTESIAN_POINT('',(143.403776,-50.351074,-3.6E-02));
#10693 = DIRECTION('',(-0.,-0.,-1.));
#10694 = DIRECTION('',(-0.,-1.,0.));
#10695 = ADVANCED_FACE('',(#10696),#10707,.F.);
#10696 = FACE_BOUND('',#10697,.T.);
#10697 = EDGE_LOOP('',(#10698,#10699,#10705,#10706));
#10698 = ORIENTED_EDGE('',*,*,#6247,.T.);
#10699 = ORIENTED_EDGE('',*,*,#10700,.T.);
#10700 = EDGE_CURVE('',#6248,#8226,#10701,.T.);
#10701 = LINE('',#10702,#10703);
#10702 = CARTESIAN_POINT('',(143.951812,-48.795884,-4.6E-02));
#10703 = VECTOR('',#10704,1.);
#10704 = DIRECTION('',(0.,0.,1.));
#10705 = ORIENTED_EDGE('',*,*,#8225,.F.);
#10706 = ORIENTED_EDGE('',*,*,#10700,.F.);
#10707 = CYLINDRICAL_SURFACE('',#10708,0.5);
#10708 = AXIS2_PLACEMENT_3D('',#10709,#10710,#10711);
#10709 = CARTESIAN_POINT('',(143.951812,-48.295884,-4.6E-02));
#10710 = DIRECTION('',(-0.,-0.,-1.));
#10711 = DIRECTION('',(-0.,-1.,0.));
#10712 = ADVANCED_FACE('',(#10713),#10724,.F.);
#10713 = FACE_BOUND('',#10714,.T.);
#10714 = EDGE_LOOP('',(#10715,#10716,#10722,#10723));
#10715 = ORIENTED_EDGE('',*,*,#6258,.T.);
#10716 = ORIENTED_EDGE('',*,*,#10717,.T.);
#10717 = EDGE_CURVE('',#6259,#8237,#10718,.T.);
#10718 = LINE('',#10719,#10720);
#10719 = CARTESIAN_POINT('',(143.5,-46.65,-3.6E-02));
#10720 = VECTOR('',#10721,1.);
#10721 = DIRECTION('',(0.,0.,1.));
#10722 = ORIENTED_EDGE('',*,*,#8236,.F.);
#10723 = ORIENTED_EDGE('',*,*,#10717,.F.);
#10724 = CYLINDRICAL_SURFACE('',#10725,0.15);
#10725 = AXIS2_PLACEMENT_3D('',#10726,#10727,#10728);
#10726 = CARTESIAN_POINT('',(143.5,-46.5,-3.6E-02));
#10727 = DIRECTION('',(-0.,-0.,-1.));
#10728 = DIRECTION('',(-0.,-1.,0.));
#10729 = ADVANCED_FACE('',(#10730),#10741,.F.);
#10730 = FACE_BOUND('',#10731,.T.);
#10731 = EDGE_LOOP('',(#10732,#10733,#10739,#10740));
#10732 = ORIENTED_EDGE('',*,*,#6269,.T.);
#10733 = ORIENTED_EDGE('',*,*,#10734,.T.);
#10734 = EDGE_CURVE('',#6270,#8248,#10735,.T.);
#10735 = LINE('',#10736,#10737);
#10736 = CARTESIAN_POINT('',(138.876998,-44.699086,-3.6E-02));
#10737 = VECTOR('',#10738,1.);
#10738 = DIRECTION('',(0.,0.,1.));
#10739 = ORIENTED_EDGE('',*,*,#8247,.F.);
#10740 = ORIENTED_EDGE('',*,*,#10734,.F.);
#10741 = CYLINDRICAL_SURFACE('',#10742,0.2);
#10742 = AXIS2_PLACEMENT_3D('',#10743,#10744,#10745);
#10743 = CARTESIAN_POINT('',(138.876998,-44.499086,-3.6E-02));
#10744 = DIRECTION('',(-0.,-0.,-1.));
#10745 = DIRECTION('',(-1.42108547152E-13,-1.,0.));
#10746 = ADVANCED_FACE('',(#10747),#10758,.F.);
#10747 = FACE_BOUND('',#10748,.T.);
#10748 = EDGE_LOOP('',(#10749,#10750,#10756,#10757));
#10749 = ORIENTED_EDGE('',*,*,#6280,.T.);
#10750 = ORIENTED_EDGE('',*,*,#10751,.T.);
#10751 = EDGE_CURVE('',#6281,#8259,#10752,.T.);
#10752 = LINE('',#10753,#10754);
#10753 = CARTESIAN_POINT('',(141.401812,-45.242942,-4.6E-02));
#10754 = VECTOR('',#10755,1.);
#10755 = DIRECTION('',(0.,0.,1.));
#10756 = ORIENTED_EDGE('',*,*,#8258,.F.);
#10757 = ORIENTED_EDGE('',*,*,#10751,.F.);
#10758 = CYLINDRICAL_SURFACE('',#10759,0.65);
#10759 = AXIS2_PLACEMENT_3D('',#10760,#10761,#10762);
#10760 = CARTESIAN_POINT('',(141.401812,-44.592942,-4.6E-02));
#10761 = DIRECTION('',(-0.,-0.,-1.));
#10762 = DIRECTION('',(-0.,-1.,0.));
#10763 = ADVANCED_FACE('',(#10764),#10775,.F.);
#10764 = FACE_BOUND('',#10765,.T.);
#10765 = EDGE_LOOP('',(#10766,#10767,#10773,#10774));
#10766 = ORIENTED_EDGE('',*,*,#6291,.T.);
#10767 = ORIENTED_EDGE('',*,*,#10768,.T.);
#10768 = EDGE_CURVE('',#6292,#8270,#10769,.T.);
#10769 = LINE('',#10770,#10771);
#10770 = CARTESIAN_POINT('',(143.951812,-43.842942,-4.6E-02));
#10771 = VECTOR('',#10772,1.);
#10772 = DIRECTION('',(0.,0.,1.));
#10773 = ORIENTED_EDGE('',*,*,#8269,.F.);
#10774 = ORIENTED_EDGE('',*,*,#10768,.F.);
#10775 = CYLINDRICAL_SURFACE('',#10776,0.5);
#10776 = AXIS2_PLACEMENT_3D('',#10777,#10778,#10779);
#10777 = CARTESIAN_POINT('',(143.951812,-43.342942,-4.6E-02));
#10778 = DIRECTION('',(-0.,-0.,-1.));
#10779 = DIRECTION('',(-0.,-1.,0.));
#10780 = ADVANCED_FACE('',(#10781),#10792,.F.);
#10781 = FACE_BOUND('',#10782,.T.);
#10782 = EDGE_LOOP('',(#10783,#10784,#10790,#10791));
#10783 = ORIENTED_EDGE('',*,*,#6302,.T.);
#10784 = ORIENTED_EDGE('',*,*,#10785,.T.);
#10785 = EDGE_CURVE('',#6303,#8281,#10786,.T.);
#10786 = LINE('',#10787,#10788);
#10787 = CARTESIAN_POINT('',(145.881173,-43.561369,-3.6E-02));
#10788 = VECTOR('',#10789,1.);
#10789 = DIRECTION('',(0.,0.,1.));
#10790 = ORIENTED_EDGE('',*,*,#8280,.F.);
#10791 = ORIENTED_EDGE('',*,*,#10785,.F.);
#10792 = CYLINDRICAL_SURFACE('',#10793,0.2);
#10793 = AXIS2_PLACEMENT_3D('',#10794,#10795,#10796);
#10794 = CARTESIAN_POINT('',(145.881173,-43.361369,-3.6E-02));
#10795 = DIRECTION('',(-0.,-0.,-1.));
#10796 = DIRECTION('',(-0.,-1.,0.));
#10797 = ADVANCED_FACE('',(#10798),#10814,.F.);
#10798 = FACE_BOUND('',#10799,.T.);
#10799 = EDGE_LOOP('',(#10800,#10801,#10807,#10808));
#10800 = ORIENTED_EDGE('',*,*,#6313,.T.);
#10801 = ORIENTED_EDGE('',*,*,#10802,.T.);
#10802 = EDGE_CURVE('',#6316,#8294,#10803,.T.);
#10803 = LINE('',#10804,#10805);
#10804 = CARTESIAN_POINT('',(111.669939,-40.619752,-4.6E-02));
#10805 = VECTOR('',#10806,1.);
#10806 = DIRECTION('',(0.,0.,1.));
#10807 = ORIENTED_EDGE('',*,*,#8291,.F.);
#10808 = ORIENTED_EDGE('',*,*,#10809,.F.);
#10809 = EDGE_CURVE('',#6314,#8292,#10810,.T.);
#10810 = LINE('',#10811,#10812);
#10811 = CARTESIAN_POINT('',(111.669939,-41.219752,-4.6E-02));
#10812 = VECTOR('',#10813,1.);
#10813 = DIRECTION('',(0.,0.,1.));
#10814 = CYLINDRICAL_SURFACE('',#10815,0.3);
#10815 = AXIS2_PLACEMENT_3D('',#10816,#10817,#10818);
#10816 = CARTESIAN_POINT('',(111.669939,-40.919752,-4.6E-02));
#10817 = DIRECTION('',(-0.,0.,-1.));
#10818 = DIRECTION('',(0.,1.,0.));
#10819 = ADVANCED_FACE('',(#10820),#10831,.T.);
#10820 = FACE_BOUND('',#10821,.T.);
#10821 = EDGE_LOOP('',(#10822,#10823,#10824,#10825));
#10822 = ORIENTED_EDGE('',*,*,#6341,.T.);
#10823 = ORIENTED_EDGE('',*,*,#10809,.T.);
#10824 = ORIENTED_EDGE('',*,*,#8319,.F.);
#10825 = ORIENTED_EDGE('',*,*,#10826,.F.);
#10826 = EDGE_CURVE('',#6333,#8311,#10827,.T.);
#10827 = LINE('',#10828,#10829);
#10828 = CARTESIAN_POINT('',(112.469939,-41.219752,-4.6E-02));
#10829 = VECTOR('',#10830,1.);
#10830 = DIRECTION('',(0.,0.,1.));
#10831 = PLANE('',#10832);
#10832 = AXIS2_PLACEMENT_3D('',#10833,#10834,#10835);
#10833 = CARTESIAN_POINT('',(111.669939,-41.219752,-4.6E-02));
#10834 = DIRECTION('',(0.,1.,0.));
#10835 = DIRECTION('',(1.,0.,0.));
#10836 = ADVANCED_FACE('',(#10837),#10848,.F.);
#10837 = FACE_BOUND('',#10838,.T.);
#10838 = EDGE_LOOP('',(#10839,#10840,#10841,#10842));
#10839 = ORIENTED_EDGE('',*,*,#6332,.T.);
#10840 = ORIENTED_EDGE('',*,*,#10826,.T.);
#10841 = ORIENTED_EDGE('',*,*,#8310,.F.);
#10842 = ORIENTED_EDGE('',*,*,#10843,.F.);
#10843 = EDGE_CURVE('',#6325,#8303,#10844,.T.);
#10844 = LINE('',#10845,#10846);
#10845 = CARTESIAN_POINT('',(112.469939,-40.619752,-4.6E-02));
#10846 = VECTOR('',#10847,1.);
#10847 = DIRECTION('',(0.,0.,1.));
#10848 = CYLINDRICAL_SURFACE('',#10849,0.3);
#10849 = AXIS2_PLACEMENT_3D('',#10850,#10851,#10852);
#10850 = CARTESIAN_POINT('',(112.469939,-40.919752,-4.6E-02));
#10851 = DIRECTION('',(-0.,0.,-1.));
#10852 = DIRECTION('',(4.736951571734E-14,-1.,-0.));
#10853 = ADVANCED_FACE('',(#10854),#10860,.T.);
#10854 = FACE_BOUND('',#10855,.T.);
#10855 = EDGE_LOOP('',(#10856,#10857,#10858,#10859));
#10856 = ORIENTED_EDGE('',*,*,#6324,.T.);
#10857 = ORIENTED_EDGE('',*,*,#10843,.T.);
#10858 = ORIENTED_EDGE('',*,*,#8302,.F.);
#10859 = ORIENTED_EDGE('',*,*,#10802,.F.);
#10860 = PLANE('',#10861);
#10861 = AXIS2_PLACEMENT_3D('',#10862,#10863,#10864);
#10862 = CARTESIAN_POINT('',(112.469939,-40.619752,-4.6E-02));
#10863 = DIRECTION('',(0.,-1.,0.));
#10864 = DIRECTION('',(-1.,0.,0.));
#10865 = ADVANCED_FACE('',(#10866),#10877,.F.);
#10866 = FACE_BOUND('',#10867,.T.);
#10867 = EDGE_LOOP('',(#10868,#10869,#10875,#10876));
#10868 = ORIENTED_EDGE('',*,*,#6349,.T.);
#10869 = ORIENTED_EDGE('',*,*,#10870,.T.);
#10870 = EDGE_CURVE('',#6350,#8328,#10871,.T.);
#10871 = LINE('',#10872,#10873);
#10872 = CARTESIAN_POINT('',(114.294756,-39.966675,-3.6E-02));
#10873 = VECTOR('',#10874,1.);
#10874 = DIRECTION('',(0.,0.,1.));
#10875 = ORIENTED_EDGE('',*,*,#8327,.F.);
#10876 = ORIENTED_EDGE('',*,*,#10870,.F.);
#10877 = CYLINDRICAL_SURFACE('',#10878,0.2);
#10878 = AXIS2_PLACEMENT_3D('',#10879,#10880,#10881);
#10879 = CARTESIAN_POINT('',(114.294756,-39.766675,-3.6E-02));
#10880 = DIRECTION('',(-0.,-0.,-1.));
#10881 = DIRECTION('',(-0.,-1.,0.));
#10882 = ADVANCED_FACE('',(#10883),#10894,.F.);
#10883 = FACE_BOUND('',#10884,.T.);
#10884 = EDGE_LOOP('',(#10885,#10886,#10892,#10893));
#10885 = ORIENTED_EDGE('',*,*,#6360,.T.);
#10886 = ORIENTED_EDGE('',*,*,#10887,.T.);
#10887 = EDGE_CURVE('',#6361,#8339,#10888,.T.);
#10888 = LINE('',#10889,#10890);
#10889 = CARTESIAN_POINT('',(112.5,-38.2,-3.6E-02));
#10890 = VECTOR('',#10891,1.);
#10891 = DIRECTION('',(0.,0.,1.));
#10892 = ORIENTED_EDGE('',*,*,#8338,.F.);
#10893 = ORIENTED_EDGE('',*,*,#10887,.F.);
#10894 = CYLINDRICAL_SURFACE('',#10895,0.2);
#10895 = AXIS2_PLACEMENT_3D('',#10896,#10897,#10898);
#10896 = CARTESIAN_POINT('',(112.5,-38.,-3.6E-02));
#10897 = DIRECTION('',(-0.,-0.,-1.));
#10898 = DIRECTION('',(-0.,-1.,0.));
#10899 = ADVANCED_FACE('',(#10900),#10911,.F.);
#10900 = FACE_BOUND('',#10901,.T.);
#10901 = EDGE_LOOP('',(#10902,#10903,#10909,#10910));
#10902 = ORIENTED_EDGE('',*,*,#6371,.T.);
#10903 = ORIENTED_EDGE('',*,*,#10904,.T.);
#10904 = EDGE_CURVE('',#6372,#8350,#10905,.T.);
#10905 = LINE('',#10906,#10907);
#10906 = CARTESIAN_POINT('',(114.5,-38.2,-3.6E-02));
#10907 = VECTOR('',#10908,1.);
#10908 = DIRECTION('',(0.,0.,1.));
#10909 = ORIENTED_EDGE('',*,*,#8349,.F.);
#10910 = ORIENTED_EDGE('',*,*,#10904,.F.);
#10911 = CYLINDRICAL_SURFACE('',#10912,0.2);
#10912 = AXIS2_PLACEMENT_3D('',#10913,#10914,#10915);
#10913 = CARTESIAN_POINT('',(114.5,-38.,-3.6E-02));
#10914 = DIRECTION('',(-0.,-0.,-1.));
#10915 = DIRECTION('',(-0.,-1.,0.));
#10916 = ADVANCED_FACE('',(#10917),#10933,.F.);
#10917 = FACE_BOUND('',#10918,.T.);
#10918 = EDGE_LOOP('',(#10919,#10920,#10926,#10927));
#10919 = ORIENTED_EDGE('',*,*,#6382,.T.);
#10920 = ORIENTED_EDGE('',*,*,#10921,.T.);
#10921 = EDGE_CURVE('',#6385,#8363,#10922,.T.);
#10922 = LINE('',#10923,#10924);
#10923 = CARTESIAN_POINT('',(115.689939,-40.619752,-4.6E-02));
#10924 = VECTOR('',#10925,1.);
#10925 = DIRECTION('',(0.,0.,1.));
#10926 = ORIENTED_EDGE('',*,*,#8360,.F.);
#10927 = ORIENTED_EDGE('',*,*,#10928,.F.);
#10928 = EDGE_CURVE('',#6383,#8361,#10929,.T.);
#10929 = LINE('',#10930,#10931);
#10930 = CARTESIAN_POINT('',(115.689939,-41.219752,-4.6E-02));
#10931 = VECTOR('',#10932,1.);
#10932 = DIRECTION('',(0.,0.,1.));
#10933 = CYLINDRICAL_SURFACE('',#10934,0.3);
#10934 = AXIS2_PLACEMENT_3D('',#10935,#10936,#10937);
#10935 = CARTESIAN_POINT('',(115.689939,-40.919752,-4.6E-02));
#10936 = DIRECTION('',(-0.,-0.,-1.));
#10937 = DIRECTION('',(-4.736951571734E-14,1.,0.));
#10938 = ADVANCED_FACE('',(#10939),#10950,.T.);
#10939 = FACE_BOUND('',#10940,.T.);
#10940 = EDGE_LOOP('',(#10941,#10942,#10943,#10944));
#10941 = ORIENTED_EDGE('',*,*,#6410,.T.);
#10942 = ORIENTED_EDGE('',*,*,#10928,.T.);
#10943 = ORIENTED_EDGE('',*,*,#8388,.F.);
#10944 = ORIENTED_EDGE('',*,*,#10945,.F.);
#10945 = EDGE_CURVE('',#6402,#8380,#10946,.T.);
#10946 = LINE('',#10947,#10948);
#10947 = CARTESIAN_POINT('',(116.789939,-41.219752,-4.6E-02));
#10948 = VECTOR('',#10949,1.);
#10949 = DIRECTION('',(0.,0.,1.));
#10950 = PLANE('',#10951);
#10951 = AXIS2_PLACEMENT_3D('',#10952,#10953,#10954);
#10952 = CARTESIAN_POINT('',(115.689939,-41.219752,-4.6E-02));
#10953 = DIRECTION('',(0.,1.,0.));
#10954 = DIRECTION('',(1.,0.,0.));
#10955 = ADVANCED_FACE('',(#10956),#10967,.F.);
#10956 = FACE_BOUND('',#10957,.T.);
#10957 = EDGE_LOOP('',(#10958,#10959,#10960,#10961));
#10958 = ORIENTED_EDGE('',*,*,#6401,.T.);
#10959 = ORIENTED_EDGE('',*,*,#10945,.T.);
#10960 = ORIENTED_EDGE('',*,*,#8379,.F.);
#10961 = ORIENTED_EDGE('',*,*,#10962,.F.);
#10962 = EDGE_CURVE('',#6394,#8372,#10963,.T.);
#10963 = LINE('',#10964,#10965);
#10964 = CARTESIAN_POINT('',(116.789939,-40.619752,-4.6E-02));
#10965 = VECTOR('',#10966,1.);
#10966 = DIRECTION('',(0.,0.,1.));
#10967 = CYLINDRICAL_SURFACE('',#10968,0.3);
#10968 = AXIS2_PLACEMENT_3D('',#10969,#10970,#10971);
#10969 = CARTESIAN_POINT('',(116.789939,-40.919752,-4.6E-02));
#10970 = DIRECTION('',(-0.,-0.,-1.));
#10971 = DIRECTION('',(-0.,-1.,0.));
#10972 = ADVANCED_FACE('',(#10973),#10979,.T.);
#10973 = FACE_BOUND('',#10974,.T.);
#10974 = EDGE_LOOP('',(#10975,#10976,#10977,#10978));
#10975 = ORIENTED_EDGE('',*,*,#6393,.T.);
#10976 = ORIENTED_EDGE('',*,*,#10962,.T.);
#10977 = ORIENTED_EDGE('',*,*,#8371,.F.);
#10978 = ORIENTED_EDGE('',*,*,#10921,.F.);
#10979 = PLANE('',#10980);
#10980 = AXIS2_PLACEMENT_3D('',#10981,#10982,#10983);
#10981 = CARTESIAN_POINT('',(116.789939,-40.619752,-4.6E-02));
#10982 = DIRECTION('',(0.,-1.,0.));
#10983 = DIRECTION('',(-1.,0.,0.));
#10984 = ADVANCED_FACE('',(#10985),#10996,.F.);
#10985 = FACE_BOUND('',#10986,.T.);
#10986 = EDGE_LOOP('',(#10987,#10988,#10994,#10995));
#10987 = ORIENTED_EDGE('',*,*,#6418,.T.);
#10988 = ORIENTED_EDGE('',*,*,#10989,.T.);
#10989 = EDGE_CURVE('',#6419,#8397,#10990,.T.);
#10990 = LINE('',#10991,#10992);
#10991 = CARTESIAN_POINT('',(115.749939,-39.784752,-4.6E-02));
#10992 = VECTOR('',#10993,1.);
#10993 = DIRECTION('',(0.,0.,1.));
#10994 = ORIENTED_EDGE('',*,*,#8396,.F.);
#10995 = ORIENTED_EDGE('',*,*,#10989,.F.);
#10996 = CYLINDRICAL_SURFACE('',#10997,0.3);
#10997 = AXIS2_PLACEMENT_3D('',#10998,#10999,#11000);
#10998 = CARTESIAN_POINT('',(115.749939,-39.484752,-4.6E-02));
#10999 = DIRECTION('',(-0.,-0.,-1.));
#11000 = DIRECTION('',(-0.,-1.,0.));
#11001 = ADVANCED_FACE('',(#11002),#11013,.F.);
#11002 = FACE_BOUND('',#11003,.T.);
#11003 = EDGE_LOOP('',(#11004,#11005,#11011,#11012));
#11004 = ORIENTED_EDGE('',*,*,#6429,.T.);
#11005 = ORIENTED_EDGE('',*,*,#11006,.T.);
#11006 = EDGE_CURVE('',#6430,#8408,#11007,.T.);
#11007 = LINE('',#11008,#11009);
#11008 = CARTESIAN_POINT('',(116.816747,-39.975242,-3.6E-02));
#11009 = VECTOR('',#11010,1.);
#11010 = DIRECTION('',(0.,0.,1.));
#11011 = ORIENTED_EDGE('',*,*,#8407,.F.);
#11012 = ORIENTED_EDGE('',*,*,#11006,.F.);
#11013 = CYLINDRICAL_SURFACE('',#11014,0.15);
#11014 = AXIS2_PLACEMENT_3D('',#11015,#11016,#11017);
#11015 = CARTESIAN_POINT('',(116.816747,-39.825242,-3.6E-02));
#11016 = DIRECTION('',(-0.,0.,-1.));
#11017 = DIRECTION('',(9.473903143467E-14,-1.,-0.));
#11018 = ADVANCED_FACE('',(#11019),#11030,.F.);
#11019 = FACE_BOUND('',#11020,.T.);
#11020 = EDGE_LOOP('',(#11021,#11022,#11028,#11029));
#11021 = ORIENTED_EDGE('',*,*,#6440,.T.);
#11022 = ORIENTED_EDGE('',*,*,#11023,.T.);
#11023 = EDGE_CURVE('',#6441,#8419,#11024,.T.);
#11024 = LINE('',#11025,#11026);
#11025 = CARTESIAN_POINT('',(119.,-39.65,-3.6E-02));
#11026 = VECTOR('',#11027,1.);
#11027 = DIRECTION('',(0.,0.,1.));
#11028 = ORIENTED_EDGE('',*,*,#8418,.F.);
#11029 = ORIENTED_EDGE('',*,*,#11023,.F.);
#11030 = CYLINDRICAL_SURFACE('',#11031,0.15);
#11031 = AXIS2_PLACEMENT_3D('',#11032,#11033,#11034);
#11032 = CARTESIAN_POINT('',(119.,-39.5,-3.6E-02));
#11033 = DIRECTION('',(-0.,-0.,-1.));
#11034 = DIRECTION('',(-0.,-1.,0.));
#11035 = ADVANCED_FACE('',(#11036),#11047,.F.);
#11036 = FACE_BOUND('',#11037,.T.);
#11037 = EDGE_LOOP('',(#11038,#11039,#11045,#11046));
#11038 = ORIENTED_EDGE('',*,*,#6451,.T.);
#11039 = ORIENTED_EDGE('',*,*,#11040,.T.);
#11040 = EDGE_CURVE('',#6452,#8430,#11041,.T.);
#11041 = LINE('',#11042,#11043);
#11042 = CARTESIAN_POINT('',(118.524655,-37.468916,-3.6E-02));
#11043 = VECTOR('',#11044,1.);
#11044 = DIRECTION('',(0.,0.,1.));
#11045 = ORIENTED_EDGE('',*,*,#8429,.F.);
#11046 = ORIENTED_EDGE('',*,*,#11040,.F.);
#11047 = CYLINDRICAL_SURFACE('',#11048,0.15);
#11048 = AXIS2_PLACEMENT_3D('',#11049,#11050,#11051);
#11049 = CARTESIAN_POINT('',(118.524655,-37.318916,-3.6E-02));
#11050 = DIRECTION('',(-0.,-0.,-1.));
#11051 = DIRECTION('',(-0.,-1.,0.));
#11052 = ADVANCED_FACE('',(#11053),#11064,.F.);
#11053 = FACE_BOUND('',#11054,.T.);
#11054 = EDGE_LOOP('',(#11055,#11056,#11062,#11063));
#11055 = ORIENTED_EDGE('',*,*,#6462,.T.);
#11056 = ORIENTED_EDGE('',*,*,#11057,.T.);
#11057 = EDGE_CURVE('',#6463,#8441,#11058,.T.);
#11058 = LINE('',#11059,#11060);
#11059 = CARTESIAN_POINT('',(118.52583,-36.280045,-3.6E-02));
#11060 = VECTOR('',#11061,1.);
#11061 = DIRECTION('',(0.,0.,1.));
#11062 = ORIENTED_EDGE('',*,*,#8440,.F.);
#11063 = ORIENTED_EDGE('',*,*,#11057,.F.);
#11064 = CYLINDRICAL_SURFACE('',#11065,0.15);
#11065 = AXIS2_PLACEMENT_3D('',#11066,#11067,#11068);
#11066 = CARTESIAN_POINT('',(118.52583,-36.130045,-3.6E-02));
#11067 = DIRECTION('',(-0.,-0.,-1.));
#11068 = DIRECTION('',(-0.,-1.,0.));
#11069 = ADVANCED_FACE('',(#11070),#11081,.F.);
#11070 = FACE_BOUND('',#11071,.T.);
#11071 = EDGE_LOOP('',(#11072,#11073,#11079,#11080));
#11072 = ORIENTED_EDGE('',*,*,#6473,.T.);
#11073 = ORIENTED_EDGE('',*,*,#11074,.T.);
#11074 = EDGE_CURVE('',#6474,#8452,#11075,.T.);
#11075 = LINE('',#11076,#11077);
#11076 = CARTESIAN_POINT('',(111.642958,-33.946687,-3.6E-02));
#11077 = VECTOR('',#11078,1.);
#11078 = DIRECTION('',(0.,0.,1.));
#11079 = ORIENTED_EDGE('',*,*,#8451,.F.);
#11080 = ORIENTED_EDGE('',*,*,#11074,.F.);
#11081 = CYLINDRICAL_SURFACE('',#11082,0.2);
#11082 = AXIS2_PLACEMENT_3D('',#11083,#11084,#11085);
#11083 = CARTESIAN_POINT('',(111.642958,-33.746687,-3.6E-02));
#11084 = DIRECTION('',(-0.,-0.,-1.));
#11085 = DIRECTION('',(-0.,-1.,0.));
#11086 = ADVANCED_FACE('',(#11087),#11103,.F.);
#11087 = FACE_BOUND('',#11088,.T.);
#11088 = EDGE_LOOP('',(#11089,#11090,#11096,#11097));
#11089 = ORIENTED_EDGE('',*,*,#6484,.T.);
#11090 = ORIENTED_EDGE('',*,*,#11091,.T.);
#11091 = EDGE_CURVE('',#6487,#8465,#11092,.T.);
#11092 = LINE('',#11093,#11094);
#11093 = CARTESIAN_POINT('',(111.669939,-31.969752,-4.6E-02));
#11094 = VECTOR('',#11095,1.);
#11095 = DIRECTION('',(0.,0.,1.));
#11096 = ORIENTED_EDGE('',*,*,#8462,.F.);
#11097 = ORIENTED_EDGE('',*,*,#11098,.F.);
#11098 = EDGE_CURVE('',#6485,#8463,#11099,.T.);
#11099 = LINE('',#11100,#11101);
#11100 = CARTESIAN_POINT('',(111.669939,-32.569752,-4.6E-02));
#11101 = VECTOR('',#11102,1.);
#11102 = DIRECTION('',(0.,0.,1.));
#11103 = CYLINDRICAL_SURFACE('',#11104,0.3);
#11104 = AXIS2_PLACEMENT_3D('',#11105,#11106,#11107);
#11105 = CARTESIAN_POINT('',(111.669939,-32.269752,-4.6E-02));
#11106 = DIRECTION('',(-0.,0.,-1.));
#11107 = DIRECTION('',(0.,1.,0.));
#11108 = ADVANCED_FACE('',(#11109),#11120,.T.);
#11109 = FACE_BOUND('',#11110,.T.);
#11110 = EDGE_LOOP('',(#11111,#11112,#11113,#11114));
#11111 = ORIENTED_EDGE('',*,*,#6512,.T.);
#11112 = ORIENTED_EDGE('',*,*,#11098,.T.);
#11113 = ORIENTED_EDGE('',*,*,#8490,.F.);
#11114 = ORIENTED_EDGE('',*,*,#11115,.F.);
#11115 = EDGE_CURVE('',#6504,#8482,#11116,.T.);
#11116 = LINE('',#11117,#11118);
#11117 = CARTESIAN_POINT('',(112.469939,-32.569752,-4.6E-02));
#11118 = VECTOR('',#11119,1.);
#11119 = DIRECTION('',(0.,0.,1.));
#11120 = PLANE('',#11121);
#11121 = AXIS2_PLACEMENT_3D('',#11122,#11123,#11124);
#11122 = CARTESIAN_POINT('',(111.669939,-32.569752,-4.6E-02));
#11123 = DIRECTION('',(0.,1.,0.));
#11124 = DIRECTION('',(1.,0.,0.));
#11125 = ADVANCED_FACE('',(#11126),#11137,.F.);
#11126 = FACE_BOUND('',#11127,.T.);
#11127 = EDGE_LOOP('',(#11128,#11129,#11130,#11131));
#11128 = ORIENTED_EDGE('',*,*,#6503,.T.);
#11129 = ORIENTED_EDGE('',*,*,#11115,.T.);
#11130 = ORIENTED_EDGE('',*,*,#8481,.F.);
#11131 = ORIENTED_EDGE('',*,*,#11132,.F.);
#11132 = EDGE_CURVE('',#6496,#8474,#11133,.T.);
#11133 = LINE('',#11134,#11135);
#11134 = CARTESIAN_POINT('',(112.469939,-31.969752,-4.6E-02));
#11135 = VECTOR('',#11136,1.);
#11136 = DIRECTION('',(0.,0.,1.));
#11137 = CYLINDRICAL_SURFACE('',#11138,0.3);
#11138 = AXIS2_PLACEMENT_3D('',#11139,#11140,#11141);
#11139 = CARTESIAN_POINT('',(112.469939,-32.269752,-4.6E-02));
#11140 = DIRECTION('',(-0.,0.,-1.));
#11141 = DIRECTION('',(4.736951571734E-14,-1.,-0.));
#11142 = ADVANCED_FACE('',(#11143),#11149,.T.);
#11143 = FACE_BOUND('',#11144,.T.);
#11144 = EDGE_LOOP('',(#11145,#11146,#11147,#11148));
#11145 = ORIENTED_EDGE('',*,*,#6495,.T.);
#11146 = ORIENTED_EDGE('',*,*,#11132,.T.);
#11147 = ORIENTED_EDGE('',*,*,#8473,.F.);
#11148 = ORIENTED_EDGE('',*,*,#11091,.F.);
#11149 = PLANE('',#11150);
#11150 = AXIS2_PLACEMENT_3D('',#11151,#11152,#11153);
#11151 = CARTESIAN_POINT('',(112.469939,-31.969752,-4.6E-02));
#11152 = DIRECTION('',(0.,-1.,0.));
#11153 = DIRECTION('',(-1.,0.,0.));
#11154 = ADVANCED_FACE('',(#11155),#11166,.F.);
#11155 = FACE_BOUND('',#11156,.T.);
#11156 = EDGE_LOOP('',(#11157,#11158,#11164,#11165));
#11157 = ORIENTED_EDGE('',*,*,#6520,.T.);
#11158 = ORIENTED_EDGE('',*,*,#11159,.T.);
#11159 = EDGE_CURVE('',#6521,#8499,#11160,.T.);
#11160 = LINE('',#11161,#11162);
#11161 = CARTESIAN_POINT('',(115.749939,-34.004752,-4.6E-02));
#11162 = VECTOR('',#11163,1.);
#11163 = DIRECTION('',(0.,0.,1.));
#11164 = ORIENTED_EDGE('',*,*,#8498,.F.);
#11165 = ORIENTED_EDGE('',*,*,#11159,.F.);
#11166 = CYLINDRICAL_SURFACE('',#11167,0.3);
#11167 = AXIS2_PLACEMENT_3D('',#11168,#11169,#11170);
#11168 = CARTESIAN_POINT('',(115.749939,-33.704752,-4.6E-02));
#11169 = DIRECTION('',(-0.,-0.,-1.));
#11170 = DIRECTION('',(-0.,-1.,0.));
#11171 = ADVANCED_FACE('',(#11172),#11183,.F.);
#11172 = FACE_BOUND('',#11173,.T.);
#11173 = EDGE_LOOP('',(#11174,#11175,#11181,#11182));
#11174 = ORIENTED_EDGE('',*,*,#6531,.T.);
#11175 = ORIENTED_EDGE('',*,*,#11176,.T.);
#11176 = EDGE_CURVE('',#6532,#8510,#11177,.T.);
#11177 = LINE('',#11178,#11179);
#11178 = CARTESIAN_POINT('',(116.835253,-34.34539,-3.6E-02));
#11179 = VECTOR('',#11180,1.);
#11180 = DIRECTION('',(0.,0.,1.));
#11181 = ORIENTED_EDGE('',*,*,#8509,.F.);
#11182 = ORIENTED_EDGE('',*,*,#11176,.F.);
#11183 = CYLINDRICAL_SURFACE('',#11184,0.15);
#11184 = AXIS2_PLACEMENT_3D('',#11185,#11186,#11187);
#11185 = CARTESIAN_POINT('',(116.835253,-34.19539,-3.6E-02));
#11186 = DIRECTION('',(-0.,-0.,-1.));
#11187 = DIRECTION('',(-0.,-1.,0.));
#11188 = ADVANCED_FACE('',(#11189),#11200,.F.);
#11189 = FACE_BOUND('',#11190,.T.);
#11190 = EDGE_LOOP('',(#11191,#11192,#11198,#11199));
#11191 = ORIENTED_EDGE('',*,*,#6542,.T.);
#11192 = ORIENTED_EDGE('',*,*,#11193,.T.);
#11193 = EDGE_CURVE('',#6543,#8521,#11194,.T.);
#11194 = LINE('',#11195,#11196);
#11195 = CARTESIAN_POINT('',(116.835604,-33.527821,-3.6E-02));
#11196 = VECTOR('',#11197,1.);
#11197 = DIRECTION('',(0.,0.,1.));
#11198 = ORIENTED_EDGE('',*,*,#8520,.F.);
#11199 = ORIENTED_EDGE('',*,*,#11193,.F.);
#11200 = CYLINDRICAL_SURFACE('',#11201,0.15);
#11201 = AXIS2_PLACEMENT_3D('',#11202,#11203,#11204);
#11202 = CARTESIAN_POINT('',(116.835604,-33.377821,-3.6E-02));
#11203 = DIRECTION('',(-0.,0.,-1.));
#11204 = DIRECTION('',(9.473903143467E-14,-1.,-0.));
#11205 = ADVANCED_FACE('',(#11206),#11222,.F.);
#11206 = FACE_BOUND('',#11207,.T.);
#11207 = EDGE_LOOP('',(#11208,#11209,#11215,#11216));
#11208 = ORIENTED_EDGE('',*,*,#6553,.T.);
#11209 = ORIENTED_EDGE('',*,*,#11210,.T.);
#11210 = EDGE_CURVE('',#6556,#8534,#11211,.T.);
#11211 = LINE('',#11212,#11213);
#11212 = CARTESIAN_POINT('',(115.689939,-31.969752,-4.6E-02));
#11213 = VECTOR('',#11214,1.);
#11214 = DIRECTION('',(0.,0.,1.));
#11215 = ORIENTED_EDGE('',*,*,#8531,.F.);
#11216 = ORIENTED_EDGE('',*,*,#11217,.F.);
#11217 = EDGE_CURVE('',#6554,#8532,#11218,.T.);
#11218 = LINE('',#11219,#11220);
#11219 = CARTESIAN_POINT('',(115.689939,-32.569752,-4.6E-02));
#11220 = VECTOR('',#11221,1.);
#11221 = DIRECTION('',(0.,0.,1.));
#11222 = CYLINDRICAL_SURFACE('',#11223,0.3);
#11223 = AXIS2_PLACEMENT_3D('',#11224,#11225,#11226);
#11224 = CARTESIAN_POINT('',(115.689939,-32.269752,-4.6E-02));
#11225 = DIRECTION('',(-0.,-0.,-1.));
#11226 = DIRECTION('',(-4.736951571734E-14,1.,0.));
#11227 = ADVANCED_FACE('',(#11228),#11239,.T.);
#11228 = FACE_BOUND('',#11229,.T.);
#11229 = EDGE_LOOP('',(#11230,#11231,#11232,#11233));
#11230 = ORIENTED_EDGE('',*,*,#6581,.T.);
#11231 = ORIENTED_EDGE('',*,*,#11217,.T.);
#11232 = ORIENTED_EDGE('',*,*,#8559,.F.);
#11233 = ORIENTED_EDGE('',*,*,#11234,.F.);
#11234 = EDGE_CURVE('',#6573,#8551,#11235,.T.);
#11235 = LINE('',#11236,#11237);
#11236 = CARTESIAN_POINT('',(116.789939,-32.569752,-4.6E-02));
#11237 = VECTOR('',#11238,1.);
#11238 = DIRECTION('',(0.,0.,1.));
#11239 = PLANE('',#11240);
#11240 = AXIS2_PLACEMENT_3D('',#11241,#11242,#11243);
#11241 = CARTESIAN_POINT('',(115.689939,-32.569752,-4.6E-02));
#11242 = DIRECTION('',(0.,1.,0.));
#11243 = DIRECTION('',(1.,0.,0.));
#11244 = ADVANCED_FACE('',(#11245),#11256,.F.);
#11245 = FACE_BOUND('',#11246,.T.);
#11246 = EDGE_LOOP('',(#11247,#11248,#11249,#11250));
#11247 = ORIENTED_EDGE('',*,*,#6572,.T.);
#11248 = ORIENTED_EDGE('',*,*,#11234,.T.);
#11249 = ORIENTED_EDGE('',*,*,#8550,.F.);
#11250 = ORIENTED_EDGE('',*,*,#11251,.F.);
#11251 = EDGE_CURVE('',#6565,#8543,#11252,.T.);
#11252 = LINE('',#11253,#11254);
#11253 = CARTESIAN_POINT('',(116.789939,-31.969752,-4.6E-02));
#11254 = VECTOR('',#11255,1.);
#11255 = DIRECTION('',(0.,0.,1.));
#11256 = CYLINDRICAL_SURFACE('',#11257,0.3);
#11257 = AXIS2_PLACEMENT_3D('',#11258,#11259,#11260);
#11258 = CARTESIAN_POINT('',(116.789939,-32.269752,-4.6E-02));
#11259 = DIRECTION('',(-0.,-0.,-1.));
#11260 = DIRECTION('',(-0.,-1.,0.));
#11261 = ADVANCED_FACE('',(#11262),#11268,.T.);
#11262 = FACE_BOUND('',#11263,.T.);
#11263 = EDGE_LOOP('',(#11264,#11265,#11266,#11267));
#11264 = ORIENTED_EDGE('',*,*,#6564,.T.);
#11265 = ORIENTED_EDGE('',*,*,#11251,.T.);
#11266 = ORIENTED_EDGE('',*,*,#8542,.F.);
#11267 = ORIENTED_EDGE('',*,*,#11210,.F.);
#11268 = PLANE('',#11269);
#11269 = AXIS2_PLACEMENT_3D('',#11270,#11271,#11272);
#11270 = CARTESIAN_POINT('',(116.789939,-31.969752,-4.6E-02));
#11271 = DIRECTION('',(0.,-1.,0.));
#11272 = DIRECTION('',(-1.,0.,0.));
#11273 = ADVANCED_FACE('',(#11274),#11285,.F.);
#11274 = FACE_BOUND('',#11275,.T.);
#11275 = EDGE_LOOP('',(#11276,#11277,#11283,#11284));
#11276 = ORIENTED_EDGE('',*,*,#6589,.T.);
#11277 = ORIENTED_EDGE('',*,*,#11278,.T.);
#11278 = EDGE_CURVE('',#6590,#8568,#11279,.T.);
#11279 = LINE('',#11280,#11281);
#11280 = CARTESIAN_POINT('',(118.193565,-32.440218,-3.6E-02));
#11281 = VECTOR('',#11282,1.);
#11282 = DIRECTION('',(0.,0.,1.));
#11283 = ORIENTED_EDGE('',*,*,#8567,.F.);
#11284 = ORIENTED_EDGE('',*,*,#11278,.F.);
#11285 = CYLINDRICAL_SURFACE('',#11286,0.15);
#11286 = AXIS2_PLACEMENT_3D('',#11287,#11288,#11289);
#11287 = CARTESIAN_POINT('',(118.193565,-32.290218,-3.6E-02));
#11288 = DIRECTION('',(-0.,-0.,-1.));
#11289 = DIRECTION('',(-0.,-1.,0.));
#11290 = ADVANCED_FACE('',(#11291),#11302,.F.);
#11291 = FACE_BOUND('',#11292,.T.);
#11292 = EDGE_LOOP('',(#11293,#11294,#11300,#11301));
#11293 = ORIENTED_EDGE('',*,*,#6600,.T.);
#11294 = ORIENTED_EDGE('',*,*,#11295,.T.);
#11295 = EDGE_CURVE('',#6601,#8579,#11296,.T.);
#11296 = LINE('',#11297,#11298);
#11297 = CARTESIAN_POINT('',(128.133234,-40.632272,-3.6E-02));
#11298 = VECTOR('',#11299,1.);
#11299 = DIRECTION('',(0.,0.,1.));
#11300 = ORIENTED_EDGE('',*,*,#8578,.F.);
#11301 = ORIENTED_EDGE('',*,*,#11295,.F.);
#11302 = CYLINDRICAL_SURFACE('',#11303,0.2);
#11303 = AXIS2_PLACEMENT_3D('',#11304,#11305,#11306);
#11304 = CARTESIAN_POINT('',(128.133234,-40.432272,-3.6E-02));
#11305 = DIRECTION('',(-0.,-0.,-1.));
#11306 = DIRECTION('',(-1.42108547152E-13,-1.,0.));
#11307 = ADVANCED_FACE('',(#11308),#11319,.F.);
#11308 = FACE_BOUND('',#11309,.T.);
#11309 = EDGE_LOOP('',(#11310,#11311,#11317,#11318));
#11310 = ORIENTED_EDGE('',*,*,#6611,.T.);
#11311 = ORIENTED_EDGE('',*,*,#11312,.T.);
#11312 = EDGE_CURVE('',#6612,#8590,#11313,.T.);
#11313 = LINE('',#11314,#11315);
#11314 = CARTESIAN_POINT('',(127.144637,-36.3,-3.6E-02));
#11315 = VECTOR('',#11316,1.);
#11316 = DIRECTION('',(0.,0.,1.));
#11317 = ORIENTED_EDGE('',*,*,#8589,.F.);
#11318 = ORIENTED_EDGE('',*,*,#11312,.F.);
#11319 = CYLINDRICAL_SURFACE('',#11320,0.2);
#11320 = AXIS2_PLACEMENT_3D('',#11321,#11322,#11323);
#11321 = CARTESIAN_POINT('',(127.144637,-36.1,-3.6E-02));
#11322 = DIRECTION('',(-0.,-0.,-1.));
#11323 = DIRECTION('',(-0.,-1.,0.));
#11324 = ADVANCED_FACE('',(#11325),#11336,.F.);
#11325 = FACE_BOUND('',#11326,.T.);
#11326 = EDGE_LOOP('',(#11327,#11328,#11334,#11335));
#11327 = ORIENTED_EDGE('',*,*,#6622,.T.);
#11328 = ORIENTED_EDGE('',*,*,#11329,.T.);
#11329 = EDGE_CURVE('',#6623,#8601,#11330,.T.);
#11330 = LINE('',#11331,#11332);
#11331 = CARTESIAN_POINT('',(121.649212,-34.378249,-3.6E-02));
#11332 = VECTOR('',#11333,1.);
#11333 = DIRECTION('',(0.,0.,1.));
#11334 = ORIENTED_EDGE('',*,*,#8600,.F.);
#11335 = ORIENTED_EDGE('',*,*,#11329,.F.);
#11336 = CYLINDRICAL_SURFACE('',#11337,0.15);
#11337 = AXIS2_PLACEMENT_3D('',#11338,#11339,#11340);
#11338 = CARTESIAN_POINT('',(121.649212,-34.228249,-3.6E-02));
#11339 = DIRECTION('',(-0.,-0.,-1.));
#11340 = DIRECTION('',(-0.,-1.,0.));
#11341 = ADVANCED_FACE('',(#11342),#11353,.F.);
#11342 = FACE_BOUND('',#11343,.T.);
#11343 = EDGE_LOOP('',(#11344,#11345,#11351,#11352));
#11344 = ORIENTED_EDGE('',*,*,#6633,.T.);
#11345 = ORIENTED_EDGE('',*,*,#11346,.T.);
#11346 = EDGE_CURVE('',#6634,#8612,#11347,.T.);
#11347 = LINE('',#11348,#11349);
#11348 = CARTESIAN_POINT('',(123.971015,-31.850295,-3.6E-02));
#11349 = VECTOR('',#11350,1.);
#11350 = DIRECTION('',(0.,0.,1.));
#11351 = ORIENTED_EDGE('',*,*,#8611,.F.);
#11352 = ORIENTED_EDGE('',*,*,#11346,.F.);
#11353 = CYLINDRICAL_SURFACE('',#11354,0.2);
#11354 = AXIS2_PLACEMENT_3D('',#11355,#11356,#11357);
#11355 = CARTESIAN_POINT('',(123.971015,-31.650295,-3.6E-02));
#11356 = DIRECTION('',(-0.,-0.,-1.));
#11357 = DIRECTION('',(-0.,-1.,0.));
#11358 = ADVANCED_FACE('',(#11359),#11370,.F.);
#11359 = FACE_BOUND('',#11360,.T.);
#11360 = EDGE_LOOP('',(#11361,#11362,#11368,#11369));
#11361 = ORIENTED_EDGE('',*,*,#6644,.T.);
#11362 = ORIENTED_EDGE('',*,*,#11363,.T.);
#11363 = EDGE_CURVE('',#6645,#8623,#11364,.T.);
#11364 = LINE('',#11365,#11366);
#11365 = CARTESIAN_POINT('',(126.,-31.2,-3.6E-02));
#11366 = VECTOR('',#11367,1.);
#11367 = DIRECTION('',(0.,0.,1.));
#11368 = ORIENTED_EDGE('',*,*,#8622,.F.);
#11369 = ORIENTED_EDGE('',*,*,#11363,.F.);
#11370 = CYLINDRICAL_SURFACE('',#11371,0.2);
#11371 = AXIS2_PLACEMENT_3D('',#11372,#11373,#11374);
#11372 = CARTESIAN_POINT('',(126.,-31.,-3.6E-02));
#11373 = DIRECTION('',(-0.,-0.,-1.));
#11374 = DIRECTION('',(-0.,-1.,0.));
#11375 = ADVANCED_FACE('',(#11376),#11387,.F.);
#11376 = FACE_BOUND('',#11377,.T.);
#11377 = EDGE_LOOP('',(#11378,#11379,#11385,#11386));
#11378 = ORIENTED_EDGE('',*,*,#6655,.T.);
#11379 = ORIENTED_EDGE('',*,*,#11380,.T.);
#11380 = EDGE_CURVE('',#6656,#8634,#11381,.T.);
#11381 = LINE('',#11382,#11383);
#11382 = CARTESIAN_POINT('',(127.81692,-32.2,-3.6E-02));
#11383 = VECTOR('',#11384,1.);
#11384 = DIRECTION('',(0.,0.,1.));
#11385 = ORIENTED_EDGE('',*,*,#8633,.F.);
#11386 = ORIENTED_EDGE('',*,*,#11380,.F.);
#11387 = CYLINDRICAL_SURFACE('',#11388,0.2);
#11388 = AXIS2_PLACEMENT_3D('',#11389,#11390,#11391);
#11389 = CARTESIAN_POINT('',(127.81692,-32.,-3.6E-02));
#11390 = DIRECTION('',(-0.,-0.,-1.));
#11391 = DIRECTION('',(-0.,-1.,0.));
#11392 = ADVANCED_FACE('',(#11393),#11404,.F.);
#11393 = FACE_BOUND('',#11394,.T.);
#11394 = EDGE_LOOP('',(#11395,#11396,#11402,#11403));
#11395 = ORIENTED_EDGE('',*,*,#6666,.T.);
#11396 = ORIENTED_EDGE('',*,*,#11397,.T.);
#11397 = EDGE_CURVE('',#6667,#8645,#11398,.T.);
#11398 = LINE('',#11399,#11400);
#11399 = CARTESIAN_POINT('',(117.314335,-30.643356,-3.6E-02));
#11400 = VECTOR('',#11401,1.);
#11401 = DIRECTION('',(0.,0.,1.));
#11402 = ORIENTED_EDGE('',*,*,#8644,.F.);
#11403 = ORIENTED_EDGE('',*,*,#11397,.F.);
#11404 = CYLINDRICAL_SURFACE('',#11405,0.2);
#11405 = AXIS2_PLACEMENT_3D('',#11406,#11407,#11408);
#11406 = CARTESIAN_POINT('',(117.314335,-30.443356,-3.6E-02));
#11407 = DIRECTION('',(-0.,-0.,-1.));
#11408 = DIRECTION('',(-0.,-1.,0.));
#11409 = ADVANCED_FACE('',(#11410),#11421,.F.);
#11410 = FACE_BOUND('',#11411,.T.);
#11411 = EDGE_LOOP('',(#11412,#11413,#11419,#11420));
#11412 = ORIENTED_EDGE('',*,*,#6677,.T.);
#11413 = ORIENTED_EDGE('',*,*,#11414,.T.);
#11414 = EDGE_CURVE('',#6678,#8656,#11415,.T.);
#11415 = LINE('',#11416,#11417);
#11416 = CARTESIAN_POINT('',(117.338461,-28.592657,-3.6E-02));
#11417 = VECTOR('',#11418,1.);
#11418 = DIRECTION('',(0.,0.,1.));
#11419 = ORIENTED_EDGE('',*,*,#8655,.F.);
#11420 = ORIENTED_EDGE('',*,*,#11414,.F.);
#11421 = CYLINDRICAL_SURFACE('',#11422,0.2);
#11422 = AXIS2_PLACEMENT_3D('',#11423,#11424,#11425);
#11423 = CARTESIAN_POINT('',(117.338461,-28.392657,-3.6E-02));
#11424 = DIRECTION('',(-0.,-0.,-1.));
#11425 = DIRECTION('',(-0.,-1.,0.));
#11426 = ADVANCED_FACE('',(#11427),#11438,.F.);
#11427 = FACE_BOUND('',#11428,.T.);
#11428 = EDGE_LOOP('',(#11429,#11430,#11436,#11437));
#11429 = ORIENTED_EDGE('',*,*,#6688,.T.);
#11430 = ORIENTED_EDGE('',*,*,#11431,.T.);
#11431 = EDGE_CURVE('',#6689,#8667,#11432,.T.);
#11432 = LINE('',#11433,#11434);
#11433 = CARTESIAN_POINT('',(119.751048,-27.57937,-3.6E-02));
#11434 = VECTOR('',#11435,1.);
#11435 = DIRECTION('',(0.,0.,1.));
#11436 = ORIENTED_EDGE('',*,*,#8666,.F.);
#11437 = ORIENTED_EDGE('',*,*,#11431,.F.);
#11438 = CYLINDRICAL_SURFACE('',#11439,0.2);
#11439 = AXIS2_PLACEMENT_3D('',#11440,#11441,#11442);
#11440 = CARTESIAN_POINT('',(119.751048,-27.37937,-3.6E-02));
#11441 = DIRECTION('',(-0.,-0.,-1.));
#11442 = DIRECTION('',(-0.,-1.,0.));
#11443 = ADVANCED_FACE('',(#11444),#11455,.F.);
#11444 = FACE_BOUND('',#11445,.T.);
#11445 = EDGE_LOOP('',(#11446,#11447,#11453,#11454));
#11446 = ORIENTED_EDGE('',*,*,#6699,.T.);
#11447 = ORIENTED_EDGE('',*,*,#11448,.T.);
#11448 = EDGE_CURVE('',#6700,#8678,#11449,.T.);
#11449 = LINE('',#11450,#11451);
#11450 = CARTESIAN_POINT('',(111.355244,-21.330769,-3.6E-02));
#11451 = VECTOR('',#11452,1.);
#11452 = DIRECTION('',(0.,0.,1.));
#11453 = ORIENTED_EDGE('',*,*,#8677,.F.);
#11454 = ORIENTED_EDGE('',*,*,#11448,.F.);
#11455 = CYLINDRICAL_SURFACE('',#11456,0.2);
#11456 = AXIS2_PLACEMENT_3D('',#11457,#11458,#11459);
#11457 = CARTESIAN_POINT('',(111.355244,-21.130769,-3.6E-02));
#11458 = DIRECTION('',(-0.,-0.,-1.));
#11459 = DIRECTION('',(-0.,-1.,0.));
#11460 = ADVANCED_FACE('',(#11461),#11472,.F.);
#11461 = FACE_BOUND('',#11462,.T.);
#11462 = EDGE_LOOP('',(#11463,#11464,#11470,#11471));
#11463 = ORIENTED_EDGE('',*,*,#6710,.T.);
#11464 = ORIENTED_EDGE('',*,*,#11465,.T.);
#11465 = EDGE_CURVE('',#6711,#8689,#11466,.T.);
#11466 = LINE('',#11467,#11468);
#11467 = CARTESIAN_POINT('',(113.116433,-20.896503,-3.6E-02));
#11468 = VECTOR('',#11469,1.);
#11469 = DIRECTION('',(0.,0.,1.));
#11470 = ORIENTED_EDGE('',*,*,#8688,.F.);
#11471 = ORIENTED_EDGE('',*,*,#11465,.F.);
#11472 = CYLINDRICAL_SURFACE('',#11473,0.2);
#11473 = AXIS2_PLACEMENT_3D('',#11474,#11475,#11476);
#11474 = CARTESIAN_POINT('',(113.116433,-20.696503,-3.6E-02));
#11475 = DIRECTION('',(-0.,-0.,-1.));
#11476 = DIRECTION('',(-0.,-1.,0.));
#11477 = ADVANCED_FACE('',(#11478),#11489,.F.);
#11478 = FACE_BOUND('',#11479,.T.);
#11479 = EDGE_LOOP('',(#11480,#11481,#11487,#11488));
#11480 = ORIENTED_EDGE('',*,*,#6721,.T.);
#11481 = ORIENTED_EDGE('',*,*,#11482,.T.);
#11482 = EDGE_CURVE('',#6722,#8700,#11483,.T.);
#11483 = LINE('',#11484,#11485);
#11484 = CARTESIAN_POINT('',(116.35,-26.3,-4.6E-02));
#11485 = VECTOR('',#11486,1.);
#11486 = DIRECTION('',(0.,0.,1.));
#11487 = ORIENTED_EDGE('',*,*,#8699,.F.);
#11488 = ORIENTED_EDGE('',*,*,#11482,.F.);
#11489 = CYLINDRICAL_SURFACE('',#11490,1.1);
#11490 = AXIS2_PLACEMENT_3D('',#11491,#11492,#11493);
#11491 = CARTESIAN_POINT('',(116.35,-25.2,-4.6E-02));
#11492 = DIRECTION('',(-0.,-0.,-1.));
#11493 = DIRECTION('',(-0.,-1.,0.));
#11494 = ADVANCED_FACE('',(#11495),#11506,.F.);
#11495 = FACE_BOUND('',#11496,.T.);
#11496 = EDGE_LOOP('',(#11497,#11498,#11504,#11505));
#11497 = ORIENTED_EDGE('',*,*,#6732,.T.);
#11498 = ORIENTED_EDGE('',*,*,#11499,.T.);
#11499 = EDGE_CURVE('',#6733,#8711,#11500,.T.);
#11500 = LINE('',#11501,#11502);
#11501 = CARTESIAN_POINT('',(117.483216,-21.161888,-3.6E-02));
#11502 = VECTOR('',#11503,1.);
#11503 = DIRECTION('',(0.,0.,1.));
#11504 = ORIENTED_EDGE('',*,*,#8710,.F.);
#11505 = ORIENTED_EDGE('',*,*,#11499,.F.);
#11506 = CYLINDRICAL_SURFACE('',#11507,0.2);
#11507 = AXIS2_PLACEMENT_3D('',#11508,#11509,#11510);
#11508 = CARTESIAN_POINT('',(117.483216,-20.961888,-3.6E-02));
#11509 = DIRECTION('',(-0.,-0.,-1.));
#11510 = DIRECTION('',(-0.,-1.,0.));
#11511 = ADVANCED_FACE('',(#11512),#11523,.F.);
#11512 = FACE_BOUND('',#11513,.T.);
#11513 = EDGE_LOOP('',(#11514,#11515,#11521,#11522));
#11514 = ORIENTED_EDGE('',*,*,#6743,.T.);
#11515 = ORIENTED_EDGE('',*,*,#11516,.T.);
#11516 = EDGE_CURVE('',#6744,#8722,#11517,.T.);
#11517 = LINE('',#11518,#11519);
#11518 = CARTESIAN_POINT('',(120.134353,-30.002934,-3.6E-02));
#11519 = VECTOR('',#11520,1.);
#11520 = DIRECTION('',(0.,0.,1.));
#11521 = ORIENTED_EDGE('',*,*,#8721,.F.);
#11522 = ORIENTED_EDGE('',*,*,#11516,.F.);
#11523 = CYLINDRICAL_SURFACE('',#11524,0.15);
#11524 = AXIS2_PLACEMENT_3D('',#11525,#11526,#11527);
#11525 = CARTESIAN_POINT('',(120.134353,-29.852934,-3.6E-02));
#11526 = DIRECTION('',(-0.,-0.,-1.));
#11527 = DIRECTION('',(-0.,-1.,0.));
#11528 = ADVANCED_FACE('',(#11529),#11540,.F.);
#11529 = FACE_BOUND('',#11530,.T.);
#11530 = EDGE_LOOP('',(#11531,#11532,#11538,#11539));
#11531 = ORIENTED_EDGE('',*,*,#6754,.T.);
#11532 = ORIENTED_EDGE('',*,*,#11533,.T.);
#11533 = EDGE_CURVE('',#6755,#8733,#11534,.T.);
#11534 = LINE('',#11535,#11536);
#11535 = CARTESIAN_POINT('',(121.639847,-28.249347,-3.6E-02));
#11536 = VECTOR('',#11537,1.);
#11537 = DIRECTION('',(0.,0.,1.));
#11538 = ORIENTED_EDGE('',*,*,#8732,.F.);
#11539 = ORIENTED_EDGE('',*,*,#11533,.F.);
#11540 = CYLINDRICAL_SURFACE('',#11541,0.15);
#11541 = AXIS2_PLACEMENT_3D('',#11542,#11543,#11544);
#11542 = CARTESIAN_POINT('',(121.639847,-28.099347,-3.6E-02));
#11543 = DIRECTION('',(-0.,-0.,-1.));
#11544 = DIRECTION('',(-0.,-1.,0.));
#11545 = ADVANCED_FACE('',(#11546),#11557,.F.);
#11546 = FACE_BOUND('',#11547,.T.);
#11547 = EDGE_LOOP('',(#11548,#11549,#11555,#11556));
#11548 = ORIENTED_EDGE('',*,*,#6765,.T.);
#11549 = ORIENTED_EDGE('',*,*,#11550,.T.);
#11550 = EDGE_CURVE('',#6766,#8744,#11551,.T.);
#11551 = LINE('',#11552,#11553);
#11552 = CARTESIAN_POINT('',(124.021113,-29.971605,-3.6E-02));
#11553 = VECTOR('',#11554,1.);
#11554 = DIRECTION('',(0.,0.,1.));
#11555 = ORIENTED_EDGE('',*,*,#8743,.F.);
#11556 = ORIENTED_EDGE('',*,*,#11550,.F.);
#11557 = CYLINDRICAL_SURFACE('',#11558,0.2);
#11558 = AXIS2_PLACEMENT_3D('',#11559,#11560,#11561);
#11559 = CARTESIAN_POINT('',(124.021113,-29.771605,-3.6E-02));
#11560 = DIRECTION('',(-0.,-0.,-1.));
#11561 = DIRECTION('',(-0.,-1.,0.));
#11562 = ADVANCED_FACE('',(#11563),#11574,.F.);
#11563 = FACE_BOUND('',#11564,.T.);
#11564 = EDGE_LOOP('',(#11565,#11566,#11572,#11573));
#11565 = ORIENTED_EDGE('',*,*,#6776,.T.);
#11566 = ORIENTED_EDGE('',*,*,#11567,.T.);
#11567 = EDGE_CURVE('',#6777,#8755,#11568,.T.);
#11568 = LINE('',#11569,#11570);
#11569 = CARTESIAN_POINT('',(121.639847,-27.400271,-3.6E-02));
#11570 = VECTOR('',#11571,1.);
#11571 = DIRECTION('',(0.,0.,1.));
#11572 = ORIENTED_EDGE('',*,*,#8754,.F.);
#11573 = ORIENTED_EDGE('',*,*,#11567,.F.);
#11574 = CYLINDRICAL_SURFACE('',#11575,0.15);
#11575 = AXIS2_PLACEMENT_3D('',#11576,#11577,#11578);
#11576 = CARTESIAN_POINT('',(121.639847,-27.250271,-3.6E-02));
#11577 = DIRECTION('',(-0.,-0.,-1.));
#11578 = DIRECTION('',(-0.,-1.,0.));
#11579 = ADVANCED_FACE('',(#11580),#11591,.F.);
#11580 = FACE_BOUND('',#11581,.T.);
#11581 = EDGE_LOOP('',(#11582,#11583,#11589,#11590));
#11582 = ORIENTED_EDGE('',*,*,#6787,.T.);
#11583 = ORIENTED_EDGE('',*,*,#11584,.T.);
#11584 = EDGE_CURVE('',#6788,#8766,#11585,.T.);
#11585 = LINE('',#11586,#11587);
#11586 = CARTESIAN_POINT('',(124.021113,-28.042817,-3.6E-02));
#11587 = VECTOR('',#11588,1.);
#11588 = DIRECTION('',(0.,0.,1.));
#11589 = ORIENTED_EDGE('',*,*,#8765,.F.);
#11590 = ORIENTED_EDGE('',*,*,#11584,.F.);
#11591 = CYLINDRICAL_SURFACE('',#11592,0.2);
#11592 = AXIS2_PLACEMENT_3D('',#11593,#11594,#11595);
#11593 = CARTESIAN_POINT('',(124.021113,-27.842817,-3.6E-02));
#11594 = DIRECTION('',(-0.,-0.,-1.));
#11595 = DIRECTION('',(-0.,-1.,0.));
#11596 = ADVANCED_FACE('',(#11597),#11608,.F.);
#11597 = FACE_BOUND('',#11598,.T.);
#11598 = EDGE_LOOP('',(#11599,#11600,#11606,#11607));
#11599 = ORIENTED_EDGE('',*,*,#6798,.T.);
#11600 = ORIENTED_EDGE('',*,*,#11601,.T.);
#11601 = EDGE_CURVE('',#6799,#8777,#11602,.T.);
#11602 = LINE('',#11603,#11604);
#11603 = CARTESIAN_POINT('',(124.,-26.2,-3.6E-02));
#11604 = VECTOR('',#11605,1.);
#11605 = DIRECTION('',(0.,0.,1.));
#11606 = ORIENTED_EDGE('',*,*,#8776,.F.);
#11607 = ORIENTED_EDGE('',*,*,#11601,.F.);
#11608 = CYLINDRICAL_SURFACE('',#11609,0.2);
#11609 = AXIS2_PLACEMENT_3D('',#11610,#11611,#11612);
#11610 = CARTESIAN_POINT('',(124.,-26.,-3.6E-02));
#11611 = DIRECTION('',(-0.,-0.,-1.));
#11612 = DIRECTION('',(-0.,-1.,0.));
#11613 = ADVANCED_FACE('',(#11614),#11625,.F.);
#11614 = FACE_BOUND('',#11615,.T.);
#11615 = EDGE_LOOP('',(#11616,#11617,#11623,#11624));
#11616 = ORIENTED_EDGE('',*,*,#6809,.T.);
#11617 = ORIENTED_EDGE('',*,*,#11618,.T.);
#11618 = EDGE_CURVE('',#6810,#8788,#11619,.T.);
#11619 = LINE('',#11620,#11621);
#11620 = CARTESIAN_POINT('',(124.046162,-24.410684,-3.6E-02));
#11621 = VECTOR('',#11622,1.);
#11622 = DIRECTION('',(0.,0.,1.));
#11623 = ORIENTED_EDGE('',*,*,#8787,.F.);
#11624 = ORIENTED_EDGE('',*,*,#11618,.F.);
#11625 = CYLINDRICAL_SURFACE('',#11626,0.2);
#11626 = AXIS2_PLACEMENT_3D('',#11627,#11628,#11629);
#11627 = CARTESIAN_POINT('',(124.046162,-24.210684,-3.6E-02));
#11628 = DIRECTION('',(-0.,-0.,-1.));
#11629 = DIRECTION('',(-7.105427357601E-14,-1.,0.));
#11630 = ADVANCED_FACE('',(#11631),#11642,.F.);
#11631 = FACE_BOUND('',#11632,.T.);
#11632 = EDGE_LOOP('',(#11633,#11634,#11640,#11641));
#11633 = ORIENTED_EDGE('',*,*,#6820,.T.);
#11634 = ORIENTED_EDGE('',*,*,#11635,.T.);
#11635 = EDGE_CURVE('',#6821,#8799,#11636,.T.);
#11636 = LINE('',#11637,#11638);
#11637 = CARTESIAN_POINT('',(123.101115,-22.748704,-3.6E-02));
#11638 = VECTOR('',#11639,1.);
#11639 = DIRECTION('',(0.,0.,1.));
#11640 = ORIENTED_EDGE('',*,*,#8798,.F.);
#11641 = ORIENTED_EDGE('',*,*,#11635,.F.);
#11642 = CYLINDRICAL_SURFACE('',#11643,0.2);
#11643 = AXIS2_PLACEMENT_3D('',#11644,#11645,#11646);
#11644 = CARTESIAN_POINT('',(123.101115,-22.548704,-3.6E-02));
#11645 = DIRECTION('',(-0.,-0.,-1.));
#11646 = DIRECTION('',(-0.,-1.,0.));
#11647 = ADVANCED_FACE('',(#11648),#11659,.F.);
#11648 = FACE_BOUND('',#11649,.T.);
#11649 = EDGE_LOOP('',(#11650,#11651,#11657,#11658));
#11650 = ORIENTED_EDGE('',*,*,#6831,.T.);
#11651 = ORIENTED_EDGE('',*,*,#11652,.T.);
#11652 = EDGE_CURVE('',#6832,#8810,#11653,.T.);
#11653 = LINE('',#11654,#11655);
#11654 = CARTESIAN_POINT('',(123.541312,-21.596424,-3.6E-02));
#11655 = VECTOR('',#11656,1.);
#11656 = DIRECTION('',(0.,0.,1.));
#11657 = ORIENTED_EDGE('',*,*,#8809,.F.);
#11658 = ORIENTED_EDGE('',*,*,#11652,.F.);
#11659 = CYLINDRICAL_SURFACE('',#11660,0.2);
#11660 = AXIS2_PLACEMENT_3D('',#11661,#11662,#11663);
#11661 = CARTESIAN_POINT('',(123.541312,-21.396424,-3.6E-02));
#11662 = DIRECTION('',(-0.,-0.,-1.));
#11663 = DIRECTION('',(-0.,-1.,0.));
#11664 = ADVANCED_FACE('',(#11665),#11676,.F.);
#11665 = FACE_BOUND('',#11666,.T.);
#11666 = EDGE_LOOP('',(#11667,#11668,#11674,#11675));
#11667 = ORIENTED_EDGE('',*,*,#6842,.T.);
#11668 = ORIENTED_EDGE('',*,*,#11669,.T.);
#11669 = EDGE_CURVE('',#6843,#8821,#11670,.T.);
#11670 = LINE('',#11671,#11672);
#11671 = CARTESIAN_POINT('',(124.836008,-22.852279,-3.6E-02));
#11672 = VECTOR('',#11673,1.);
#11673 = DIRECTION('',(0.,0.,1.));
#11674 = ORIENTED_EDGE('',*,*,#8820,.F.);
#11675 = ORIENTED_EDGE('',*,*,#11669,.F.);
#11676 = CYLINDRICAL_SURFACE('',#11677,0.2);
#11677 = AXIS2_PLACEMENT_3D('',#11678,#11679,#11680);
#11678 = CARTESIAN_POINT('',(124.836008,-22.652279,-3.6E-02));
#11679 = DIRECTION('',(-0.,0.,-1.));
#11680 = DIRECTION('',(7.105427357601E-14,-1.,-0.));
#11681 = ADVANCED_FACE('',(#11682),#11693,.F.);
#11682 = FACE_BOUND('',#11683,.T.);
#11683 = EDGE_LOOP('',(#11684,#11685,#11691,#11692));
#11684 = ORIENTED_EDGE('',*,*,#6853,.T.);
#11685 = ORIENTED_EDGE('',*,*,#11686,.T.);
#11686 = EDGE_CURVE('',#6854,#8832,#11687,.T.);
#11687 = LINE('',#11688,#11689);
#11688 = CARTESIAN_POINT('',(125.250311,-21.609371,-3.6E-02));
#11689 = VECTOR('',#11690,1.);
#11690 = DIRECTION('',(0.,0.,1.));
#11691 = ORIENTED_EDGE('',*,*,#8831,.F.);
#11692 = ORIENTED_EDGE('',*,*,#11686,.F.);
#11693 = CYLINDRICAL_SURFACE('',#11694,0.2);
#11694 = AXIS2_PLACEMENT_3D('',#11695,#11696,#11697);
#11695 = CARTESIAN_POINT('',(125.250311,-21.409371,-3.6E-02));
#11696 = DIRECTION('',(-0.,-0.,-1.));
#11697 = DIRECTION('',(-0.,-1.,0.));
#11698 = ADVANCED_FACE('',(#11699),#11710,.F.);
#11699 = FACE_BOUND('',#11700,.T.);
#11700 = EDGE_LOOP('',(#11701,#11702,#11708,#11709));
#11701 = ORIENTED_EDGE('',*,*,#6864,.T.);
#11702 = ORIENTED_EDGE('',*,*,#11703,.T.);
#11703 = EDGE_CURVE('',#6865,#8843,#11704,.T.);
#11704 = LINE('',#11705,#11706);
#11705 = CARTESIAN_POINT('',(126.726265,-22.852279,-3.6E-02));
#11706 = VECTOR('',#11707,1.);
#11707 = DIRECTION('',(0.,0.,1.));
#11708 = ORIENTED_EDGE('',*,*,#8842,.F.);
#11709 = ORIENTED_EDGE('',*,*,#11703,.F.);
#11710 = CYLINDRICAL_SURFACE('',#11711,0.2);
#11711 = AXIS2_PLACEMENT_3D('',#11712,#11713,#11714);
#11712 = CARTESIAN_POINT('',(126.726265,-22.652279,-3.6E-02));
#11713 = DIRECTION('',(-0.,-0.,-1.));
#11714 = DIRECTION('',(-0.,-1.,0.));
#11715 = ADVANCED_FACE('',(#11716),#11727,.F.);
#11716 = FACE_BOUND('',#11717,.T.);
#11717 = EDGE_LOOP('',(#11718,#11719,#11725,#11726));
#11718 = ORIENTED_EDGE('',*,*,#6875,.T.);
#11719 = ORIENTED_EDGE('',*,*,#11720,.T.);
#11720 = EDGE_CURVE('',#6876,#8854,#11721,.T.);
#11721 = LINE('',#11722,#11723);
#11722 = CARTESIAN_POINT('',(128.448212,-22.89112,-3.6E-02));
#11723 = VECTOR('',#11724,1.);
#11724 = DIRECTION('',(0.,0.,1.));
#11725 = ORIENTED_EDGE('',*,*,#8853,.F.);
#11726 = ORIENTED_EDGE('',*,*,#11720,.F.);
#11727 = CYLINDRICAL_SURFACE('',#11728,0.2);
#11728 = AXIS2_PLACEMENT_3D('',#11729,#11730,#11731);
#11729 = CARTESIAN_POINT('',(128.448212,-22.69112,-3.6E-02));
#11730 = DIRECTION('',(-0.,-0.,-1.));
#11731 = DIRECTION('',(-0.,-1.,0.));
#11732 = ADVANCED_FACE('',(#11733),#11744,.F.);
#11733 = FACE_BOUND('',#11734,.T.);
#11734 = EDGE_LOOP('',(#11735,#11736,#11742,#11743));
#11735 = ORIENTED_EDGE('',*,*,#6886,.T.);
#11736 = ORIENTED_EDGE('',*,*,#11737,.T.);
#11737 = EDGE_CURVE('',#6887,#8865,#11738,.T.);
#11738 = LINE('',#11739,#11740);
#11739 = CARTESIAN_POINT('',(126.946364,-21.583477,-3.6E-02));
#11740 = VECTOR('',#11741,1.);
#11741 = DIRECTION('',(0.,0.,1.));
#11742 = ORIENTED_EDGE('',*,*,#8864,.F.);
#11743 = ORIENTED_EDGE('',*,*,#11737,.F.);
#11744 = CYLINDRICAL_SURFACE('',#11745,0.2);
#11745 = AXIS2_PLACEMENT_3D('',#11746,#11747,#11748);
#11746 = CARTESIAN_POINT('',(126.946364,-21.383477,-3.6E-02));
#11747 = DIRECTION('',(-0.,-0.,-1.));
#11748 = DIRECTION('',(-0.,-1.,0.));
#11749 = ADVANCED_FACE('',(#11750),#11761,.F.);
#11750 = FACE_BOUND('',#11751,.T.);
#11751 = EDGE_LOOP('',(#11752,#11753,#11759,#11760));
#11752 = ORIENTED_EDGE('',*,*,#6897,.T.);
#11753 = ORIENTED_EDGE('',*,*,#11754,.T.);
#11754 = EDGE_CURVE('',#6898,#8876,#11755,.T.);
#11755 = LINE('',#11756,#11757);
#11756 = CARTESIAN_POINT('',(128.642416,-21.557583,-3.6E-02));
#11757 = VECTOR('',#11758,1.);
#11758 = DIRECTION('',(0.,0.,1.));
#11759 = ORIENTED_EDGE('',*,*,#8875,.F.);
#11760 = ORIENTED_EDGE('',*,*,#11754,.F.);
#11761 = CYLINDRICAL_SURFACE('',#11762,0.2);
#11762 = AXIS2_PLACEMENT_3D('',#11763,#11764,#11765);
#11763 = CARTESIAN_POINT('',(128.642416,-21.357583,-3.6E-02));
#11764 = DIRECTION('',(-0.,-0.,-1.));
#11765 = DIRECTION('',(-0.,-1.,0.));
#11766 = ADVANCED_FACE('',(#11767),#11778,.F.);
#11767 = FACE_BOUND('',#11768,.T.);
#11768 = EDGE_LOOP('',(#11769,#11770,#11776,#11777));
#11769 = ORIENTED_EDGE('',*,*,#6908,.T.);
#11770 = ORIENTED_EDGE('',*,*,#11771,.T.);
#11771 = EDGE_CURVE('',#6909,#8887,#11772,.T.);
#11772 = LINE('',#11773,#11774);
#11773 = CARTESIAN_POINT('',(131.,-38.7,-3.6E-02));
#11774 = VECTOR('',#11775,1.);
#11775 = DIRECTION('',(0.,0.,1.));
#11776 = ORIENTED_EDGE('',*,*,#8886,.F.);
#11777 = ORIENTED_EDGE('',*,*,#11771,.F.);
#11778 = CYLINDRICAL_SURFACE('',#11779,0.2);
#11779 = AXIS2_PLACEMENT_3D('',#11780,#11781,#11782);
#11780 = CARTESIAN_POINT('',(131.,-38.5,-3.6E-02));
#11781 = DIRECTION('',(-0.,-0.,-1.));
#11782 = DIRECTION('',(-0.,-1.,0.));
#11783 = ADVANCED_FACE('',(#11784),#11795,.F.);
#11784 = FACE_BOUND('',#11785,.T.);
#11785 = EDGE_LOOP('',(#11786,#11787,#11793,#11794));
#11786 = ORIENTED_EDGE('',*,*,#6919,.T.);
#11787 = ORIENTED_EDGE('',*,*,#11788,.T.);
#11788 = EDGE_CURVE('',#6920,#8898,#11789,.T.);
#11789 = LINE('',#11790,#11791);
#11790 = CARTESIAN_POINT('',(136.663391,-36.383518,-3.6E-02));
#11791 = VECTOR('',#11792,1.);
#11792 = DIRECTION('',(0.,0.,1.));
#11793 = ORIENTED_EDGE('',*,*,#8897,.F.);
#11794 = ORIENTED_EDGE('',*,*,#11788,.F.);
#11795 = CYLINDRICAL_SURFACE('',#11796,0.15);
#11796 = AXIS2_PLACEMENT_3D('',#11797,#11798,#11799);
#11797 = CARTESIAN_POINT('',(136.663391,-36.233518,-3.6E-02));
#11798 = DIRECTION('',(-0.,-0.,-1.));
#11799 = DIRECTION('',(-0.,-1.,0.));
#11800 = ADVANCED_FACE('',(#11801),#11812,.F.);
#11801 = FACE_BOUND('',#11802,.T.);
#11802 = EDGE_LOOP('',(#11803,#11804,#11810,#11811));
#11803 = ORIENTED_EDGE('',*,*,#6930,.T.);
#11804 = ORIENTED_EDGE('',*,*,#11805,.T.);
#11805 = EDGE_CURVE('',#6931,#8909,#11806,.T.);
#11806 = LINE('',#11807,#11808);
#11807 = CARTESIAN_POINT('',(128.662762,-34.408679,-3.6E-02));
#11808 = VECTOR('',#11809,1.);
#11809 = DIRECTION('',(0.,0.,1.));
#11810 = ORIENTED_EDGE('',*,*,#8908,.F.);
#11811 = ORIENTED_EDGE('',*,*,#11805,.F.);
#11812 = CYLINDRICAL_SURFACE('',#11813,0.15);
#11813 = AXIS2_PLACEMENT_3D('',#11814,#11815,#11816);
#11814 = CARTESIAN_POINT('',(128.662762,-34.258679,-3.6E-02));
#11815 = DIRECTION('',(-0.,-0.,-1.));
#11816 = DIRECTION('',(-0.,-1.,0.));
#11817 = ADVANCED_FACE('',(#11818),#11829,.F.);
#11818 = FACE_BOUND('',#11819,.T.);
#11819 = EDGE_LOOP('',(#11820,#11821,#11827,#11828));
#11820 = ORIENTED_EDGE('',*,*,#6941,.T.);
#11821 = ORIENTED_EDGE('',*,*,#11822,.T.);
#11822 = EDGE_CURVE('',#6942,#8920,#11823,.T.);
#11823 = LINE('',#11824,#11825);
#11824 = CARTESIAN_POINT('',(129.525851,-34.408679,-3.6E-02));
#11825 = VECTOR('',#11826,1.);
#11826 = DIRECTION('',(0.,0.,1.));
#11827 = ORIENTED_EDGE('',*,*,#8919,.F.);
#11828 = ORIENTED_EDGE('',*,*,#11822,.F.);
#11829 = CYLINDRICAL_SURFACE('',#11830,0.15);
#11830 = AXIS2_PLACEMENT_3D('',#11831,#11832,#11833);
#11831 = CARTESIAN_POINT('',(129.525851,-34.258679,-3.6E-02));
#11832 = DIRECTION('',(-0.,-0.,-1.));
#11833 = DIRECTION('',(-0.,-1.,0.));
#11834 = ADVANCED_FACE('',(#11835),#11846,.F.);
#11835 = FACE_BOUND('',#11836,.T.);
#11836 = EDGE_LOOP('',(#11837,#11838,#11844,#11845));
#11837 = ORIENTED_EDGE('',*,*,#6952,.T.);
#11838 = ORIENTED_EDGE('',*,*,#11839,.T.);
#11839 = EDGE_CURVE('',#6953,#8931,#11840,.T.);
#11840 = LINE('',#11841,#11842);
#11841 = CARTESIAN_POINT('',(129.982822,-32.902361,-3.6E-02));
#11842 = VECTOR('',#11843,1.);
#11843 = DIRECTION('',(0.,0.,1.));
#11844 = ORIENTED_EDGE('',*,*,#8930,.F.);
#11845 = ORIENTED_EDGE('',*,*,#11839,.F.);
#11846 = CYLINDRICAL_SURFACE('',#11847,0.2);
#11847 = AXIS2_PLACEMENT_3D('',#11848,#11849,#11850);
#11848 = CARTESIAN_POINT('',(129.982822,-32.702361,-3.6E-02));
#11849 = DIRECTION('',(-0.,-0.,-1.));
#11850 = DIRECTION('',(-0.,-1.,0.));
#11851 = ADVANCED_FACE('',(#11852),#11863,.F.);
#11852 = FACE_BOUND('',#11853,.T.);
#11853 = EDGE_LOOP('',(#11854,#11855,#11861,#11862));
#11854 = ORIENTED_EDGE('',*,*,#6963,.T.);
#11855 = ORIENTED_EDGE('',*,*,#11856,.T.);
#11856 = EDGE_CURVE('',#6964,#8942,#11857,.T.);
#11857 = LINE('',#11858,#11859);
#11858 = CARTESIAN_POINT('',(137.,-35.,-3.6E-02));
#11859 = VECTOR('',#11860,1.);
#11860 = DIRECTION('',(0.,0.,1.));
#11861 = ORIENTED_EDGE('',*,*,#8941,.F.);
#11862 = ORIENTED_EDGE('',*,*,#11856,.F.);
#11863 = CYLINDRICAL_SURFACE('',#11864,0.2);
#11864 = AXIS2_PLACEMENT_3D('',#11865,#11866,#11867);
#11865 = CARTESIAN_POINT('',(137.,-34.8,-3.6E-02));
#11866 = DIRECTION('',(-0.,-0.,-1.));
#11867 = DIRECTION('',(-0.,-1.,0.));
#11868 = ADVANCED_FACE('',(#11869),#11880,.F.);
#11869 = FACE_BOUND('',#11870,.T.);
#11870 = EDGE_LOOP('',(#11871,#11872,#11878,#11879));
#11871 = ORIENTED_EDGE('',*,*,#6974,.T.);
#11872 = ORIENTED_EDGE('',*,*,#11873,.T.);
#11873 = EDGE_CURVE('',#6975,#8953,#11874,.T.);
#11874 = LINE('',#11875,#11876);
#11875 = CARTESIAN_POINT('',(133.439611,-32.902361,-3.6E-02));
#11876 = VECTOR('',#11877,1.);
#11877 = DIRECTION('',(0.,0.,1.));
#11878 = ORIENTED_EDGE('',*,*,#8952,.F.);
#11879 = ORIENTED_EDGE('',*,*,#11873,.F.);
#11880 = CYLINDRICAL_SURFACE('',#11881,0.2);
#11881 = AXIS2_PLACEMENT_3D('',#11882,#11883,#11884);
#11882 = CARTESIAN_POINT('',(133.439611,-32.702361,-3.6E-02));
#11883 = DIRECTION('',(-0.,-0.,-1.));
#11884 = DIRECTION('',(-0.,-1.,0.));
#11885 = ADVANCED_FACE('',(#11886),#11897,.F.);
#11886 = FACE_BOUND('',#11887,.T.);
#11887 = EDGE_LOOP('',(#11888,#11889,#11895,#11896));
#11888 = ORIENTED_EDGE('',*,*,#6985,.T.);
#11889 = ORIENTED_EDGE('',*,*,#11890,.T.);
#11890 = EDGE_CURVE('',#6986,#8964,#11891,.T.);
#11891 = LINE('',#11892,#11893);
#11892 = CARTESIAN_POINT('',(135.679855,-33.343645,-3.6E-02));
#11893 = VECTOR('',#11894,1.);
#11894 = DIRECTION('',(0.,0.,1.));
#11895 = ORIENTED_EDGE('',*,*,#8963,.F.);
#11896 = ORIENTED_EDGE('',*,*,#11890,.F.);
#11897 = CYLINDRICAL_SURFACE('',#11898,0.15);
#11898 = AXIS2_PLACEMENT_3D('',#11899,#11900,#11901);
#11899 = CARTESIAN_POINT('',(135.679855,-33.193645,-3.6E-02));
#11900 = DIRECTION('',(-0.,-0.,-1.));
#11901 = DIRECTION('',(-0.,-1.,0.));
#11902 = ADVANCED_FACE('',(#11903),#11914,.F.);
#11903 = FACE_BOUND('',#11904,.T.);
#11904 = EDGE_LOOP('',(#11905,#11906,#11912,#11913));
#11905 = ORIENTED_EDGE('',*,*,#6996,.T.);
#11906 = ORIENTED_EDGE('',*,*,#11907,.T.);
#11907 = EDGE_CURVE('',#6997,#8975,#11908,.T.);
#11908 = LINE('',#11909,#11910);
#11909 = CARTESIAN_POINT('',(135.666516,-32.503267,-3.6E-02));
#11910 = VECTOR('',#11911,1.);
#11911 = DIRECTION('',(0.,0.,1.));
#11912 = ORIENTED_EDGE('',*,*,#8974,.F.);
#11913 = ORIENTED_EDGE('',*,*,#11907,.F.);
#11914 = CYLINDRICAL_SURFACE('',#11915,0.15);
#11915 = AXIS2_PLACEMENT_3D('',#11916,#11917,#11918);
#11916 = CARTESIAN_POINT('',(135.666516,-32.353267,-3.6E-02));
#11917 = DIRECTION('',(-0.,-0.,-1.));
#11918 = DIRECTION('',(-0.,-1.,0.));
#11919 = ADVANCED_FACE('',(#11920),#11931,.F.);
#11920 = FACE_BOUND('',#11921,.T.);
#11921 = EDGE_LOOP('',(#11922,#11923,#11929,#11930));
#11922 = ORIENTED_EDGE('',*,*,#7007,.T.);
#11923 = ORIENTED_EDGE('',*,*,#11924,.T.);
#11924 = EDGE_CURVE('',#7008,#8986,#11925,.T.);
#11925 = LINE('',#11926,#11927);
#11926 = CARTESIAN_POINT('',(141.401812,-38.242942,-4.6E-02));
#11927 = VECTOR('',#11928,1.);
#11928 = DIRECTION('',(0.,0.,1.));
#11929 = ORIENTED_EDGE('',*,*,#8985,.F.);
#11930 = ORIENTED_EDGE('',*,*,#11924,.F.);
#11931 = CYLINDRICAL_SURFACE('',#11932,0.65);
#11932 = AXIS2_PLACEMENT_3D('',#11933,#11934,#11935);
#11933 = CARTESIAN_POINT('',(141.401812,-37.592942,-4.6E-02));
#11934 = DIRECTION('',(-0.,-0.,-1.));
#11935 = DIRECTION('',(-0.,-1.,0.));
#11936 = ADVANCED_FACE('',(#11937),#11948,.F.);
#11937 = FACE_BOUND('',#11938,.T.);
#11938 = EDGE_LOOP('',(#11939,#11940,#11946,#11947));
#11939 = ORIENTED_EDGE('',*,*,#7018,.T.);
#11940 = ORIENTED_EDGE('',*,*,#11941,.T.);
#11941 = EDGE_CURVE('',#7019,#8997,#11942,.T.);
#11942 = LINE('',#11943,#11944);
#11943 = CARTESIAN_POINT('',(142.5,-39.65,-3.6E-02));
#11944 = VECTOR('',#11945,1.);
#11945 = DIRECTION('',(0.,0.,1.));
#11946 = ORIENTED_EDGE('',*,*,#8996,.F.);
#11947 = ORIENTED_EDGE('',*,*,#11941,.F.);
#11948 = CYLINDRICAL_SURFACE('',#11949,0.15);
#11949 = AXIS2_PLACEMENT_3D('',#11950,#11951,#11952);
#11950 = CARTESIAN_POINT('',(142.5,-39.5,-3.6E-02));
#11951 = DIRECTION('',(-0.,-0.,-1.));
#11952 = DIRECTION('',(-0.,-1.,0.));
#11953 = ADVANCED_FACE('',(#11954),#11965,.F.);
#11954 = FACE_BOUND('',#11955,.T.);
#11955 = EDGE_LOOP('',(#11956,#11957,#11963,#11964));
#11956 = ORIENTED_EDGE('',*,*,#7029,.T.);
#11957 = ORIENTED_EDGE('',*,*,#11958,.T.);
#11958 = EDGE_CURVE('',#7030,#9008,#11959,.T.);
#11959 = LINE('',#11960,#11961);
#11960 = CARTESIAN_POINT('',(143.951812,-39.342942,-4.6E-02));
#11961 = VECTOR('',#11962,1.);
#11962 = DIRECTION('',(0.,0.,1.));
#11963 = ORIENTED_EDGE('',*,*,#9007,.F.);
#11964 = ORIENTED_EDGE('',*,*,#11958,.F.);
#11965 = CYLINDRICAL_SURFACE('',#11966,0.5);
#11966 = AXIS2_PLACEMENT_3D('',#11967,#11968,#11969);
#11967 = CARTESIAN_POINT('',(143.951812,-38.842942,-4.6E-02));
#11968 = DIRECTION('',(-0.,-0.,-1.));
#11969 = DIRECTION('',(-0.,-1.,0.));
#11970 = ADVANCED_FACE('',(#11971),#11982,.F.);
#11971 = FACE_BOUND('',#11972,.T.);
#11972 = EDGE_LOOP('',(#11973,#11974,#11980,#11981));
#11973 = ORIENTED_EDGE('',*,*,#7040,.T.);
#11974 = ORIENTED_EDGE('',*,*,#11975,.T.);
#11975 = EDGE_CURVE('',#7041,#9019,#11976,.T.);
#11976 = LINE('',#11977,#11978);
#11977 = CARTESIAN_POINT('',(141.401812,-35.79,-4.6E-02));
#11978 = VECTOR('',#11979,1.);
#11979 = DIRECTION('',(0.,0.,1.));
#11980 = ORIENTED_EDGE('',*,*,#9018,.F.);
#11981 = ORIENTED_EDGE('',*,*,#11975,.F.);
#11982 = CYLINDRICAL_SURFACE('',#11983,0.65);
#11983 = AXIS2_PLACEMENT_3D('',#11984,#11985,#11986);
#11984 = CARTESIAN_POINT('',(141.401812,-35.14,-4.6E-02));
#11985 = DIRECTION('',(-0.,-0.,-1.));
#11986 = DIRECTION('',(-0.,-1.,0.));
#11987 = ADVANCED_FACE('',(#11988),#11999,.F.);
#11988 = FACE_BOUND('',#11989,.T.);
#11989 = EDGE_LOOP('',(#11990,#11991,#11997,#11998));
#11990 = ORIENTED_EDGE('',*,*,#7051,.T.);
#11991 = ORIENTED_EDGE('',*,*,#11992,.T.);
#11992 = EDGE_CURVE('',#7052,#9030,#11993,.T.);
#11993 = LINE('',#11994,#11995);
#11994 = CARTESIAN_POINT('',(141.499018,-32.534478,-3.6E-02));
#11995 = VECTOR('',#11996,1.);
#11996 = DIRECTION('',(0.,0.,1.));
#11997 = ORIENTED_EDGE('',*,*,#9029,.F.);
#11998 = ORIENTED_EDGE('',*,*,#11992,.F.);
#11999 = CYLINDRICAL_SURFACE('',#12000,0.2);
#12000 = AXIS2_PLACEMENT_3D('',#12001,#12002,#12003);
#12001 = CARTESIAN_POINT('',(141.499018,-32.334478,-3.6E-02));
#12002 = DIRECTION('',(-0.,0.,-1.));
#12003 = DIRECTION('',(1.42108547152E-13,-1.,-0.));
#12004 = ADVANCED_FACE('',(#12005),#12016,.F.);
#12005 = FACE_BOUND('',#12006,.T.);
#12006 = EDGE_LOOP('',(#12007,#12008,#12014,#12015));
#12007 = ORIENTED_EDGE('',*,*,#7062,.T.);
#12008 = ORIENTED_EDGE('',*,*,#12009,.T.);
#12009 = EDGE_CURVE('',#7063,#9041,#12010,.T.);
#12010 = LINE('',#12011,#12012);
#12011 = CARTESIAN_POINT('',(140.364351,-31.546758,-3.6E-02));
#12012 = VECTOR('',#12013,1.);
#12013 = DIRECTION('',(0.,0.,1.));
#12014 = ORIENTED_EDGE('',*,*,#9040,.F.);
#12015 = ORIENTED_EDGE('',*,*,#12009,.F.);
#12016 = CYLINDRICAL_SURFACE('',#12017,0.2);
#12017 = AXIS2_PLACEMENT_3D('',#12018,#12019,#12020);
#12018 = CARTESIAN_POINT('',(140.364351,-31.346758,-3.6E-02));
#12019 = DIRECTION('',(-0.,-0.,-1.));
#12020 = DIRECTION('',(-0.,-1.,0.));
#12021 = ADVANCED_FACE('',(#12022),#12033,.F.);
#12022 = FACE_BOUND('',#12023,.T.);
#12023 = EDGE_LOOP('',(#12024,#12025,#12031,#12032));
#12024 = ORIENTED_EDGE('',*,*,#7073,.T.);
#12025 = ORIENTED_EDGE('',*,*,#12026,.T.);
#12026 = EDGE_CURVE('',#7074,#9052,#12027,.T.);
#12027 = LINE('',#12028,#12029);
#12028 = CARTESIAN_POINT('',(143.951812,-34.39,-4.6E-02));
#12029 = VECTOR('',#12030,1.);
#12030 = DIRECTION('',(0.,0.,1.));
#12031 = ORIENTED_EDGE('',*,*,#9051,.F.);
#12032 = ORIENTED_EDGE('',*,*,#12026,.F.);
#12033 = CYLINDRICAL_SURFACE('',#12034,0.5);
#12034 = AXIS2_PLACEMENT_3D('',#12035,#12036,#12037);
#12035 = CARTESIAN_POINT('',(143.951812,-33.89,-4.6E-02));
#12036 = DIRECTION('',(-0.,-0.,-1.));
#12037 = DIRECTION('',(-0.,-1.,0.));
#12038 = ADVANCED_FACE('',(#12039),#12050,.F.);
#12039 = FACE_BOUND('',#12040,.T.);
#12040 = EDGE_LOOP('',(#12041,#12042,#12048,#12049));
#12041 = ORIENTED_EDGE('',*,*,#7084,.T.);
#12042 = ORIENTED_EDGE('',*,*,#12043,.T.);
#12043 = EDGE_CURVE('',#7085,#9063,#12044,.T.);
#12044 = LINE('',#12045,#12046);
#12045 = CARTESIAN_POINT('',(145.881064,-33.787888,-3.6E-02));
#12046 = VECTOR('',#12047,1.);
#12047 = DIRECTION('',(0.,0.,1.));
#12048 = ORIENTED_EDGE('',*,*,#9062,.F.);
#12049 = ORIENTED_EDGE('',*,*,#12043,.F.);
#12050 = CYLINDRICAL_SURFACE('',#12051,0.2);
#12051 = AXIS2_PLACEMENT_3D('',#12052,#12053,#12054);
#12052 = CARTESIAN_POINT('',(145.881064,-33.587888,-3.6E-02));
#12053 = DIRECTION('',(-0.,0.,-1.));
#12054 = DIRECTION('',(1.42108547152E-13,-1.,-0.));
#12055 = ADVANCED_FACE('',(#12056),#12067,.F.);
#12056 = FACE_BOUND('',#12057,.T.);
#12057 = EDGE_LOOP('',(#12058,#12059,#12065,#12066));
#12058 = ORIENTED_EDGE('',*,*,#7095,.T.);
#12059 = ORIENTED_EDGE('',*,*,#12060,.T.);
#12060 = EDGE_CURVE('',#7096,#9074,#12061,.T.);
#12061 = LINE('',#12062,#12063);
#12062 = CARTESIAN_POINT('',(145.938988,-32.250284,-3.6E-02));
#12063 = VECTOR('',#12064,1.);
#12064 = DIRECTION('',(0.,0.,1.));
#12065 = ORIENTED_EDGE('',*,*,#9073,.F.);
#12066 = ORIENTED_EDGE('',*,*,#12060,.F.);
#12067 = CYLINDRICAL_SURFACE('',#12068,0.2);
#12068 = AXIS2_PLACEMENT_3D('',#12069,#12070,#12071);
#12069 = CARTESIAN_POINT('',(145.938988,-32.050284,-3.6E-02));
#12070 = DIRECTION('',(-0.,-0.,-1.));
#12071 = DIRECTION('',(-0.,-1.,0.));
#12072 = ADVANCED_FACE('',(#12073),#12084,.F.);
#12073 = FACE_BOUND('',#12074,.T.);
#12074 = EDGE_LOOP('',(#12075,#12076,#12082,#12083));
#12075 = ORIENTED_EDGE('',*,*,#7106,.T.);
#12076 = ORIENTED_EDGE('',*,*,#12077,.T.);
#12077 = EDGE_CURVE('',#7107,#9085,#12078,.T.);
#12078 = LINE('',#12079,#12080);
#12079 = CARTESIAN_POINT('',(145.186433,-30.94795,-3.6E-02));
#12080 = VECTOR('',#12081,1.);
#12081 = DIRECTION('',(0.,0.,1.));
#12082 = ORIENTED_EDGE('',*,*,#9084,.F.);
#12083 = ORIENTED_EDGE('',*,*,#12077,.F.);
#12084 = CYLINDRICAL_SURFACE('',#12085,0.2);
#12085 = AXIS2_PLACEMENT_3D('',#12086,#12087,#12088);
#12086 = CARTESIAN_POINT('',(145.186433,-30.74795,-3.6E-02));
#12087 = DIRECTION('',(-0.,-0.,-1.));
#12088 = DIRECTION('',(-1.42108547152E-13,-1.,0.));
#12089 = ADVANCED_FACE('',(#12090),#12101,.F.);
#12090 = FACE_BOUND('',#12091,.T.);
#12091 = EDGE_LOOP('',(#12092,#12093,#12099,#12100));
#12092 = ORIENTED_EDGE('',*,*,#7117,.T.);
#12093 = ORIENTED_EDGE('',*,*,#12094,.T.);
#12094 = EDGE_CURVE('',#7118,#9096,#12095,.T.);
#12095 = LINE('',#12096,#12097);
#12096 = CARTESIAN_POINT('',(132.5,-30.2,-3.6E-02));
#12097 = VECTOR('',#12098,1.);
#12098 = DIRECTION('',(0.,0.,1.));
#12099 = ORIENTED_EDGE('',*,*,#9095,.F.);
#12100 = ORIENTED_EDGE('',*,*,#12094,.F.);
#12101 = CYLINDRICAL_SURFACE('',#12102,0.2);
#12102 = AXIS2_PLACEMENT_3D('',#12103,#12104,#12105);
#12103 = CARTESIAN_POINT('',(132.5,-30.,-3.6E-02));
#12104 = DIRECTION('',(-0.,-0.,-1.));
#12105 = DIRECTION('',(-0.,-1.,0.));
#12106 = ADVANCED_FACE('',(#12107),#12118,.F.);
#12107 = FACE_BOUND('',#12108,.T.);
#12108 = EDGE_LOOP('',(#12109,#12110,#12116,#12117));
#12109 = ORIENTED_EDGE('',*,*,#7128,.T.);
#12110 = ORIENTED_EDGE('',*,*,#12111,.T.);
#12111 = EDGE_CURVE('',#7129,#9107,#12112,.T.);
#12112 = LINE('',#12113,#12114);
#12113 = CARTESIAN_POINT('',(133.,-28.7,-3.6E-02));
#12114 = VECTOR('',#12115,1.);
#12115 = DIRECTION('',(0.,0.,1.));
#12116 = ORIENTED_EDGE('',*,*,#9106,.F.);
#12117 = ORIENTED_EDGE('',*,*,#12111,.F.);
#12118 = CYLINDRICAL_SURFACE('',#12119,0.2);
#12119 = AXIS2_PLACEMENT_3D('',#12120,#12121,#12122);
#12120 = CARTESIAN_POINT('',(133.,-28.5,-3.6E-02));
#12121 = DIRECTION('',(-0.,-0.,-1.));
#12122 = DIRECTION('',(-0.,-1.,0.));
#12123 = ADVANCED_FACE('',(#12124),#12135,.F.);
#12124 = FACE_BOUND('',#12125,.T.);
#12125 = EDGE_LOOP('',(#12126,#12127,#12133,#12134));
#12126 = ORIENTED_EDGE('',*,*,#7139,.T.);
#12127 = ORIENTED_EDGE('',*,*,#12128,.T.);
#12128 = EDGE_CURVE('',#7140,#9118,#12129,.T.);
#12129 = LINE('',#12130,#12131);
#12130 = CARTESIAN_POINT('',(133.,-27.2,-3.6E-02));
#12131 = VECTOR('',#12132,1.);
#12132 = DIRECTION('',(0.,0.,1.));
#12133 = ORIENTED_EDGE('',*,*,#9117,.F.);
#12134 = ORIENTED_EDGE('',*,*,#12128,.F.);
#12135 = CYLINDRICAL_SURFACE('',#12136,0.2);
#12136 = AXIS2_PLACEMENT_3D('',#12137,#12138,#12139);
#12137 = CARTESIAN_POINT('',(133.,-27.,-3.6E-02));
#12138 = DIRECTION('',(-0.,-0.,-1.));
#12139 = DIRECTION('',(-0.,-1.,0.));
#12140 = ADVANCED_FACE('',(#12141),#12152,.F.);
#12141 = FACE_BOUND('',#12142,.T.);
#12142 = EDGE_LOOP('',(#12143,#12144,#12150,#12151));
#12143 = ORIENTED_EDGE('',*,*,#7150,.T.);
#12144 = ORIENTED_EDGE('',*,*,#12145,.T.);
#12145 = EDGE_CURVE('',#7151,#9129,#12146,.T.);
#12146 = LINE('',#12147,#12148);
#12147 = CARTESIAN_POINT('',(133.,-25.7,-3.6E-02));
#12148 = VECTOR('',#12149,1.);
#12149 = DIRECTION('',(0.,0.,1.));
#12150 = ORIENTED_EDGE('',*,*,#9128,.F.);
#12151 = ORIENTED_EDGE('',*,*,#12145,.F.);
#12152 = CYLINDRICAL_SURFACE('',#12153,0.2);
#12153 = AXIS2_PLACEMENT_3D('',#12154,#12155,#12156);
#12154 = CARTESIAN_POINT('',(133.,-25.5,-3.6E-02));
#12155 = DIRECTION('',(-0.,-0.,-1.));
#12156 = DIRECTION('',(-0.,-1.,0.));
#12157 = ADVANCED_FACE('',(#12158),#12169,.F.);
#12158 = FACE_BOUND('',#12159,.T.);
#12159 = EDGE_LOOP('',(#12160,#12161,#12167,#12168));
#12160 = ORIENTED_EDGE('',*,*,#7161,.T.);
#12161 = ORIENTED_EDGE('',*,*,#12162,.T.);
#12162 = EDGE_CURVE('',#7162,#9140,#12163,.T.);
#12163 = LINE('',#12164,#12165);
#12164 = CARTESIAN_POINT('',(133.,-24.2,-3.6E-02));
#12165 = VECTOR('',#12166,1.);
#12166 = DIRECTION('',(0.,0.,1.));
#12167 = ORIENTED_EDGE('',*,*,#9139,.F.);
#12168 = ORIENTED_EDGE('',*,*,#12162,.F.);
#12169 = CYLINDRICAL_SURFACE('',#12170,0.2);
#12170 = AXIS2_PLACEMENT_3D('',#12171,#12172,#12173);
#12171 = CARTESIAN_POINT('',(133.,-24.,-3.6E-02));
#12172 = DIRECTION('',(-0.,-0.,-1.));
#12173 = DIRECTION('',(-0.,-1.,0.));
#12174 = ADVANCED_FACE('',(#12175),#12186,.F.);
#12175 = FACE_BOUND('',#12176,.T.);
#12176 = EDGE_LOOP('',(#12177,#12178,#12184,#12185));
#12177 = ORIENTED_EDGE('',*,*,#7172,.T.);
#12178 = ORIENTED_EDGE('',*,*,#12179,.T.);
#12179 = EDGE_CURVE('',#7173,#9151,#12180,.T.);
#12180 = LINE('',#12181,#12182);
#12181 = CARTESIAN_POINT('',(130.092476,-22.904067,-3.6E-02));
#12182 = VECTOR('',#12183,1.);
#12183 = DIRECTION('',(0.,0.,1.));
#12184 = ORIENTED_EDGE('',*,*,#9150,.F.);
#12185 = ORIENTED_EDGE('',*,*,#12179,.F.);
#12186 = CYLINDRICAL_SURFACE('',#12187,0.2);
#12187 = AXIS2_PLACEMENT_3D('',#12188,#12189,#12190);
#12188 = CARTESIAN_POINT('',(130.092476,-22.704067,-3.6E-02));
#12189 = DIRECTION('',(-0.,0.,-1.));
#12190 = DIRECTION('',(1.42108547152E-13,-1.,-0.));
#12191 = ADVANCED_FACE('',(#12192),#12203,.F.);
#12192 = FACE_BOUND('',#12193,.T.);
#12193 = EDGE_LOOP('',(#12194,#12195,#12201,#12202));
#12194 = ORIENTED_EDGE('',*,*,#7183,.T.);
#12195 = ORIENTED_EDGE('',*,*,#12196,.T.);
#12196 = EDGE_CURVE('',#7184,#9162,#12197,.T.);
#12197 = LINE('',#12198,#12199);
#12198 = CARTESIAN_POINT('',(130.303413,-21.49189,-3.6E-02));
#12199 = VECTOR('',#12200,1.);
#12200 = DIRECTION('',(0.,0.,1.));
#12201 = ORIENTED_EDGE('',*,*,#9161,.F.);
#12202 = ORIENTED_EDGE('',*,*,#12196,.F.);
#12203 = CYLINDRICAL_SURFACE('',#12204,0.2);
#12204 = AXIS2_PLACEMENT_3D('',#12205,#12206,#12207);
#12205 = CARTESIAN_POINT('',(130.303413,-21.29189,-3.6E-02));
#12206 = DIRECTION('',(-0.,0.,-1.));
#12207 = DIRECTION('',(1.42108547152E-13,-1.,-0.));
#12208 = ADVANCED_FACE('',(#12209),#12220,.F.);
#12209 = FACE_BOUND('',#12210,.T.);
#12210 = EDGE_LOOP('',(#12211,#12212,#12218,#12219));
#12211 = ORIENTED_EDGE('',*,*,#7194,.T.);
#12212 = ORIENTED_EDGE('',*,*,#12213,.T.);
#12213 = EDGE_CURVE('',#7195,#9173,#12214,.T.);
#12214 = LINE('',#12215,#12216);
#12215 = CARTESIAN_POINT('',(131.892104,-22.89112,-3.6E-02));
#12216 = VECTOR('',#12217,1.);
#12217 = DIRECTION('',(0.,0.,1.));
#12218 = ORIENTED_EDGE('',*,*,#9172,.F.);
#12219 = ORIENTED_EDGE('',*,*,#12213,.F.);
#12220 = CYLINDRICAL_SURFACE('',#12221,0.2);
#12221 = AXIS2_PLACEMENT_3D('',#12222,#12223,#12224);
#12222 = CARTESIAN_POINT('',(131.892104,-22.69112,-3.6E-02));
#12223 = DIRECTION('',(-0.,-0.,-1.));
#12224 = DIRECTION('',(-1.42108547152E-13,-1.,0.));
#12225 = ADVANCED_FACE('',(#12226),#12237,.F.);
#12226 = FACE_BOUND('',#12227,.T.);
#12227 = EDGE_LOOP('',(#12228,#12229,#12235,#12236));
#12228 = ORIENTED_EDGE('',*,*,#7205,.T.);
#12229 = ORIENTED_EDGE('',*,*,#12230,.T.);
#12230 = EDGE_CURVE('',#7206,#9184,#12231,.T.);
#12231 = LINE('',#12232,#12233);
#12232 = CARTESIAN_POINT('',(132.046089,-21.478688,-3.6E-02));
#12233 = VECTOR('',#12234,1.);
#12234 = DIRECTION('',(0.,0.,1.));
#12235 = ORIENTED_EDGE('',*,*,#9183,.F.);
#12236 = ORIENTED_EDGE('',*,*,#12230,.F.);
#12237 = CYLINDRICAL_SURFACE('',#12238,0.2);
#12238 = AXIS2_PLACEMENT_3D('',#12239,#12240,#12241);
#12239 = CARTESIAN_POINT('',(132.046089,-21.278688,-3.6E-02));
#12240 = DIRECTION('',(-0.,-0.,-1.));
#12241 = DIRECTION('',(-0.,-1.,0.));
#12242 = ADVANCED_FACE('',(#12243),#12254,.F.);
#12243 = FACE_BOUND('',#12244,.T.);
#12244 = EDGE_LOOP('',(#12245,#12246,#12252,#12253));
#12245 = ORIENTED_EDGE('',*,*,#7216,.T.);
#12246 = ORIENTED_EDGE('',*,*,#12247,.T.);
#12247 = EDGE_CURVE('',#7217,#9195,#12248,.T.);
#12248 = LINE('',#12249,#12250);
#12249 = CARTESIAN_POINT('',(134.,-23.2,-3.6E-02));
#12250 = VECTOR('',#12251,1.);
#12251 = DIRECTION('',(0.,0.,1.));
#12252 = ORIENTED_EDGE('',*,*,#9194,.F.);
#12253 = ORIENTED_EDGE('',*,*,#12247,.F.);
#12254 = CYLINDRICAL_SURFACE('',#12255,0.2);
#12255 = AXIS2_PLACEMENT_3D('',#12256,#12257,#12258);
#12256 = CARTESIAN_POINT('',(134.,-23.,-3.6E-02));
#12257 = DIRECTION('',(-0.,-0.,-1.));
#12258 = DIRECTION('',(-0.,-1.,0.));
#12259 = ADVANCED_FACE('',(#12260),#12271,.F.);
#12260 = FACE_BOUND('',#12261,.T.);
#12261 = EDGE_LOOP('',(#12262,#12263,#12269,#12270));
#12262 = ORIENTED_EDGE('',*,*,#7227,.T.);
#12263 = ORIENTED_EDGE('',*,*,#12264,.T.);
#12264 = EDGE_CURVE('',#7228,#9206,#12265,.T.);
#12265 = LINE('',#12266,#12267);
#12266 = CARTESIAN_POINT('',(133.74916,-21.478688,-3.6E-02));
#12267 = VECTOR('',#12268,1.);
#12268 = DIRECTION('',(0.,0.,1.));
#12269 = ORIENTED_EDGE('',*,*,#9205,.F.);
#12270 = ORIENTED_EDGE('',*,*,#12264,.F.);
#12271 = CYLINDRICAL_SURFACE('',#12272,0.2);
#12272 = AXIS2_PLACEMENT_3D('',#12273,#12274,#12275);
#12273 = CARTESIAN_POINT('',(133.74916,-21.278688,-3.6E-02));
#12274 = DIRECTION('',(-0.,-0.,-1.));
#12275 = DIRECTION('',(-1.42108547152E-13,-1.,0.));
#12276 = ADVANCED_FACE('',(#12277),#12288,.F.);
#12277 = FACE_BOUND('',#12278,.T.);
#12278 = EDGE_LOOP('',(#12279,#12280,#12286,#12287));
#12279 = ORIENTED_EDGE('',*,*,#7238,.T.);
#12280 = ORIENTED_EDGE('',*,*,#12281,.T.);
#12281 = EDGE_CURVE('',#7239,#9217,#12282,.T.);
#12282 = LINE('',#12283,#12284);
#12283 = CARTESIAN_POINT('',(137.260369,-20.586849,-3.6E-02));
#12284 = VECTOR('',#12285,1.);
#12285 = DIRECTION('',(0.,0.,1.));
#12286 = ORIENTED_EDGE('',*,*,#9216,.F.);
#12287 = ORIENTED_EDGE('',*,*,#12281,.F.);
#12288 = CYLINDRICAL_SURFACE('',#12289,0.2);
#12289 = AXIS2_PLACEMENT_3D('',#12290,#12291,#12292);
#12290 = CARTESIAN_POINT('',(137.260369,-20.386849,-3.6E-02));
#12291 = DIRECTION('',(-0.,-0.,-1.));
#12292 = DIRECTION('',(-0.,-1.,0.));
#12293 = ADVANCED_FACE('',(#12294),#12305,.F.);
#12294 = FACE_BOUND('',#12295,.T.);
#12295 = EDGE_LOOP('',(#12296,#12297,#12303,#12304));
#12296 = ORIENTED_EDGE('',*,*,#7249,.T.);
#12297 = ORIENTED_EDGE('',*,*,#12298,.T.);
#12298 = EDGE_CURVE('',#7250,#9228,#12299,.T.);
#12299 = LINE('',#12300,#12301);
#12300 = CARTESIAN_POINT('',(141.401812,-28.79,-4.6E-02));
#12301 = VECTOR('',#12302,1.);
#12302 = DIRECTION('',(0.,0.,1.));
#12303 = ORIENTED_EDGE('',*,*,#9227,.F.);
#12304 = ORIENTED_EDGE('',*,*,#12298,.F.);
#12305 = CYLINDRICAL_SURFACE('',#12306,0.65);
#12306 = AXIS2_PLACEMENT_3D('',#12307,#12308,#12309);
#12307 = CARTESIAN_POINT('',(141.401812,-28.14,-4.6E-02));
#12308 = DIRECTION('',(-0.,-0.,-1.));
#12309 = DIRECTION('',(-0.,-1.,0.));
#12310 = ADVANCED_FACE('',(#12311),#12322,.F.);
#12311 = FACE_BOUND('',#12312,.T.);
#12312 = EDGE_LOOP('',(#12313,#12314,#12320,#12321));
#12313 = ORIENTED_EDGE('',*,*,#7260,.T.);
#12314 = ORIENTED_EDGE('',*,*,#12315,.T.);
#12315 = EDGE_CURVE('',#7261,#9239,#12316,.T.);
#12316 = LINE('',#12317,#12318);
#12317 = CARTESIAN_POINT('',(143.951812,-29.89,-4.6E-02));
#12318 = VECTOR('',#12319,1.);
#12319 = DIRECTION('',(0.,0.,1.));
#12320 = ORIENTED_EDGE('',*,*,#9238,.F.);
#12321 = ORIENTED_EDGE('',*,*,#12315,.F.);
#12322 = CYLINDRICAL_SURFACE('',#12323,0.5);
#12323 = AXIS2_PLACEMENT_3D('',#12324,#12325,#12326);
#12324 = CARTESIAN_POINT('',(143.951812,-29.39,-4.6E-02));
#12325 = DIRECTION('',(-0.,-0.,-1.));
#12326 = DIRECTION('',(-0.,-1.,0.));
#12327 = ADVANCED_FACE('',(#12328),#12339,.F.);
#12328 = FACE_BOUND('',#12329,.T.);
#12329 = EDGE_LOOP('',(#12330,#12331,#12337,#12338));
#12330 = ORIENTED_EDGE('',*,*,#7271,.T.);
#12331 = ORIENTED_EDGE('',*,*,#12332,.T.);
#12332 = EDGE_CURVE('',#7272,#9250,#12333,.T.);
#12333 = LINE('',#12334,#12335);
#12334 = CARTESIAN_POINT('',(140.65,-26.3,-4.6E-02));
#12335 = VECTOR('',#12336,1.);
#12336 = DIRECTION('',(0.,0.,1.));
#12337 = ORIENTED_EDGE('',*,*,#9249,.F.);
#12338 = ORIENTED_EDGE('',*,*,#12332,.F.);
#12339 = CYLINDRICAL_SURFACE('',#12340,1.1);
#12340 = AXIS2_PLACEMENT_3D('',#12341,#12342,#12343);
#12341 = CARTESIAN_POINT('',(140.65,-25.2,-4.6E-02));
#12342 = DIRECTION('',(-0.,-0.,-1.));
#12343 = DIRECTION('',(-0.,-1.,0.));
#12344 = ADVANCED_FACE('',(#12345),#12356,.F.);
#12345 = FACE_BOUND('',#12346,.T.);
#12346 = EDGE_LOOP('',(#12347,#12348,#12354,#12355));
#12347 = ORIENTED_EDGE('',*,*,#7282,.T.);
#12348 = ORIENTED_EDGE('',*,*,#12349,.T.);
#12349 = EDGE_CURVE('',#7283,#9261,#12350,.T.);
#12350 = LINE('',#12351,#12352);
#12351 = CARTESIAN_POINT('',(137.85307,-22.305921,-3.6E-02));
#12352 = VECTOR('',#12353,1.);
#12353 = DIRECTION('',(0.,0.,1.));
#12354 = ORIENTED_EDGE('',*,*,#9260,.F.);
#12355 = ORIENTED_EDGE('',*,*,#12349,.F.);
#12356 = CYLINDRICAL_SURFACE('',#12357,0.2);
#12357 = AXIS2_PLACEMENT_3D('',#12358,#12359,#12360);
#12358 = CARTESIAN_POINT('',(137.85307,-22.105921,-3.6E-02));
#12359 = DIRECTION('',(-0.,-0.,-1.));
#12360 = DIRECTION('',(-0.,-1.,0.));
#12361 = ADVANCED_FACE('',(#12362),#12373,.F.);
#12362 = FACE_BOUND('',#12363,.T.);
#12363 = EDGE_LOOP('',(#12364,#12365,#12371,#12372));
#12364 = ORIENTED_EDGE('',*,*,#7293,.T.);
#12365 = ORIENTED_EDGE('',*,*,#12366,.T.);
#12366 = EDGE_CURVE('',#7294,#9272,#12367,.T.);
#12367 = LINE('',#12368,#12369);
#12368 = CARTESIAN_POINT('',(141.586795,-21.352629,-3.6E-02));
#12369 = VECTOR('',#12370,1.);
#12370 = DIRECTION('',(0.,0.,1.));
#12371 = ORIENTED_EDGE('',*,*,#9271,.F.);
#12372 = ORIENTED_EDGE('',*,*,#12366,.F.);
#12373 = CYLINDRICAL_SURFACE('',#12374,0.2);
#12374 = AXIS2_PLACEMENT_3D('',#12375,#12376,#12377);
#12375 = CARTESIAN_POINT('',(141.586795,-21.152629,-3.6E-02));
#12376 = DIRECTION('',(-0.,-0.,-1.));
#12377 = DIRECTION('',(-0.,-1.,0.));
#12378 = ADVANCED_FACE('',(#12379),#12390,.F.);
#12379 = FACE_BOUND('',#12380,.T.);
#12380 = EDGE_LOOP('',(#12381,#12382,#12388,#12389));
#12381 = ORIENTED_EDGE('',*,*,#7304,.T.);
#12382 = ORIENTED_EDGE('',*,*,#12383,.T.);
#12383 = EDGE_CURVE('',#7305,#9283,#12384,.T.);
#12384 = LINE('',#12385,#12386);
#12385 = CARTESIAN_POINT('',(143.378172,-20.887984,-3.6E-02));
#12386 = VECTOR('',#12387,1.);
#12387 = DIRECTION('',(0.,0.,1.));
#12388 = ORIENTED_EDGE('',*,*,#9282,.F.);
#12389 = ORIENTED_EDGE('',*,*,#12383,.F.);
#12390 = CYLINDRICAL_SURFACE('',#12391,0.2);
#12391 = AXIS2_PLACEMENT_3D('',#12392,#12393,#12394);
#12392 = CARTESIAN_POINT('',(143.378172,-20.687984,-3.6E-02));
#12393 = DIRECTION('',(-0.,-0.,-1.));
#12394 = DIRECTION('',(-0.,-1.,0.));
#12395 = ADVANCED_FACE('',(#12396),#12407,.F.);
#12396 = FACE_BOUND('',#12397,.T.);
#12397 = EDGE_LOOP('',(#12398,#12399,#12405,#12406));
#12398 = ORIENTED_EDGE('',*,*,#7315,.T.);
#12399 = ORIENTED_EDGE('',*,*,#12400,.T.);
#12400 = EDGE_CURVE('',#7316,#9294,#12401,.T.);
#12401 = LINE('',#12402,#12403);
#12402 = CARTESIAN_POINT('',(145.,-21.2,-3.6E-02));
#12403 = VECTOR('',#12404,1.);
#12404 = DIRECTION('',(0.,0.,1.));
#12405 = ORIENTED_EDGE('',*,*,#9293,.F.);
#12406 = ORIENTED_EDGE('',*,*,#12400,.F.);
#12407 = CYLINDRICAL_SURFACE('',#12408,0.2);
#12408 = AXIS2_PLACEMENT_3D('',#12409,#12410,#12411);
#12409 = CARTESIAN_POINT('',(145.,-21.,-3.6E-02));
#12410 = DIRECTION('',(-0.,-0.,-1.));
#12411 = DIRECTION('',(-0.,-1.,0.));
#12412 = ( GEOMETRIC_REPRESENTATION_CONTEXT(3) 
GLOBAL_UNCERTAINTY_ASSIGNED_CONTEXT((#12416)) 
GLOBAL_UNIT_ASSIGNED_CONTEXT((#12413,#12414,#12415)) 
REPRESENTATION_CONTEXT('Context #1',
  '3D Context with UNIT and UNCERTAINTY') );
#12413 = ( LENGTH_UNIT() NAMED_UNIT(*) SI_UNIT(.MILLI.,.METRE.) );
#12414 = ( NAMED_UNIT(*) PLANE_ANGLE_UNIT() SI_UNIT($,.RADIAN.) );
#12415 = ( NAMED_UNIT(*) SI_UNIT($,.STERADIAN.) SOLID_ANGLE_UNIT() );
#12416 = UNCERTAINTY_MEASURE_WITH_UNIT(LENGTH_MEASURE(1.E-07),#12413,
  'distance_accuracy_value','confusion accuracy');
#12417 = CONTEXT_DEPENDENT_SHAPE_REPRESENTATION(#12418,#12420);
#12418 = ( REPRESENTATION_RELATIONSHIP('','',#5243,#10) 
REPRESENTATION_RELATIONSHIP_WITH_TRANSFORMATION(#12419) 
SHAPE_REPRESENTATION_RELATIONSHIP() );
#12419 = ITEM_DEFINED_TRANSFORMATION('','',#11,#151);
#12420 = PRODUCT_DEFINITION_SHAPE('Placement','Placement of an item',
  #12421);
#12421 = NEXT_ASSEMBLY_USAGE_OCCURRENCE('40','=>[0:1:1:12]','',#5,#5238,
  $);
#12422 = PRODUCT_RELATED_PRODUCT_CATEGORY('part',$,(#5240));
#12423 = MECHANICAL_DESIGN_GEOMETRIC_PRESENTATION_REPRESENTATION('',(
    #12424),#12412);
#12424 = STYLED_ITEM('color',(#12425),#5244);
#12425 = PRESENTATION_STYLE_ASSIGNMENT((#12426));
#12426 = SURFACE_STYLE_USAGE(.BOTH.,#12427);
#12427 = SURFACE_SIDE_STYLE('',(#12428));
#12428 = SURFACE_STYLE_FILL_AREA(#12429);
#12429 = FILL_AREA_STYLE('',(#12430));
#12430 = FILL_AREA_STYLE_COLOUR('',#12431);
#12431 = COLOUR_RGB('',0.313304153717,0.484529207832,0.410020903123);
#12432 = MECHANICAL_DESIGN_GEOMETRIC_PRESENTATION_REPRESENTATION('',(
    #12433,#12441,#12448,#12455,#12462,#12469,#12476,#12483,#12490,
    #12497,#12504,#12511,#12518,#12525,#12532,#12539,#12546,#12554,
    #12561,#12568,#12575,#12582,#12589,#12596,#12603,#12610,#12617,
    #12624,#12631,#12638,#12645,#12652,#12659,#12666,#12673,#12680,
    #12687,#12694,#12701,#12708,#12715,#12722,#12729,#12736,#12743,
    #12750,#12757,#12764,#12771,#12778,#12785,#12792),#5210);
#12433 = STYLED_ITEM('color',(#12434),#3780);
#12434 = PRESENTATION_STYLE_ASSIGNMENT((#12435));
#12435 = SURFACE_STYLE_USAGE(.BOTH.,#12436);
#12436 = SURFACE_SIDE_STYLE('',(#12437));
#12437 = SURFACE_STYLE_FILL_AREA(#12438);
#12438 = FILL_AREA_STYLE('',(#12439));
#12439 = FILL_AREA_STYLE_COLOUR('',#12440);
#12440 = COLOUR_RGB('',0.147999998088,0.144999993226,0.144999993226);
#12441 = STYLED_ITEM('color',(#12442),#3820);
#12442 = PRESENTATION_STYLE_ASSIGNMENT((#12443));
#12443 = SURFACE_STYLE_USAGE(.BOTH.,#12444);
#12444 = SURFACE_SIDE_STYLE('',(#12445));
#12445 = SURFACE_STYLE_FILL_AREA(#12446);
#12446 = FILL_AREA_STYLE('',(#12447));
#12447 = FILL_AREA_STYLE_COLOUR('',#12440);
#12448 = STYLED_ITEM('color',(#12449),#3851);
#12449 = PRESENTATION_STYLE_ASSIGNMENT((#12450));
#12450 = SURFACE_STYLE_USAGE(.BOTH.,#12451);
#12451 = SURFACE_SIDE_STYLE('',(#12452));
#12452 = SURFACE_STYLE_FILL_AREA(#12453);
#12453 = FILL_AREA_STYLE('',(#12454));
#12454 = FILL_AREA_STYLE_COLOUR('',#12440);
#12455 = STYLED_ITEM('color',(#12456),#3882);
#12456 = PRESENTATION_STYLE_ASSIGNMENT((#12457));
#12457 = SURFACE_STYLE_USAGE(.BOTH.,#12458);
#12458 = SURFACE_SIDE_STYLE('',(#12459));
#12459 = SURFACE_STYLE_FILL_AREA(#12460);
#12460 = FILL_AREA_STYLE('',(#12461));
#12461 = FILL_AREA_STYLE_COLOUR('',#12440);
#12462 = STYLED_ITEM('color',(#12463),#4047);
#12463 = PRESENTATION_STYLE_ASSIGNMENT((#12464));
#12464 = SURFACE_STYLE_USAGE(.BOTH.,#12465);
#12465 = SURFACE_SIDE_STYLE('',(#12466));
#12466 = SURFACE_STYLE_FILL_AREA(#12467);
#12467 = FILL_AREA_STYLE('',(#12468));
#12468 = FILL_AREA_STYLE_COLOUR('',#12440);
#12469 = STYLED_ITEM('color',(#12470),#4212);
#12470 = PRESENTATION_STYLE_ASSIGNMENT((#12471));
#12471 = SURFACE_STYLE_USAGE(.BOTH.,#12472);
#12472 = SURFACE_SIDE_STYLE('',(#12473));
#12473 = SURFACE_STYLE_FILL_AREA(#12474);
#12474 = FILL_AREA_STYLE('',(#12475));
#12475 = FILL_AREA_STYLE_COLOUR('',#12440);
#12476 = STYLED_ITEM('color',(#12477),#4229);
#12477 = PRESENTATION_STYLE_ASSIGNMENT((#12478));
#12478 = SURFACE_STYLE_USAGE(.BOTH.,#12479);
#12479 = SURFACE_SIDE_STYLE('',(#12480));
#12480 = SURFACE_STYLE_FILL_AREA(#12481);
#12481 = FILL_AREA_STYLE('',(#12482));
#12482 = FILL_AREA_STYLE_COLOUR('',#12440);
#12483 = STYLED_ITEM('color',(#12484),#4246);
#12484 = PRESENTATION_STYLE_ASSIGNMENT((#12485));
#12485 = SURFACE_STYLE_USAGE(.BOTH.,#12486);
#12486 = SURFACE_SIDE_STYLE('',(#12487));
#12487 = SURFACE_STYLE_FILL_AREA(#12488);
#12488 = FILL_AREA_STYLE('',(#12489));
#12489 = FILL_AREA_STYLE_COLOUR('',#12440);
#12490 = STYLED_ITEM('color',(#12491),#4263);
#12491 = PRESENTATION_STYLE_ASSIGNMENT((#12492));
#12492 = SURFACE_STYLE_USAGE(.BOTH.,#12493);
#12493 = SURFACE_SIDE_STYLE('',(#12494));
#12494 = SURFACE_STYLE_FILL_AREA(#12495);
#12495 = FILL_AREA_STYLE('',(#12496));
#12496 = FILL_AREA_STYLE_COLOUR('',#12440);
#12497 = STYLED_ITEM('color',(#12498),#4280);
#12498 = PRESENTATION_STYLE_ASSIGNMENT((#12499));
#12499 = SURFACE_STYLE_USAGE(.BOTH.,#12500);
#12500 = SURFACE_SIDE_STYLE('',(#12501));
#12501 = SURFACE_STYLE_FILL_AREA(#12502);
#12502 = FILL_AREA_STYLE('',(#12503));
#12503 = FILL_AREA_STYLE_COLOUR('',#12440);
#12504 = STYLED_ITEM('color',(#12505),#4297);
#12505 = PRESENTATION_STYLE_ASSIGNMENT((#12506));
#12506 = SURFACE_STYLE_USAGE(.BOTH.,#12507);
#12507 = SURFACE_SIDE_STYLE('',(#12508));
#12508 = SURFACE_STYLE_FILL_AREA(#12509);
#12509 = FILL_AREA_STYLE('',(#12510));
#12510 = FILL_AREA_STYLE_COLOUR('',#12440);
#12511 = STYLED_ITEM('color',(#12512),#4314);
#12512 = PRESENTATION_STYLE_ASSIGNMENT((#12513));
#12513 = SURFACE_STYLE_USAGE(.BOTH.,#12514);
#12514 = SURFACE_SIDE_STYLE('',(#12515));
#12515 = SURFACE_STYLE_FILL_AREA(#12516);
#12516 = FILL_AREA_STYLE('',(#12517));
#12517 = FILL_AREA_STYLE_COLOUR('',#12440);
#12518 = STYLED_ITEM('color',(#12519),#4331);
#12519 = PRESENTATION_STYLE_ASSIGNMENT((#12520));
#12520 = SURFACE_STYLE_USAGE(.BOTH.,#12521);
#12521 = SURFACE_SIDE_STYLE('',(#12522));
#12522 = SURFACE_STYLE_FILL_AREA(#12523);
#12523 = FILL_AREA_STYLE('',(#12524));
#12524 = FILL_AREA_STYLE_COLOUR('',#12440);
#12525 = STYLED_ITEM('color',(#12526),#4348);
#12526 = PRESENTATION_STYLE_ASSIGNMENT((#12527));
#12527 = SURFACE_STYLE_USAGE(.BOTH.,#12528);
#12528 = SURFACE_SIDE_STYLE('',(#12529));
#12529 = SURFACE_STYLE_FILL_AREA(#12530);
#12530 = FILL_AREA_STYLE('',(#12531));
#12531 = FILL_AREA_STYLE_COLOUR('',#12440);
#12532 = STYLED_ITEM('color',(#12533),#4365);
#12533 = PRESENTATION_STYLE_ASSIGNMENT((#12534));
#12534 = SURFACE_STYLE_USAGE(.BOTH.,#12535);
#12535 = SURFACE_SIDE_STYLE('',(#12536));
#12536 = SURFACE_STYLE_FILL_AREA(#12537);
#12537 = FILL_AREA_STYLE('',(#12538));
#12538 = FILL_AREA_STYLE_COLOUR('',#12440);
#12539 = STYLED_ITEM('color',(#12540),#4382);
#12540 = PRESENTATION_STYLE_ASSIGNMENT((#12541));
#12541 = SURFACE_STYLE_USAGE(.BOTH.,#12542);
#12542 = SURFACE_SIDE_STYLE('',(#12543));
#12543 = SURFACE_STYLE_FILL_AREA(#12544);
#12544 = FILL_AREA_STYLE('',(#12545));
#12545 = FILL_AREA_STYLE_COLOUR('',#12440);
#12546 = STYLED_ITEM('color',(#12547),#4394);
#12547 = PRESENTATION_STYLE_ASSIGNMENT((#12548));
#12548 = SURFACE_STYLE_USAGE(.BOTH.,#12549);
#12549 = SURFACE_SIDE_STYLE('',(#12550));
#12550 = SURFACE_STYLE_FILL_AREA(#12551);
#12551 = FILL_AREA_STYLE('',(#12552));
#12552 = FILL_AREA_STYLE_COLOUR('',#12553);
#12553 = COLOUR_RGB('',0.859000020776,0.737999965183,0.495999988746);
#12554 = STYLED_ITEM('color',(#12555),#4425);
#12555 = PRESENTATION_STYLE_ASSIGNMENT((#12556));
#12556 = SURFACE_STYLE_USAGE(.BOTH.,#12557);
#12557 = SURFACE_SIDE_STYLE('',(#12558));
#12558 = SURFACE_STYLE_FILL_AREA(#12559);
#12559 = FILL_AREA_STYLE('',(#12560));
#12560 = FILL_AREA_STYLE_COLOUR('',#12553);
#12561 = STYLED_ITEM('color',(#12562),#4449);
#12562 = PRESENTATION_STYLE_ASSIGNMENT((#12563));
#12563 = SURFACE_STYLE_USAGE(.BOTH.,#12564);
#12564 = SURFACE_SIDE_STYLE('',(#12565));
#12565 = SURFACE_STYLE_FILL_AREA(#12566);
#12566 = FILL_AREA_STYLE('',(#12567));
#12567 = FILL_AREA_STYLE_COLOUR('',#12553);
#12568 = STYLED_ITEM('color',(#12569),#4473);
#12569 = PRESENTATION_STYLE_ASSIGNMENT((#12570));
#12570 = SURFACE_STYLE_USAGE(.BOTH.,#12571);
#12571 = SURFACE_SIDE_STYLE('',(#12572));
#12572 = SURFACE_STYLE_FILL_AREA(#12573);
#12573 = FILL_AREA_STYLE('',(#12574));
#12574 = FILL_AREA_STYLE_COLOUR('',#12553);
#12575 = STYLED_ITEM('color',(#12576),#4490);
#12576 = PRESENTATION_STYLE_ASSIGNMENT((#12577));
#12577 = SURFACE_STYLE_USAGE(.BOTH.,#12578);
#12578 = SURFACE_SIDE_STYLE('',(#12579));
#12579 = SURFACE_STYLE_FILL_AREA(#12580);
#12580 = FILL_AREA_STYLE('',(#12581));
#12581 = FILL_AREA_STYLE_COLOUR('',#12553);
#12582 = STYLED_ITEM('color',(#12583),#4521);
#12583 = PRESENTATION_STYLE_ASSIGNMENT((#12584));
#12584 = SURFACE_STYLE_USAGE(.BOTH.,#12585);
#12585 = SURFACE_SIDE_STYLE('',(#12586));
#12586 = SURFACE_STYLE_FILL_AREA(#12587);
#12587 = FILL_AREA_STYLE('',(#12588));
#12588 = FILL_AREA_STYLE_COLOUR('',#12553);
#12589 = STYLED_ITEM('color',(#12590),#4545);
#12590 = PRESENTATION_STYLE_ASSIGNMENT((#12591));
#12591 = SURFACE_STYLE_USAGE(.BOTH.,#12592);
#12592 = SURFACE_SIDE_STYLE('',(#12593));
#12593 = SURFACE_STYLE_FILL_AREA(#12594);
#12594 = FILL_AREA_STYLE('',(#12595));
#12595 = FILL_AREA_STYLE_COLOUR('',#12553);
#12596 = STYLED_ITEM('color',(#12597),#4569);
#12597 = PRESENTATION_STYLE_ASSIGNMENT((#12598));
#12598 = SURFACE_STYLE_USAGE(.BOTH.,#12599);
#12599 = SURFACE_SIDE_STYLE('',(#12600));
#12600 = SURFACE_STYLE_FILL_AREA(#12601);
#12601 = FILL_AREA_STYLE('',(#12602));
#12602 = FILL_AREA_STYLE_COLOUR('',#12553);
#12603 = STYLED_ITEM('color',(#12604),#4586);
#12604 = PRESENTATION_STYLE_ASSIGNMENT((#12605));
#12605 = SURFACE_STYLE_USAGE(.BOTH.,#12606);
#12606 = SURFACE_SIDE_STYLE('',(#12607));
#12607 = SURFACE_STYLE_FILL_AREA(#12608);
#12608 = FILL_AREA_STYLE('',(#12609));
#12609 = FILL_AREA_STYLE_COLOUR('',#12553);
#12610 = STYLED_ITEM('color',(#12611),#4617);
#12611 = PRESENTATION_STYLE_ASSIGNMENT((#12612));
#12612 = SURFACE_STYLE_USAGE(.BOTH.,#12613);
#12613 = SURFACE_SIDE_STYLE('',(#12614));
#12614 = SURFACE_STYLE_FILL_AREA(#12615);
#12615 = FILL_AREA_STYLE('',(#12616));
#12616 = FILL_AREA_STYLE_COLOUR('',#12553);
#12617 = STYLED_ITEM('color',(#12618),#4641);
#12618 = PRESENTATION_STYLE_ASSIGNMENT((#12619));
#12619 = SURFACE_STYLE_USAGE(.BOTH.,#12620);
#12620 = SURFACE_SIDE_STYLE('',(#12621));
#12621 = SURFACE_STYLE_FILL_AREA(#12622);
#12622 = FILL_AREA_STYLE('',(#12623));
#12623 = FILL_AREA_STYLE_COLOUR('',#12553);
#12624 = STYLED_ITEM('color',(#12625),#4665);
#12625 = PRESENTATION_STYLE_ASSIGNMENT((#12626));
#12626 = SURFACE_STYLE_USAGE(.BOTH.,#12627);
#12627 = SURFACE_SIDE_STYLE('',(#12628));
#12628 = SURFACE_STYLE_FILL_AREA(#12629);
#12629 = FILL_AREA_STYLE('',(#12630));
#12630 = FILL_AREA_STYLE_COLOUR('',#12553);
#12631 = STYLED_ITEM('color',(#12632),#4682);
#12632 = PRESENTATION_STYLE_ASSIGNMENT((#12633));
#12633 = SURFACE_STYLE_USAGE(.BOTH.,#12634);
#12634 = SURFACE_SIDE_STYLE('',(#12635));
#12635 = SURFACE_STYLE_FILL_AREA(#12636);
#12636 = FILL_AREA_STYLE('',(#12637));
#12637 = FILL_AREA_STYLE_COLOUR('',#12553);
#12638 = STYLED_ITEM('color',(#12639),#4713);
#12639 = PRESENTATION_STYLE_ASSIGNMENT((#12640));
#12640 = SURFACE_STYLE_USAGE(.BOTH.,#12641);
#12641 = SURFACE_SIDE_STYLE('',(#12642));
#12642 = SURFACE_STYLE_FILL_AREA(#12643);
#12643 = FILL_AREA_STYLE('',(#12644));
#12644 = FILL_AREA_STYLE_COLOUR('',#12553);
#12645 = STYLED_ITEM('color',(#12646),#4737);
#12646 = PRESENTATION_STYLE_ASSIGNMENT((#12647));
#12647 = SURFACE_STYLE_USAGE(.BOTH.,#12648);
#12648 = SURFACE_SIDE_STYLE('',(#12649));
#12649 = SURFACE_STYLE_FILL_AREA(#12650);
#12650 = FILL_AREA_STYLE('',(#12651));
#12651 = FILL_AREA_STYLE_COLOUR('',#12553);
#12652 = STYLED_ITEM('color',(#12653),#4761);
#12653 = PRESENTATION_STYLE_ASSIGNMENT((#12654));
#12654 = SURFACE_STYLE_USAGE(.BOTH.,#12655);
#12655 = SURFACE_SIDE_STYLE('',(#12656));
#12656 = SURFACE_STYLE_FILL_AREA(#12657);
#12657 = FILL_AREA_STYLE('',(#12658));
#12658 = FILL_AREA_STYLE_COLOUR('',#12553);
#12659 = STYLED_ITEM('color',(#12660),#4778);
#12660 = PRESENTATION_STYLE_ASSIGNMENT((#12661));
#12661 = SURFACE_STYLE_USAGE(.BOTH.,#12662);
#12662 = SURFACE_SIDE_STYLE('',(#12663));
#12663 = SURFACE_STYLE_FILL_AREA(#12664);
#12664 = FILL_AREA_STYLE('',(#12665));
#12665 = FILL_AREA_STYLE_COLOUR('',#12553);
#12666 = STYLED_ITEM('color',(#12667),#4809);
#12667 = PRESENTATION_STYLE_ASSIGNMENT((#12668));
#12668 = SURFACE_STYLE_USAGE(.BOTH.,#12669);
#12669 = SURFACE_SIDE_STYLE('',(#12670));
#12670 = SURFACE_STYLE_FILL_AREA(#12671);
#12671 = FILL_AREA_STYLE('',(#12672));
#12672 = FILL_AREA_STYLE_COLOUR('',#12553);
#12673 = STYLED_ITEM('color',(#12674),#4833);
#12674 = PRESENTATION_STYLE_ASSIGNMENT((#12675));
#12675 = SURFACE_STYLE_USAGE(.BOTH.,#12676);
#12676 = SURFACE_SIDE_STYLE('',(#12677));
#12677 = SURFACE_STYLE_FILL_AREA(#12678);
#12678 = FILL_AREA_STYLE('',(#12679));
#12679 = FILL_AREA_STYLE_COLOUR('',#12553);
#12680 = STYLED_ITEM('color',(#12681),#4857);
#12681 = PRESENTATION_STYLE_ASSIGNMENT((#12682));
#12682 = SURFACE_STYLE_USAGE(.BOTH.,#12683);
#12683 = SURFACE_SIDE_STYLE('',(#12684));
#12684 = SURFACE_STYLE_FILL_AREA(#12685);
#12685 = FILL_AREA_STYLE('',(#12686));
#12686 = FILL_AREA_STYLE_COLOUR('',#12553);
#12687 = STYLED_ITEM('color',(#12688),#4874);
#12688 = PRESENTATION_STYLE_ASSIGNMENT((#12689));
#12689 = SURFACE_STYLE_USAGE(.BOTH.,#12690);
#12690 = SURFACE_SIDE_STYLE('',(#12691));
#12691 = SURFACE_STYLE_FILL_AREA(#12692);
#12692 = FILL_AREA_STYLE('',(#12693));
#12693 = FILL_AREA_STYLE_COLOUR('',#12553);
#12694 = STYLED_ITEM('color',(#12695),#4905);
#12695 = PRESENTATION_STYLE_ASSIGNMENT((#12696));
#12696 = SURFACE_STYLE_USAGE(.BOTH.,#12697);
#12697 = SURFACE_SIDE_STYLE('',(#12698));
#12698 = SURFACE_STYLE_FILL_AREA(#12699);
#12699 = FILL_AREA_STYLE('',(#12700));
#12700 = FILL_AREA_STYLE_COLOUR('',#12553);
#12701 = STYLED_ITEM('color',(#12702),#4929);
#12702 = PRESENTATION_STYLE_ASSIGNMENT((#12703));
#12703 = SURFACE_STYLE_USAGE(.BOTH.,#12704);
#12704 = SURFACE_SIDE_STYLE('',(#12705));
#12705 = SURFACE_STYLE_FILL_AREA(#12706);
#12706 = FILL_AREA_STYLE('',(#12707));
#12707 = FILL_AREA_STYLE_COLOUR('',#12553);
#12708 = STYLED_ITEM('color',(#12709),#4953);
#12709 = PRESENTATION_STYLE_ASSIGNMENT((#12710));
#12710 = SURFACE_STYLE_USAGE(.BOTH.,#12711);
#12711 = SURFACE_SIDE_STYLE('',(#12712));
#12712 = SURFACE_STYLE_FILL_AREA(#12713);
#12713 = FILL_AREA_STYLE('',(#12714));
#12714 = FILL_AREA_STYLE_COLOUR('',#12553);
#12715 = STYLED_ITEM('color',(#12716),#4970);
#12716 = PRESENTATION_STYLE_ASSIGNMENT((#12717));
#12717 = SURFACE_STYLE_USAGE(.BOTH.,#12718);
#12718 = SURFACE_SIDE_STYLE('',(#12719));
#12719 = SURFACE_STYLE_FILL_AREA(#12720);
#12720 = FILL_AREA_STYLE('',(#12721));
#12721 = FILL_AREA_STYLE_COLOUR('',#12553);
#12722 = STYLED_ITEM('color',(#12723),#5001);
#12723 = PRESENTATION_STYLE_ASSIGNMENT((#12724));
#12724 = SURFACE_STYLE_USAGE(.BOTH.,#12725);
#12725 = SURFACE_SIDE_STYLE('',(#12726));
#12726 = SURFACE_STYLE_FILL_AREA(#12727);
#12727 = FILL_AREA_STYLE('',(#12728));
#12728 = FILL_AREA_STYLE_COLOUR('',#12553);
#12729 = STYLED_ITEM('color',(#12730),#5025);
#12730 = PRESENTATION_STYLE_ASSIGNMENT((#12731));
#12731 = SURFACE_STYLE_USAGE(.BOTH.,#12732);
#12732 = SURFACE_SIDE_STYLE('',(#12733));
#12733 = SURFACE_STYLE_FILL_AREA(#12734);
#12734 = FILL_AREA_STYLE('',(#12735));
#12735 = FILL_AREA_STYLE_COLOUR('',#12553);
#12736 = STYLED_ITEM('color',(#12737),#5049);
#12737 = PRESENTATION_STYLE_ASSIGNMENT((#12738));
#12738 = SURFACE_STYLE_USAGE(.BOTH.,#12739);
#12739 = SURFACE_SIDE_STYLE('',(#12740));
#12740 = SURFACE_STYLE_FILL_AREA(#12741);
#12741 = FILL_AREA_STYLE('',(#12742));
#12742 = FILL_AREA_STYLE_COLOUR('',#12553);
#12743 = STYLED_ITEM('color',(#12744),#5066);
#12744 = PRESENTATION_STYLE_ASSIGNMENT((#12745));
#12745 = SURFACE_STYLE_USAGE(.BOTH.,#12746);
#12746 = SURFACE_SIDE_STYLE('',(#12747));
#12747 = SURFACE_STYLE_FILL_AREA(#12748);
#12748 = FILL_AREA_STYLE('',(#12749));
#12749 = FILL_AREA_STYLE_COLOUR('',#12553);
#12750 = STYLED_ITEM('color',(#12751),#5097);
#12751 = PRESENTATION_STYLE_ASSIGNMENT((#12752));
#12752 = SURFACE_STYLE_USAGE(.BOTH.,#12753);
#12753 = SURFACE_SIDE_STYLE('',(#12754));
#12754 = SURFACE_STYLE_FILL_AREA(#12755);
#12755 = FILL_AREA_STYLE('',(#12756));
#12756 = FILL_AREA_STYLE_COLOUR('',#12553);
#12757 = STYLED_ITEM('color',(#12758),#5121);
#12758 = PRESENTATION_STYLE_ASSIGNMENT((#12759));
#12759 = SURFACE_STYLE_USAGE(.BOTH.,#12760);
#12760 = SURFACE_SIDE_STYLE('',(#12761));
#12761 = SURFACE_STYLE_FILL_AREA(#12762);
#12762 = FILL_AREA_STYLE('',(#12763));
#12763 = FILL_AREA_STYLE_COLOUR('',#12553);
#12764 = STYLED_ITEM('color',(#12765),#5145);
#12765 = PRESENTATION_STYLE_ASSIGNMENT((#12766));
#12766 = SURFACE_STYLE_USAGE(.BOTH.,#12767);
#12767 = SURFACE_SIDE_STYLE('',(#12768));
#12768 = SURFACE_STYLE_FILL_AREA(#12769);
#12769 = FILL_AREA_STYLE('',(#12770));
#12770 = FILL_AREA_STYLE_COLOUR('',#12553);
#12771 = STYLED_ITEM('color',(#12772),#5162);
#12772 = PRESENTATION_STYLE_ASSIGNMENT((#12773));
#12773 = SURFACE_STYLE_USAGE(.BOTH.,#12774);
#12774 = SURFACE_SIDE_STYLE('',(#12775));
#12775 = SURFACE_STYLE_FILL_AREA(#12776);
#12776 = FILL_AREA_STYLE('',(#12777));
#12777 = FILL_AREA_STYLE_COLOUR('',#12553);
#12778 = STYLED_ITEM('color',(#12779),#5174);
#12779 = PRESENTATION_STYLE_ASSIGNMENT((#12780));
#12780 = SURFACE_STYLE_USAGE(.BOTH.,#12781);
#12781 = SURFACE_SIDE_STYLE('',(#12782));
#12782 = SURFACE_STYLE_FILL_AREA(#12783);
#12783 = FILL_AREA_STYLE('',(#12784));
#12784 = FILL_AREA_STYLE_COLOUR('',#12553);
#12785 = STYLED_ITEM('color',(#12786),#5186);
#12786 = PRESENTATION_STYLE_ASSIGNMENT((#12787));
#12787 = SURFACE_STYLE_USAGE(.BOTH.,#12788);
#12788 = SURFACE_SIDE_STYLE('',(#12789));
#12789 = SURFACE_STYLE_FILL_AREA(#12790);
#12790 = FILL_AREA_STYLE('',(#12791));
#12791 = FILL_AREA_STYLE_COLOUR('',#12553);
#12792 = STYLED_ITEM('color',(#12793),#5198);
#12793 = PRESENTATION_STYLE_ASSIGNMENT((#12794));
#12794 = SURFACE_STYLE_USAGE(.BOTH.,#12795);
#12795 = SURFACE_SIDE_STYLE('',(#12796));
#12796 = SURFACE_STYLE_FILL_AREA(#12797);
#12797 = FILL_AREA_STYLE('',(#12798));
#12798 = FILL_AREA_STYLE_COLOUR('',#12553);
#12799 = MECHANICAL_DESIGN_GEOMETRIC_PRESENTATION_REPRESENTATION('',(
    #12800,#12808,#12815,#12822,#12829,#12836,#12843,#12850,#12858,
    #12865,#12872,#12879,#12886,#12893,#12901,#12908,#12915,#12922,
    #12929,#12936,#12943,#12950,#12957,#12964,#12971,#12978),#3716);
#12800 = STYLED_ITEM('color',(#12801),#2928);
#12801 = PRESENTATION_STYLE_ASSIGNMENT((#12802));
#12802 = SURFACE_STYLE_USAGE(.BOTH.,#12803);
#12803 = SURFACE_SIDE_STYLE('',(#12804));
#12804 = SURFACE_STYLE_FILL_AREA(#12805);
#12805 = FILL_AREA_STYLE('',(#12806));
#12806 = FILL_AREA_STYLE_COLOUR('',#12807);
#12807 = COLOUR_RGB('',0.823999987314,0.819999987296,0.781000009244);
#12808 = STYLED_ITEM('color',(#12809),#2968);
#12809 = PRESENTATION_STYLE_ASSIGNMENT((#12810));
#12810 = SURFACE_STYLE_USAGE(.BOTH.,#12811);
#12811 = SURFACE_SIDE_STYLE('',(#12812));
#12812 = SURFACE_STYLE_FILL_AREA(#12813);
#12813 = FILL_AREA_STYLE('',(#12814));
#12814 = FILL_AREA_STYLE_COLOUR('',#12807);
#12815 = STYLED_ITEM('color',(#12816),#3051);
#12816 = PRESENTATION_STYLE_ASSIGNMENT((#12817));
#12817 = SURFACE_STYLE_USAGE(.BOTH.,#12818);
#12818 = SURFACE_SIDE_STYLE('',(#12819));
#12819 = SURFACE_STYLE_FILL_AREA(#12820);
#12820 = FILL_AREA_STYLE('',(#12821));
#12821 = FILL_AREA_STYLE_COLOUR('',#12807);
#12822 = STYLED_ITEM('color',(#12823),#3076);
#12823 = PRESENTATION_STYLE_ASSIGNMENT((#12824));
#12824 = SURFACE_STYLE_USAGE(.BOTH.,#12825);
#12825 = SURFACE_SIDE_STYLE('',(#12826));
#12826 = SURFACE_STYLE_FILL_AREA(#12827);
#12827 = FILL_AREA_STYLE('',(#12828));
#12828 = FILL_AREA_STYLE_COLOUR('',#12807);
#12829 = STYLED_ITEM('color',(#12830),#3101);
#12830 = PRESENTATION_STYLE_ASSIGNMENT((#12831));
#12831 = SURFACE_STYLE_USAGE(.BOTH.,#12832);
#12832 = SURFACE_SIDE_STYLE('',(#12833));
#12833 = SURFACE_STYLE_FILL_AREA(#12834);
#12834 = FILL_AREA_STYLE('',(#12835));
#12835 = FILL_AREA_STYLE_COLOUR('',#12807);
#12836 = STYLED_ITEM('color',(#12837),#3168);
#12837 = PRESENTATION_STYLE_ASSIGNMENT((#12838));
#12838 = SURFACE_STYLE_USAGE(.BOTH.,#12839);
#12839 = SURFACE_SIDE_STYLE('',(#12840));
#12840 = SURFACE_STYLE_FILL_AREA(#12841);
#12841 = FILL_AREA_STYLE('',(#12842));
#12842 = FILL_AREA_STYLE_COLOUR('',#12807);
#12843 = STYLED_ITEM('color',(#12844),#3185);
#12844 = PRESENTATION_STYLE_ASSIGNMENT((#12845));
#12845 = SURFACE_STYLE_USAGE(.BOTH.,#12846);
#12846 = SURFACE_SIDE_STYLE('',(#12847));
#12847 = SURFACE_STYLE_FILL_AREA(#12848);
#12848 = FILL_AREA_STYLE('',(#12849));
#12849 = FILL_AREA_STYLE_COLOUR('',#12807);
#12850 = STYLED_ITEM('color',(#12851),#3202);
#12851 = PRESENTATION_STYLE_ASSIGNMENT((#12852));
#12852 = SURFACE_STYLE_USAGE(.BOTH.,#12853);
#12853 = SURFACE_SIDE_STYLE('',(#12854));
#12854 = SURFACE_STYLE_FILL_AREA(#12855);
#12855 = FILL_AREA_STYLE('',(#12856));
#12856 = FILL_AREA_STYLE_COLOUR('',#12857);
#12857 = COLOUR_RGB('',0.894999966383,0.890999961016,0.813000030345);
#12858 = STYLED_ITEM('color',(#12859),#3251);
#12859 = PRESENTATION_STYLE_ASSIGNMENT((#12860));
#12860 = SURFACE_STYLE_USAGE(.BOTH.,#12861);
#12861 = SURFACE_SIDE_STYLE('',(#12862));
#12862 = SURFACE_STYLE_FILL_AREA(#12863);
#12863 = FILL_AREA_STYLE('',(#12864));
#12864 = FILL_AREA_STYLE_COLOUR('',#12807);
#12865 = STYLED_ITEM('color',(#12866),#3268);
#12866 = PRESENTATION_STYLE_ASSIGNMENT((#12867));
#12867 = SURFACE_STYLE_USAGE(.BOTH.,#12868);
#12868 = SURFACE_SIDE_STYLE('',(#12869));
#12869 = SURFACE_STYLE_FILL_AREA(#12870);
#12870 = FILL_AREA_STYLE('',(#12871));
#12871 = FILL_AREA_STYLE_COLOUR('',#12807);
#12872 = STYLED_ITEM('color',(#12873),#3285);
#12873 = PRESENTATION_STYLE_ASSIGNMENT((#12874));
#12874 = SURFACE_STYLE_USAGE(.BOTH.,#12875);
#12875 = SURFACE_SIDE_STYLE('',(#12876));
#12876 = SURFACE_STYLE_FILL_AREA(#12877);
#12877 = FILL_AREA_STYLE('',(#12878));
#12878 = FILL_AREA_STYLE_COLOUR('',#12857);
#12879 = STYLED_ITEM('color',(#12880),#3334);
#12880 = PRESENTATION_STYLE_ASSIGNMENT((#12881));
#12881 = SURFACE_STYLE_USAGE(.BOTH.,#12882);
#12882 = SURFACE_SIDE_STYLE('',(#12883));
#12883 = SURFACE_STYLE_FILL_AREA(#12884);
#12884 = FILL_AREA_STYLE('',(#12885));
#12885 = FILL_AREA_STYLE_COLOUR('',#12857);
#12886 = STYLED_ITEM('color',(#12887),#3351);
#12887 = PRESENTATION_STYLE_ASSIGNMENT((#12888));
#12888 = SURFACE_STYLE_USAGE(.BOTH.,#12889);
#12889 = SURFACE_SIDE_STYLE('',(#12890));
#12890 = SURFACE_STYLE_FILL_AREA(#12891);
#12891 = FILL_AREA_STYLE('',(#12892));
#12892 = FILL_AREA_STYLE_COLOUR('',#12807);
#12893 = STYLED_ITEM('color',(#12894),#3420);
#12894 = PRESENTATION_STYLE_ASSIGNMENT((#12895));
#12895 = SURFACE_STYLE_USAGE(.BOTH.,#12896);
#12896 = SURFACE_SIDE_STYLE('',(#12897));
#12897 = SURFACE_STYLE_FILL_AREA(#12898);
#12898 = FILL_AREA_STYLE('',(#12899));
#12899 = FILL_AREA_STYLE_COLOUR('',#12900);
#12900 = COLOUR_RGB('',8.200000279077E-02,8.600000121357E-02,
  9.399999706163E-02);
#12901 = STYLED_ITEM('color',(#12902),#3451);
#12902 = PRESENTATION_STYLE_ASSIGNMENT((#12903));
#12903 = SURFACE_STYLE_USAGE(.BOTH.,#12904);
#12904 = SURFACE_SIDE_STYLE('',(#12905));
#12905 = SURFACE_STYLE_FILL_AREA(#12906);
#12906 = FILL_AREA_STYLE('',(#12907));
#12907 = FILL_AREA_STYLE_COLOUR('',#12900);
#12908 = STYLED_ITEM('color',(#12909),#3475);
#12909 = PRESENTATION_STYLE_ASSIGNMENT((#12910));
#12910 = SURFACE_STYLE_USAGE(.BOTH.,#12911);
#12911 = SURFACE_SIDE_STYLE('',(#12912));
#12912 = SURFACE_STYLE_FILL_AREA(#12913);
#12913 = FILL_AREA_STYLE('',(#12914));
#12914 = FILL_AREA_STYLE_COLOUR('',#12807);
#12915 = STYLED_ITEM('color',(#12916),#3544);
#12916 = PRESENTATION_STYLE_ASSIGNMENT((#12917));
#12917 = SURFACE_STYLE_USAGE(.BOTH.,#12918);
#12918 = SURFACE_SIDE_STYLE('',(#12919));
#12919 = SURFACE_STYLE_FILL_AREA(#12920);
#12920 = FILL_AREA_STYLE('',(#12921));
#12921 = FILL_AREA_STYLE_COLOUR('',#12900);
#12922 = STYLED_ITEM('color',(#12923),#3568);
#12923 = PRESENTATION_STYLE_ASSIGNMENT((#12924));
#12924 = SURFACE_STYLE_USAGE(.BOTH.,#12925);
#12925 = SURFACE_SIDE_STYLE('',(#12926));
#12926 = SURFACE_STYLE_FILL_AREA(#12927);
#12927 = FILL_AREA_STYLE('',(#12928));
#12928 = FILL_AREA_STYLE_COLOUR('',#12807);
#12929 = STYLED_ITEM('color',(#12930),#3585);
#12930 = PRESENTATION_STYLE_ASSIGNMENT((#12931));
#12931 = SURFACE_STYLE_USAGE(.BOTH.,#12932);
#12932 = SURFACE_SIDE_STYLE('',(#12933));
#12933 = SURFACE_STYLE_FILL_AREA(#12934);
#12934 = FILL_AREA_STYLE('',(#12935));
#12935 = FILL_AREA_STYLE_COLOUR('',#12807);
#12936 = STYLED_ITEM('color',(#12937),#3602);
#12937 = PRESENTATION_STYLE_ASSIGNMENT((#12938));
#12938 = SURFACE_STYLE_USAGE(.BOTH.,#12939);
#12939 = SURFACE_SIDE_STYLE('',(#12940));
#12940 = SURFACE_STYLE_FILL_AREA(#12941);
#12941 = FILL_AREA_STYLE('',(#12942));
#12942 = FILL_AREA_STYLE_COLOUR('',#12807);
#12943 = STYLED_ITEM('color',(#12944),#3619);
#12944 = PRESENTATION_STYLE_ASSIGNMENT((#12945));
#12945 = SURFACE_STYLE_USAGE(.BOTH.,#12946);
#12946 = SURFACE_SIDE_STYLE('',(#12947));
#12947 = SURFACE_STYLE_FILL_AREA(#12948);
#12948 = FILL_AREA_STYLE('',(#12949));
#12949 = FILL_AREA_STYLE_COLOUR('',#12807);
#12950 = STYLED_ITEM('color',(#12951),#3636);
#12951 = PRESENTATION_STYLE_ASSIGNMENT((#12952));
#12952 = SURFACE_STYLE_USAGE(.BOTH.,#12953);
#12953 = SURFACE_SIDE_STYLE('',(#12954));
#12954 = SURFACE_STYLE_FILL_AREA(#12955);
#12955 = FILL_AREA_STYLE('',(#12956));
#12956 = FILL_AREA_STYLE_COLOUR('',#12807);
#12957 = STYLED_ITEM('color',(#12958),#3653);
#12958 = PRESENTATION_STYLE_ASSIGNMENT((#12959));
#12959 = SURFACE_STYLE_USAGE(.BOTH.,#12960);
#12960 = SURFACE_SIDE_STYLE('',(#12961));
#12961 = SURFACE_STYLE_FILL_AREA(#12962);
#12962 = FILL_AREA_STYLE('',(#12963));
#12963 = FILL_AREA_STYLE_COLOUR('',#12807);
#12964 = STYLED_ITEM('color',(#12965),#3670);
#12965 = PRESENTATION_STYLE_ASSIGNMENT((#12966));
#12966 = SURFACE_STYLE_USAGE(.BOTH.,#12967);
#12967 = SURFACE_SIDE_STYLE('',(#12968));
#12968 = SURFACE_STYLE_FILL_AREA(#12969);
#12969 = FILL_AREA_STYLE('',(#12970));
#12970 = FILL_AREA_STYLE_COLOUR('',#12807);
#12971 = STYLED_ITEM('color',(#12972),#3687);
#12972 = PRESENTATION_STYLE_ASSIGNMENT((#12973));
#12973 = SURFACE_STYLE_USAGE(.BOTH.,#12974);
#12974 = SURFACE_SIDE_STYLE('',(#12975));
#12975 = SURFACE_STYLE_FILL_AREA(#12976);
#12976 = FILL_AREA_STYLE('',(#12977));
#12977 = FILL_AREA_STYLE_COLOUR('',#12900);
#12978 = STYLED_ITEM('color',(#12979),#3704);
#12979 = PRESENTATION_STYLE_ASSIGNMENT((#12980));
#12980 = SURFACE_STYLE_USAGE(.BOTH.,#12981);
#12981 = SURFACE_SIDE_STYLE('',(#12982));
#12982 = SURFACE_STYLE_FILL_AREA(#12983);
#12983 = FILL_AREA_STYLE('',(#12984));
#12984 = FILL_AREA_STYLE_COLOUR('',#12900);
#12985 = MECHANICAL_DESIGN_GEOMETRIC_PRESENTATION_REPRESENTATION('',(
    #12986,#12993,#13000,#13007,#13014,#13021,#13028,#13035,#13042,
    #13049,#13056,#13063,#13070,#13077,#13084,#13091,#13098,#13105,
    #13112,#13119,#13126,#13133,#13140,#13147,#13154,#13161),#2789);
#12986 = STYLED_ITEM('color',(#12987),#2001);
#12987 = PRESENTATION_STYLE_ASSIGNMENT((#12988));
#12988 = SURFACE_STYLE_USAGE(.BOTH.,#12989);
#12989 = SURFACE_SIDE_STYLE('',(#12990));
#12990 = SURFACE_STYLE_FILL_AREA(#12991);
#12991 = FILL_AREA_STYLE('',(#12992));
#12992 = FILL_AREA_STYLE_COLOUR('',#12807);
#12993 = STYLED_ITEM('color',(#12994),#2041);
#12994 = PRESENTATION_STYLE_ASSIGNMENT((#12995));
#12995 = SURFACE_STYLE_USAGE(.BOTH.,#12996);
#12996 = SURFACE_SIDE_STYLE('',(#12997));
#12997 = SURFACE_STYLE_FILL_AREA(#12998);
#12998 = FILL_AREA_STYLE('',(#12999));
#12999 = FILL_AREA_STYLE_COLOUR('',#12807);
#13000 = STYLED_ITEM('color',(#13001),#2124);
#13001 = PRESENTATION_STYLE_ASSIGNMENT((#13002));
#13002 = SURFACE_STYLE_USAGE(.BOTH.,#13003);
#13003 = SURFACE_SIDE_STYLE('',(#13004));
#13004 = SURFACE_STYLE_FILL_AREA(#13005);
#13005 = FILL_AREA_STYLE('',(#13006));
#13006 = FILL_AREA_STYLE_COLOUR('',#12807);
#13007 = STYLED_ITEM('color',(#13008),#2149);
#13008 = PRESENTATION_STYLE_ASSIGNMENT((#13009));
#13009 = SURFACE_STYLE_USAGE(.BOTH.,#13010);
#13010 = SURFACE_SIDE_STYLE('',(#13011));
#13011 = SURFACE_STYLE_FILL_AREA(#13012);
#13012 = FILL_AREA_STYLE('',(#13013));
#13013 = FILL_AREA_STYLE_COLOUR('',#12807);
#13014 = STYLED_ITEM('color',(#13015),#2174);
#13015 = PRESENTATION_STYLE_ASSIGNMENT((#13016));
#13016 = SURFACE_STYLE_USAGE(.BOTH.,#13017);
#13017 = SURFACE_SIDE_STYLE('',(#13018));
#13018 = SURFACE_STYLE_FILL_AREA(#13019);
#13019 = FILL_AREA_STYLE('',(#13020));
#13020 = FILL_AREA_STYLE_COLOUR('',#12807);
#13021 = STYLED_ITEM('color',(#13022),#2241);
#13022 = PRESENTATION_STYLE_ASSIGNMENT((#13023));
#13023 = SURFACE_STYLE_USAGE(.BOTH.,#13024);
#13024 = SURFACE_SIDE_STYLE('',(#13025));
#13025 = SURFACE_STYLE_FILL_AREA(#13026);
#13026 = FILL_AREA_STYLE('',(#13027));
#13027 = FILL_AREA_STYLE_COLOUR('',#12807);
#13028 = STYLED_ITEM('color',(#13029),#2258);
#13029 = PRESENTATION_STYLE_ASSIGNMENT((#13030));
#13030 = SURFACE_STYLE_USAGE(.BOTH.,#13031);
#13031 = SURFACE_SIDE_STYLE('',(#13032));
#13032 = SURFACE_STYLE_FILL_AREA(#13033);
#13033 = FILL_AREA_STYLE('',(#13034));
#13034 = FILL_AREA_STYLE_COLOUR('',#12807);
#13035 = STYLED_ITEM('color',(#13036),#2275);
#13036 = PRESENTATION_STYLE_ASSIGNMENT((#13037));
#13037 = SURFACE_STYLE_USAGE(.BOTH.,#13038);
#13038 = SURFACE_SIDE_STYLE('',(#13039));
#13039 = SURFACE_STYLE_FILL_AREA(#13040);
#13040 = FILL_AREA_STYLE('',(#13041));
#13041 = FILL_AREA_STYLE_COLOUR('',#12857);
#13042 = STYLED_ITEM('color',(#13043),#2324);
#13043 = PRESENTATION_STYLE_ASSIGNMENT((#13044));
#13044 = SURFACE_STYLE_USAGE(.BOTH.,#13045);
#13045 = SURFACE_SIDE_STYLE('',(#13046));
#13046 = SURFACE_STYLE_FILL_AREA(#13047);
#13047 = FILL_AREA_STYLE('',(#13048));
#13048 = FILL_AREA_STYLE_COLOUR('',#12807);
#13049 = STYLED_ITEM('color',(#13050),#2341);
#13050 = PRESENTATION_STYLE_ASSIGNMENT((#13051));
#13051 = SURFACE_STYLE_USAGE(.BOTH.,#13052);
#13052 = SURFACE_SIDE_STYLE('',(#13053));
#13053 = SURFACE_STYLE_FILL_AREA(#13054);
#13054 = FILL_AREA_STYLE('',(#13055));
#13055 = FILL_AREA_STYLE_COLOUR('',#12807);
#13056 = STYLED_ITEM('color',(#13057),#2358);
#13057 = PRESENTATION_STYLE_ASSIGNMENT((#13058));
#13058 = SURFACE_STYLE_USAGE(.BOTH.,#13059);
#13059 = SURFACE_SIDE_STYLE('',(#13060));
#13060 = SURFACE_STYLE_FILL_AREA(#13061);
#13061 = FILL_AREA_STYLE('',(#13062));
#13062 = FILL_AREA_STYLE_COLOUR('',#12857);
#13063 = STYLED_ITEM('color',(#13064),#2407);
#13064 = PRESENTATION_STYLE_ASSIGNMENT((#13065));
#13065 = SURFACE_STYLE_USAGE(.BOTH.,#13066);
#13066 = SURFACE_SIDE_STYLE('',(#13067));
#13067 = SURFACE_STYLE_FILL_AREA(#13068);
#13068 = FILL_AREA_STYLE('',(#13069));
#13069 = FILL_AREA_STYLE_COLOUR('',#12857);
#13070 = STYLED_ITEM('color',(#13071),#2424);
#13071 = PRESENTATION_STYLE_ASSIGNMENT((#13072));
#13072 = SURFACE_STYLE_USAGE(.BOTH.,#13073);
#13073 = SURFACE_SIDE_STYLE('',(#13074));
#13074 = SURFACE_STYLE_FILL_AREA(#13075);
#13075 = FILL_AREA_STYLE('',(#13076));
#13076 = FILL_AREA_STYLE_COLOUR('',#12807);
#13077 = STYLED_ITEM('color',(#13078),#2493);
#13078 = PRESENTATION_STYLE_ASSIGNMENT((#13079));
#13079 = SURFACE_STYLE_USAGE(.BOTH.,#13080);
#13080 = SURFACE_SIDE_STYLE('',(#13081));
#13081 = SURFACE_STYLE_FILL_AREA(#13082);
#13082 = FILL_AREA_STYLE('',(#13083));
#13083 = FILL_AREA_STYLE_COLOUR('',#12900);
#13084 = STYLED_ITEM('color',(#13085),#2524);
#13085 = PRESENTATION_STYLE_ASSIGNMENT((#13086));
#13086 = SURFACE_STYLE_USAGE(.BOTH.,#13087);
#13087 = SURFACE_SIDE_STYLE('',(#13088));
#13088 = SURFACE_STYLE_FILL_AREA(#13089);
#13089 = FILL_AREA_STYLE('',(#13090));
#13090 = FILL_AREA_STYLE_COLOUR('',#12900);
#13091 = STYLED_ITEM('color',(#13092),#2548);
#13092 = PRESENTATION_STYLE_ASSIGNMENT((#13093));
#13093 = SURFACE_STYLE_USAGE(.BOTH.,#13094);
#13094 = SURFACE_SIDE_STYLE('',(#13095));
#13095 = SURFACE_STYLE_FILL_AREA(#13096);
#13096 = FILL_AREA_STYLE('',(#13097));
#13097 = FILL_AREA_STYLE_COLOUR('',#12807);
#13098 = STYLED_ITEM('color',(#13099),#2617);
#13099 = PRESENTATION_STYLE_ASSIGNMENT((#13100));
#13100 = SURFACE_STYLE_USAGE(.BOTH.,#13101);
#13101 = SURFACE_SIDE_STYLE('',(#13102));
#13102 = SURFACE_STYLE_FILL_AREA(#13103);
#13103 = FILL_AREA_STYLE('',(#13104));
#13104 = FILL_AREA_STYLE_COLOUR('',#12900);
#13105 = STYLED_ITEM('color',(#13106),#2641);
#13106 = PRESENTATION_STYLE_ASSIGNMENT((#13107));
#13107 = SURFACE_STYLE_USAGE(.BOTH.,#13108);
#13108 = SURFACE_SIDE_STYLE('',(#13109));
#13109 = SURFACE_STYLE_FILL_AREA(#13110);
#13110 = FILL_AREA_STYLE('',(#13111));
#13111 = FILL_AREA_STYLE_COLOUR('',#12807);
#13112 = STYLED_ITEM('color',(#13113),#2658);
#13113 = PRESENTATION_STYLE_ASSIGNMENT((#13114));
#13114 = SURFACE_STYLE_USAGE(.BOTH.,#13115);
#13115 = SURFACE_SIDE_STYLE('',(#13116));
#13116 = SURFACE_STYLE_FILL_AREA(#13117);
#13117 = FILL_AREA_STYLE('',(#13118));
#13118 = FILL_AREA_STYLE_COLOUR('',#12807);
#13119 = STYLED_ITEM('color',(#13120),#2675);
#13120 = PRESENTATION_STYLE_ASSIGNMENT((#13121));
#13121 = SURFACE_STYLE_USAGE(.BOTH.,#13122);
#13122 = SURFACE_SIDE_STYLE('',(#13123));
#13123 = SURFACE_STYLE_FILL_AREA(#13124);
#13124 = FILL_AREA_STYLE('',(#13125));
#13125 = FILL_AREA_STYLE_COLOUR('',#12807);
#13126 = STYLED_ITEM('color',(#13127),#2692);
#13127 = PRESENTATION_STYLE_ASSIGNMENT((#13128));
#13128 = SURFACE_STYLE_USAGE(.BOTH.,#13129);
#13129 = SURFACE_SIDE_STYLE('',(#13130));
#13130 = SURFACE_STYLE_FILL_AREA(#13131);
#13131 = FILL_AREA_STYLE('',(#13132));
#13132 = FILL_AREA_STYLE_COLOUR('',#12807);
#13133 = STYLED_ITEM('color',(#13134),#2709);
#13134 = PRESENTATION_STYLE_ASSIGNMENT((#13135));
#13135 = SURFACE_STYLE_USAGE(.BOTH.,#13136);
#13136 = SURFACE_SIDE_STYLE('',(#13137));
#13137 = SURFACE_STYLE_FILL_AREA(#13138);
#13138 = FILL_AREA_STYLE('',(#13139));
#13139 = FILL_AREA_STYLE_COLOUR('',#12807);
#13140 = STYLED_ITEM('color',(#13141),#2726);
#13141 = PRESENTATION_STYLE_ASSIGNMENT((#13142));
#13142 = SURFACE_STYLE_USAGE(.BOTH.,#13143);
#13143 = SURFACE_SIDE_STYLE('',(#13144));
#13144 = SURFACE_STYLE_FILL_AREA(#13145);
#13145 = FILL_AREA_STYLE('',(#13146));
#13146 = FILL_AREA_STYLE_COLOUR('',#12807);
#13147 = STYLED_ITEM('color',(#13148),#2743);
#13148 = PRESENTATION_STYLE_ASSIGNMENT((#13149));
#13149 = SURFACE_STYLE_USAGE(.BOTH.,#13150);
#13150 = SURFACE_SIDE_STYLE('',(#13151));
#13151 = SURFACE_STYLE_FILL_AREA(#13152);
#13152 = FILL_AREA_STYLE('',(#13153));
#13153 = FILL_AREA_STYLE_COLOUR('',#12807);
#13154 = STYLED_ITEM('color',(#13155),#2760);
#13155 = PRESENTATION_STYLE_ASSIGNMENT((#13156));
#13156 = SURFACE_STYLE_USAGE(.BOTH.,#13157);
#13157 = SURFACE_SIDE_STYLE('',(#13158));
#13158 = SURFACE_STYLE_FILL_AREA(#13159);
#13159 = FILL_AREA_STYLE('',(#13160));
#13160 = FILL_AREA_STYLE_COLOUR('',#12900);
#13161 = STYLED_ITEM('color',(#13162),#2777);
#13162 = PRESENTATION_STYLE_ASSIGNMENT((#13163));
#13163 = SURFACE_STYLE_USAGE(.BOTH.,#13164);
#13164 = SURFACE_SIDE_STYLE('',(#13165));
#13165 = SURFACE_STYLE_FILL_AREA(#13166);
#13166 = FILL_AREA_STYLE('',(#13167));
#13167 = FILL_AREA_STYLE_COLOUR('',#12900);
#13168 = MECHANICAL_DESIGN_GEOMETRIC_PRESENTATION_REPRESENTATION('',(
    #13169,#13176,#13183,#13190,#13197,#13204,#13211,#13218,#13225,
    #13232,#13239,#13247,#13254,#13261,#13268,#13275,#13282,#13289,
    #13296,#13303,#13310,#13317,#13324,#13331,#13338,#13345,#13352,
    #13359),#1952);
#13169 = STYLED_ITEM('color',(#13170),#1100);
#13170 = PRESENTATION_STYLE_ASSIGNMENT((#13171));
#13171 = SURFACE_STYLE_USAGE(.BOTH.,#13172);
#13172 = SURFACE_SIDE_STYLE('',(#13173));
#13173 = SURFACE_STYLE_FILL_AREA(#13174);
#13174 = FILL_AREA_STYLE('',(#13175));
#13175 = FILL_AREA_STYLE_COLOUR('',#12807);
#13176 = STYLED_ITEM('color',(#13177),#1176);
#13177 = PRESENTATION_STYLE_ASSIGNMENT((#13178));
#13178 = SURFACE_STYLE_USAGE(.BOTH.,#13179);
#13179 = SURFACE_SIDE_STYLE('',(#13180));
#13180 = SURFACE_STYLE_FILL_AREA(#13181);
#13181 = FILL_AREA_STYLE('',(#13182));
#13182 = FILL_AREA_STYLE_COLOUR('',#12807);
#13183 = STYLED_ITEM('color',(#13184),#1207);
#13184 = PRESENTATION_STYLE_ASSIGNMENT((#13185));
#13185 = SURFACE_STYLE_USAGE(.BOTH.,#13186);
#13186 = SURFACE_SIDE_STYLE('',(#13187));
#13187 = SURFACE_STYLE_FILL_AREA(#13188);
#13188 = FILL_AREA_STYLE('',(#13189));
#13189 = FILL_AREA_STYLE_COLOUR('',#12807);
#13190 = STYLED_ITEM('color',(#13191),#1232);
#13191 = PRESENTATION_STYLE_ASSIGNMENT((#13192));
#13192 = SURFACE_STYLE_USAGE(.BOTH.,#13193);
#13193 = SURFACE_SIDE_STYLE('',(#13194));
#13194 = SURFACE_STYLE_FILL_AREA(#13195);
#13195 = FILL_AREA_STYLE('',(#13196));
#13196 = FILL_AREA_STYLE_COLOUR('',#12807);
#13197 = STYLED_ITEM('color',(#13198),#1257);
#13198 = PRESENTATION_STYLE_ASSIGNMENT((#13199));
#13199 = SURFACE_STYLE_USAGE(.BOTH.,#13200);
#13200 = SURFACE_SIDE_STYLE('',(#13201));
#13201 = SURFACE_STYLE_FILL_AREA(#13202);
#13202 = FILL_AREA_STYLE('',(#13203));
#13203 = FILL_AREA_STYLE_COLOUR('',#12807);
#13204 = STYLED_ITEM('color',(#13205),#1281);
#13205 = PRESENTATION_STYLE_ASSIGNMENT((#13206));
#13206 = SURFACE_STYLE_USAGE(.BOTH.,#13207);
#13207 = SURFACE_SIDE_STYLE('',(#13208));
#13208 = SURFACE_STYLE_FILL_AREA(#13209);
#13209 = FILL_AREA_STYLE('',(#13210));
#13210 = FILL_AREA_STYLE_COLOUR('',#12807);
#13211 = STYLED_ITEM('color',(#13212),#1305);
#13212 = PRESENTATION_STYLE_ASSIGNMENT((#13213));
#13213 = SURFACE_STYLE_USAGE(.BOTH.,#13214);
#13214 = SURFACE_SIDE_STYLE('',(#13215));
#13215 = SURFACE_STYLE_FILL_AREA(#13216);
#13216 = FILL_AREA_STYLE('',(#13217));
#13217 = FILL_AREA_STYLE_COLOUR('',#12807);
#13218 = STYLED_ITEM('color',(#13219),#1330);
#13219 = PRESENTATION_STYLE_ASSIGNMENT((#13220));
#13220 = SURFACE_STYLE_USAGE(.BOTH.,#13221);
#13221 = SURFACE_SIDE_STYLE('',(#13222));
#13222 = SURFACE_STYLE_FILL_AREA(#13223);
#13223 = FILL_AREA_STYLE('',(#13224));
#13224 = FILL_AREA_STYLE_COLOUR('',#12807);
#13225 = STYLED_ITEM('color',(#13226),#1355);
#13226 = PRESENTATION_STYLE_ASSIGNMENT((#13227));
#13227 = SURFACE_STYLE_USAGE(.BOTH.,#13228);
#13228 = SURFACE_SIDE_STYLE('',(#13229));
#13229 = SURFACE_STYLE_FILL_AREA(#13230);
#13230 = FILL_AREA_STYLE('',(#13231));
#13231 = FILL_AREA_STYLE_COLOUR('',#12807);
#13232 = STYLED_ITEM('color',(#13233),#1372);
#13233 = PRESENTATION_STYLE_ASSIGNMENT((#13234));
#13234 = SURFACE_STYLE_USAGE(.BOTH.,#13235);
#13235 = SURFACE_SIDE_STYLE('',(#13236));
#13236 = SURFACE_STYLE_FILL_AREA(#13237);
#13237 = FILL_AREA_STYLE('',(#13238));
#13238 = FILL_AREA_STYLE_COLOUR('',#12807);
#13239 = STYLED_ITEM('color',(#13240),#1458);
#13240 = PRESENTATION_STYLE_ASSIGNMENT((#13241));
#13241 = SURFACE_STYLE_USAGE(.BOTH.,#13242);
#13242 = SURFACE_SIDE_STYLE('',(#13243));
#13243 = SURFACE_STYLE_FILL_AREA(#13244);
#13244 = FILL_AREA_STYLE('',(#13245));
#13245 = FILL_AREA_STYLE_COLOUR('',#13246);
#13246 = COLOUR_RGB('',0.379000005575,0.270000008848,0.214999999939);
#13247 = STYLED_ITEM('color',(#13248),#1490);
#13248 = PRESENTATION_STYLE_ASSIGNMENT((#13249));
#13249 = SURFACE_STYLE_USAGE(.BOTH.,#13250);
#13250 = SURFACE_SIDE_STYLE('',(#13251));
#13251 = SURFACE_STYLE_FILL_AREA(#13252);
#13252 = FILL_AREA_STYLE('',(#13253));
#13253 = FILL_AREA_STYLE_COLOUR('',#13246);
#13254 = STYLED_ITEM('color',(#13255),#1514);
#13255 = PRESENTATION_STYLE_ASSIGNMENT((#13256));
#13256 = SURFACE_STYLE_USAGE(.BOTH.,#13257);
#13257 = SURFACE_SIDE_STYLE('',(#13258));
#13258 = SURFACE_STYLE_FILL_AREA(#13259);
#13259 = FILL_AREA_STYLE('',(#13260));
#13260 = FILL_AREA_STYLE_COLOUR('',#13246);
#13261 = STYLED_ITEM('color',(#13262),#1539);
#13262 = PRESENTATION_STYLE_ASSIGNMENT((#13263));
#13263 = SURFACE_STYLE_USAGE(.BOTH.,#13264);
#13264 = SURFACE_SIDE_STYLE('',(#13265));
#13265 = SURFACE_STYLE_FILL_AREA(#13266);
#13266 = FILL_AREA_STYLE('',(#13267));
#13267 = FILL_AREA_STYLE_COLOUR('',#13246);
#13268 = STYLED_ITEM('color',(#13269),#1563);
#13269 = PRESENTATION_STYLE_ASSIGNMENT((#13270));
#13270 = SURFACE_STYLE_USAGE(.BOTH.,#13271);
#13271 = SURFACE_SIDE_STYLE('',(#13272));
#13272 = SURFACE_STYLE_FILL_AREA(#13273);
#13273 = FILL_AREA_STYLE('',(#13274));
#13274 = FILL_AREA_STYLE_COLOUR('',#13246);
#13275 = STYLED_ITEM('color',(#13276),#1588);
#13276 = PRESENTATION_STYLE_ASSIGNMENT((#13277));
#13277 = SURFACE_STYLE_USAGE(.BOTH.,#13278);
#13278 = SURFACE_SIDE_STYLE('',(#13279));
#13279 = SURFACE_STYLE_FILL_AREA(#13280);
#13280 = FILL_AREA_STYLE('',(#13281));
#13281 = FILL_AREA_STYLE_COLOUR('',#13246);
#13282 = STYLED_ITEM('color',(#13283),#1612);
#13283 = PRESENTATION_STYLE_ASSIGNMENT((#13284));
#13284 = SURFACE_STYLE_USAGE(.BOTH.,#13285);
#13285 = SURFACE_SIDE_STYLE('',(#13286));
#13286 = SURFACE_STYLE_FILL_AREA(#13287);
#13287 = FILL_AREA_STYLE('',(#13288));
#13288 = FILL_AREA_STYLE_COLOUR('',#13246);
#13289 = STYLED_ITEM('color',(#13290),#1637);
#13290 = PRESENTATION_STYLE_ASSIGNMENT((#13291));
#13291 = SURFACE_STYLE_USAGE(.BOTH.,#13292);
#13292 = SURFACE_SIDE_STYLE('',(#13293));
#13293 = SURFACE_STYLE_FILL_AREA(#13294);
#13294 = FILL_AREA_STYLE('',(#13295));
#13295 = FILL_AREA_STYLE_COLOUR('',#13246);
#13296 = STYLED_ITEM('color',(#13297),#1654);
#13297 = PRESENTATION_STYLE_ASSIGNMENT((#13298));
#13298 = SURFACE_STYLE_USAGE(.BOTH.,#13299);
#13299 = SURFACE_SIDE_STYLE('',(#13300));
#13300 = SURFACE_STYLE_FILL_AREA(#13301);
#13301 = FILL_AREA_STYLE('',(#13302));
#13302 = FILL_AREA_STYLE_COLOUR('',#12807);
#13303 = STYLED_ITEM('color',(#13304),#1740);
#13304 = PRESENTATION_STYLE_ASSIGNMENT((#13305));
#13305 = SURFACE_STYLE_USAGE(.BOTH.,#13306);
#13306 = SURFACE_SIDE_STYLE('',(#13307));
#13307 = SURFACE_STYLE_FILL_AREA(#13308);
#13308 = FILL_AREA_STYLE('',(#13309));
#13309 = FILL_AREA_STYLE_COLOUR('',#12807);
#13310 = STYLED_ITEM('color',(#13311),#1771);
#13311 = PRESENTATION_STYLE_ASSIGNMENT((#13312));
#13312 = SURFACE_STYLE_USAGE(.BOTH.,#13313);
#13313 = SURFACE_SIDE_STYLE('',(#13314));
#13314 = SURFACE_STYLE_FILL_AREA(#13315);
#13315 = FILL_AREA_STYLE('',(#13316));
#13316 = FILL_AREA_STYLE_COLOUR('',#12807);
#13317 = STYLED_ITEM('color',(#13318),#1796);
#13318 = PRESENTATION_STYLE_ASSIGNMENT((#13319));
#13319 = SURFACE_STYLE_USAGE(.BOTH.,#13320);
#13320 = SURFACE_SIDE_STYLE('',(#13321));
#13321 = SURFACE_STYLE_FILL_AREA(#13322);
#13322 = FILL_AREA_STYLE('',(#13323));
#13323 = FILL_AREA_STYLE_COLOUR('',#12807);
#13324 = STYLED_ITEM('color',(#13325),#1821);
#13325 = PRESENTATION_STYLE_ASSIGNMENT((#13326));
#13326 = SURFACE_STYLE_USAGE(.BOTH.,#13327);
#13327 = SURFACE_SIDE_STYLE('',(#13328));
#13328 = SURFACE_STYLE_FILL_AREA(#13329);
#13329 = FILL_AREA_STYLE('',(#13330));
#13330 = FILL_AREA_STYLE_COLOUR('',#12807);
#13331 = STYLED_ITEM('color',(#13332),#1845);
#13332 = PRESENTATION_STYLE_ASSIGNMENT((#13333));
#13333 = SURFACE_STYLE_USAGE(.BOTH.,#13334);
#13334 = SURFACE_SIDE_STYLE('',(#13335));
#13335 = SURFACE_STYLE_FILL_AREA(#13336);
#13336 = FILL_AREA_STYLE('',(#13337));
#13337 = FILL_AREA_STYLE_COLOUR('',#12807);
#13338 = STYLED_ITEM('color',(#13339),#1869);
#13339 = PRESENTATION_STYLE_ASSIGNMENT((#13340));
#13340 = SURFACE_STYLE_USAGE(.BOTH.,#13341);
#13341 = SURFACE_SIDE_STYLE('',(#13342));
#13342 = SURFACE_STYLE_FILL_AREA(#13343);
#13343 = FILL_AREA_STYLE('',(#13344));
#13344 = FILL_AREA_STYLE_COLOUR('',#12807);
#13345 = STYLED_ITEM('color',(#13346),#1894);
#13346 = PRESENTATION_STYLE_ASSIGNMENT((#13347));
#13347 = SURFACE_STYLE_USAGE(.BOTH.,#13348);
#13348 = SURFACE_SIDE_STYLE('',(#13349));
#13349 = SURFACE_STYLE_FILL_AREA(#13350);
#13350 = FILL_AREA_STYLE('',(#13351));
#13351 = FILL_AREA_STYLE_COLOUR('',#12807);
#13352 = STYLED_ITEM('color',(#13353),#1919);
#13353 = PRESENTATION_STYLE_ASSIGNMENT((#13354));
#13354 = SURFACE_STYLE_USAGE(.BOTH.,#13355);
#13355 = SURFACE_SIDE_STYLE('',(#13356));
#13356 = SURFACE_STYLE_FILL_AREA(#13357);
#13357 = FILL_AREA_STYLE('',(#13358));
#13358 = FILL_AREA_STYLE_COLOUR('',#12807);
#13359 = STYLED_ITEM('color',(#13360),#1936);
#13360 = PRESENTATION_STYLE_ASSIGNMENT((#13361));
#13361 = SURFACE_STYLE_USAGE(.BOTH.,#13362);
#13362 = SURFACE_SIDE_STYLE('',(#13363));
#13363 = SURFACE_STYLE_FILL_AREA(#13364);
#13364 = FILL_AREA_STYLE('',(#13365));
#13365 = FILL_AREA_STYLE_COLOUR('',#12807);
#13366 = MECHANICAL_DESIGN_GEOMETRIC_PRESENTATION_REPRESENTATION('',(
    #13367,#13374,#13381,#13388,#13395,#13402,#13409,#13416,#13423,
    #13430,#13437,#13444,#13451,#13458,#13465,#13472,#13479,#13486,
    #13493,#13500,#13507,#13514,#13521,#13528,#13535,#13542,#13549,
    #13556),#1046);
#13367 = STYLED_ITEM('color',(#13368),#194);
#13368 = PRESENTATION_STYLE_ASSIGNMENT((#13369));
#13369 = SURFACE_STYLE_USAGE(.BOTH.,#13370);
#13370 = SURFACE_SIDE_STYLE('',(#13371));
#13371 = SURFACE_STYLE_FILL_AREA(#13372);
#13372 = FILL_AREA_STYLE('',(#13373));
#13373 = FILL_AREA_STYLE_COLOUR('',#12807);
#13374 = STYLED_ITEM('color',(#13375),#270);
#13375 = PRESENTATION_STYLE_ASSIGNMENT((#13376));
#13376 = SURFACE_STYLE_USAGE(.BOTH.,#13377);
#13377 = SURFACE_SIDE_STYLE('',(#13378));
#13378 = SURFACE_STYLE_FILL_AREA(#13379);
#13379 = FILL_AREA_STYLE('',(#13380));
#13380 = FILL_AREA_STYLE_COLOUR('',#12807);
#13381 = STYLED_ITEM('color',(#13382),#301);
#13382 = PRESENTATION_STYLE_ASSIGNMENT((#13383));
#13383 = SURFACE_STYLE_USAGE(.BOTH.,#13384);
#13384 = SURFACE_SIDE_STYLE('',(#13385));
#13385 = SURFACE_STYLE_FILL_AREA(#13386);
#13386 = FILL_AREA_STYLE('',(#13387));
#13387 = FILL_AREA_STYLE_COLOUR('',#12807);
#13388 = STYLED_ITEM('color',(#13389),#326);
#13389 = PRESENTATION_STYLE_ASSIGNMENT((#13390));
#13390 = SURFACE_STYLE_USAGE(.BOTH.,#13391);
#13391 = SURFACE_SIDE_STYLE('',(#13392));
#13392 = SURFACE_STYLE_FILL_AREA(#13393);
#13393 = FILL_AREA_STYLE('',(#13394));
#13394 = FILL_AREA_STYLE_COLOUR('',#12807);
#13395 = STYLED_ITEM('color',(#13396),#351);
#13396 = PRESENTATION_STYLE_ASSIGNMENT((#13397));
#13397 = SURFACE_STYLE_USAGE(.BOTH.,#13398);
#13398 = SURFACE_SIDE_STYLE('',(#13399));
#13399 = SURFACE_STYLE_FILL_AREA(#13400);
#13400 = FILL_AREA_STYLE('',(#13401));
#13401 = FILL_AREA_STYLE_COLOUR('',#12807);
#13402 = STYLED_ITEM('color',(#13403),#375);
#13403 = PRESENTATION_STYLE_ASSIGNMENT((#13404));
#13404 = SURFACE_STYLE_USAGE(.BOTH.,#13405);
#13405 = SURFACE_SIDE_STYLE('',(#13406));
#13406 = SURFACE_STYLE_FILL_AREA(#13407);
#13407 = FILL_AREA_STYLE('',(#13408));
#13408 = FILL_AREA_STYLE_COLOUR('',#12807);
#13409 = STYLED_ITEM('color',(#13410),#399);
#13410 = PRESENTATION_STYLE_ASSIGNMENT((#13411));
#13411 = SURFACE_STYLE_USAGE(.BOTH.,#13412);
#13412 = SURFACE_SIDE_STYLE('',(#13413));
#13413 = SURFACE_STYLE_FILL_AREA(#13414);
#13414 = FILL_AREA_STYLE('',(#13415));
#13415 = FILL_AREA_STYLE_COLOUR('',#12807);
#13416 = STYLED_ITEM('color',(#13417),#424);
#13417 = PRESENTATION_STYLE_ASSIGNMENT((#13418));
#13418 = SURFACE_STYLE_USAGE(.BOTH.,#13419);
#13419 = SURFACE_SIDE_STYLE('',(#13420));
#13420 = SURFACE_STYLE_FILL_AREA(#13421);
#13421 = FILL_AREA_STYLE('',(#13422));
#13422 = FILL_AREA_STYLE_COLOUR('',#12807);
#13423 = STYLED_ITEM('color',(#13424),#449);
#13424 = PRESENTATION_STYLE_ASSIGNMENT((#13425));
#13425 = SURFACE_STYLE_USAGE(.BOTH.,#13426);
#13426 = SURFACE_SIDE_STYLE('',(#13427));
#13427 = SURFACE_STYLE_FILL_AREA(#13428);
#13428 = FILL_AREA_STYLE('',(#13429));
#13429 = FILL_AREA_STYLE_COLOUR('',#12807);
#13430 = STYLED_ITEM('color',(#13431),#466);
#13431 = PRESENTATION_STYLE_ASSIGNMENT((#13432));
#13432 = SURFACE_STYLE_USAGE(.BOTH.,#13433);
#13433 = SURFACE_SIDE_STYLE('',(#13434));
#13434 = SURFACE_STYLE_FILL_AREA(#13435);
#13435 = FILL_AREA_STYLE('',(#13436));
#13436 = FILL_AREA_STYLE_COLOUR('',#12807);
#13437 = STYLED_ITEM('color',(#13438),#552);
#13438 = PRESENTATION_STYLE_ASSIGNMENT((#13439));
#13439 = SURFACE_STYLE_USAGE(.BOTH.,#13440);
#13440 = SURFACE_SIDE_STYLE('',(#13441));
#13441 = SURFACE_STYLE_FILL_AREA(#13442);
#13442 = FILL_AREA_STYLE('',(#13443));
#13443 = FILL_AREA_STYLE_COLOUR('',#13246);
#13444 = STYLED_ITEM('color',(#13445),#584);
#13445 = PRESENTATION_STYLE_ASSIGNMENT((#13446));
#13446 = SURFACE_STYLE_USAGE(.BOTH.,#13447);
#13447 = SURFACE_SIDE_STYLE('',(#13448));
#13448 = SURFACE_STYLE_FILL_AREA(#13449);
#13449 = FILL_AREA_STYLE('',(#13450));
#13450 = FILL_AREA_STYLE_COLOUR('',#13246);
#13451 = STYLED_ITEM('color',(#13452),#608);
#13452 = PRESENTATION_STYLE_ASSIGNMENT((#13453));
#13453 = SURFACE_STYLE_USAGE(.BOTH.,#13454);
#13454 = SURFACE_SIDE_STYLE('',(#13455));
#13455 = SURFACE_STYLE_FILL_AREA(#13456);
#13456 = FILL_AREA_STYLE('',(#13457));
#13457 = FILL_AREA_STYLE_COLOUR('',#13246);
#13458 = STYLED_ITEM('color',(#13459),#633);
#13459 = PRESENTATION_STYLE_ASSIGNMENT((#13460));
#13460 = SURFACE_STYLE_USAGE(.BOTH.,#13461);
#13461 = SURFACE_SIDE_STYLE('',(#13462));
#13462 = SURFACE_STYLE_FILL_AREA(#13463);
#13463 = FILL_AREA_STYLE('',(#13464));
#13464 = FILL_AREA_STYLE_COLOUR('',#13246);
#13465 = STYLED_ITEM('color',(#13466),#657);
#13466 = PRESENTATION_STYLE_ASSIGNMENT((#13467));
#13467 = SURFACE_STYLE_USAGE(.BOTH.,#13468);
#13468 = SURFACE_SIDE_STYLE('',(#13469));
#13469 = SURFACE_STYLE_FILL_AREA(#13470);
#13470 = FILL_AREA_STYLE('',(#13471));
#13471 = FILL_AREA_STYLE_COLOUR('',#13246);
#13472 = STYLED_ITEM('color',(#13473),#682);
#13473 = PRESENTATION_STYLE_ASSIGNMENT((#13474));
#13474 = SURFACE_STYLE_USAGE(.BOTH.,#13475);
#13475 = SURFACE_SIDE_STYLE('',(#13476));
#13476 = SURFACE_STYLE_FILL_AREA(#13477);
#13477 = FILL_AREA_STYLE('',(#13478));
#13478 = FILL_AREA_STYLE_COLOUR('',#13246);
#13479 = STYLED_ITEM('color',(#13480),#706);
#13480 = PRESENTATION_STYLE_ASSIGNMENT((#13481));
#13481 = SURFACE_STYLE_USAGE(.BOTH.,#13482);
#13482 = SURFACE_SIDE_STYLE('',(#13483));
#13483 = SURFACE_STYLE_FILL_AREA(#13484);
#13484 = FILL_AREA_STYLE('',(#13485));
#13485 = FILL_AREA_STYLE_COLOUR('',#13246);
#13486 = STYLED_ITEM('color',(#13487),#731);
#13487 = PRESENTATION_STYLE_ASSIGNMENT((#13488));
#13488 = SURFACE_STYLE_USAGE(.BOTH.,#13489);
#13489 = SURFACE_SIDE_STYLE('',(#13490));
#13490 = SURFACE_STYLE_FILL_AREA(#13491);
#13491 = FILL_AREA_STYLE('',(#13492));
#13492 = FILL_AREA_STYLE_COLOUR('',#13246);
#13493 = STYLED_ITEM('color',(#13494),#748);
#13494 = PRESENTATION_STYLE_ASSIGNMENT((#13495));
#13495 = SURFACE_STYLE_USAGE(.BOTH.,#13496);
#13496 = SURFACE_SIDE_STYLE('',(#13497));
#13497 = SURFACE_STYLE_FILL_AREA(#13498);
#13498 = FILL_AREA_STYLE('',(#13499));
#13499 = FILL_AREA_STYLE_COLOUR('',#12807);
#13500 = STYLED_ITEM('color',(#13501),#834);
#13501 = PRESENTATION_STYLE_ASSIGNMENT((#13502));
#13502 = SURFACE_STYLE_USAGE(.BOTH.,#13503);
#13503 = SURFACE_SIDE_STYLE('',(#13504));
#13504 = SURFACE_STYLE_FILL_AREA(#13505);
#13505 = FILL_AREA_STYLE('',(#13506));
#13506 = FILL_AREA_STYLE_COLOUR('',#12807);
#13507 = STYLED_ITEM('color',(#13508),#865);
#13508 = PRESENTATION_STYLE_ASSIGNMENT((#13509));
#13509 = SURFACE_STYLE_USAGE(.BOTH.,#13510);
#13510 = SURFACE_SIDE_STYLE('',(#13511));
#13511 = SURFACE_STYLE_FILL_AREA(#13512);
#13512 = FILL_AREA_STYLE('',(#13513));
#13513 = FILL_AREA_STYLE_COLOUR('',#12807);
#13514 = STYLED_ITEM('color',(#13515),#890);
#13515 = PRESENTATION_STYLE_ASSIGNMENT((#13516));
#13516 = SURFACE_STYLE_USAGE(.BOTH.,#13517);
#13517 = SURFACE_SIDE_STYLE('',(#13518));
#13518 = SURFACE_STYLE_FILL_AREA(#13519);
#13519 = FILL_AREA_STYLE('',(#13520));
#13520 = FILL_AREA_STYLE_COLOUR('',#12807);
#13521 = STYLED_ITEM('color',(#13522),#915);
#13522 = PRESENTATION_STYLE_ASSIGNMENT((#13523));
#13523 = SURFACE_STYLE_USAGE(.BOTH.,#13524);
#13524 = SURFACE_SIDE_STYLE('',(#13525));
#13525 = SURFACE_STYLE_FILL_AREA(#13526);
#13526 = FILL_AREA_STYLE('',(#13527));
#13527 = FILL_AREA_STYLE_COLOUR('',#12807);
#13528 = STYLED_ITEM('color',(#13529),#939);
#13529 = PRESENTATION_STYLE_ASSIGNMENT((#13530));
#13530 = SURFACE_STYLE_USAGE(.BOTH.,#13531);
#13531 = SURFACE_SIDE_STYLE('',(#13532));
#13532 = SURFACE_STYLE_FILL_AREA(#13533);
#13533 = FILL_AREA_STYLE('',(#13534));
#13534 = FILL_AREA_STYLE_COLOUR('',#12807);
#13535 = STYLED_ITEM('color',(#13536),#963);
#13536 = PRESENTATION_STYLE_ASSIGNMENT((#13537));
#13537 = SURFACE_STYLE_USAGE(.BOTH.,#13538);
#13538 = SURFACE_SIDE_STYLE('',(#13539));
#13539 = SURFACE_STYLE_FILL_AREA(#13540);
#13540 = FILL_AREA_STYLE('',(#13541));
#13541 = FILL_AREA_STYLE_COLOUR('',#12807);
#13542 = STYLED_ITEM('color',(#13543),#988);
#13543 = PRESENTATION_STYLE_ASSIGNMENT((#13544));
#13544 = SURFACE_STYLE_USAGE(.BOTH.,#13545);
#13545 = SURFACE_SIDE_STYLE('',(#13546));
#13546 = SURFACE_STYLE_FILL_AREA(#13547);
#13547 = FILL_AREA_STYLE('',(#13548));
#13548 = FILL_AREA_STYLE_COLOUR('',#12807);
#13549 = STYLED_ITEM('color',(#13550),#1013);
#13550 = PRESENTATION_STYLE_ASSIGNMENT((#13551));
#13551 = SURFACE_STYLE_USAGE(.BOTH.,#13552);
#13552 = SURFACE_SIDE_STYLE('',(#13553));
#13553 = SURFACE_STYLE_FILL_AREA(#13554);
#13554 = FILL_AREA_STYLE('',(#13555));
#13555 = FILL_AREA_STYLE_COLOUR('',#12807);
#13556 = STYLED_ITEM('color',(#13557),#1030);
#13557 = PRESENTATION_STYLE_ASSIGNMENT((#13558));
#13558 = SURFACE_STYLE_USAGE(.BOTH.,#13559);
#13559 = SURFACE_SIDE_STYLE('',(#13560));
#13560 = SURFACE_STYLE_FILL_AREA(#13561);
#13561 = FILL_AREA_STYLE('',(#13562));
#13562 = FILL_AREA_STYLE_COLOUR('',#12807);
ENDSEC;
END-ISO-10303-21;
